Feature_1,Feature_2,Feature_3,Feature_4,Feature_5,Feature_6,Feature_7,Feature_8,Feature_9,Feature_10,Feature_11,Feature_12,Feature_13,Feature_14,Feature_15,Feature_16,Feature_17,Feature_18,Feature_19,Feature_20,Feature_21,Feature_22,Feature_23,Feature_24,Feature_25,Feature_26,Feature_27,Feature_28,Feature_29,Feature_30,Feature_31,Feature_32,Feature_33,Feature_34,Feature_35,Feature_36,Feature_37,Feature_38,Feature_39,Feature_40,Feature_41,Feature_42,Feature_43,Feature_44,Feature_45,Feature_46,Feature_47,Feature_48,Feature_49,Feature_50,Feature_51,Feature_52,Feature_53,Feature_54,Feature_55,Feature_56,Feature_57,Feature_58,Feature_59,Feature_60,Feature_61,Feature_62,Feature_63,Feature_64,Feature_65,Feature_66,Feature_67,Feature_68,Feature_69,Feature_70,Feature_71,Feature_72,Feature_73,Feature_74,Feature_75,Feature_76,Feature_77,Feature_78,Feature_79,Feature_80,Feature_81,Feature_82,Feature_83,Feature_84,Feature_85,Feature_86,Feature_87,Feature_88,Feature_89,Feature_90,Feature_91,Feature_92,Feature_93,Feature_94,Feature_95,Feature_96,Feature_97,Feature_98,Feature_99,Feature_100,Feature_101,Feature_102,Feature_103,Feature_104,Location,Recording,Filename
-159.97462,21.684065,-6.636372,-177.39162,-141.63808,47.700294,9.256035,-0.847084,35.88813,58.30007,-11.246921,8.495218,0.037538026,-22.449362,-0.8504461,12.5537815,7.376711,-0.02099377,3.2132614,21.891706,-9.746881,6.0560384,-0.25557137,-17.409363,-2.1673281,-4.815263,5.0821204,-0.106244646,-11.232975,1.5061705,-9.234285,4.821553,0.07024264,-15.353627,-3.1712313,1.1636623,4.7718143,-0.13613576,-4.8416233,7.2920184,-1.6709087,5.160738,0.059689406,-7.9014435,4.5236254,-0.11443086,4.138149,-0.07776621,-5.647603,5.2939196,-0.53201085,4.1587415,0.070650704,-5.5945334,4.5155773,-0.065137744,4.1417747,-0.00091097876,-5.2793655,5.4879227,0.8805715,4.313997,-0.14360431,-4.718111,6.3830976,1.233698,3.971925,-0.004491764,-3.7566483,6.555116,-2.1822386,4.0415773,-0.13843736,-7.3004265,3.0650876,0.5673884,4.3256764,-0.15783931,-4.7152743,6.0542545,0.50133413,3.601277,0.092619166,-3.751013,5.102521,-0.26651096,3.5733197,-0.106824204,-4.8562284,4.373252,-0.72907734,3.5503373,0.028375672,-5.0899334,3.7756214,0.19693534,3.4598265,0.2927002,-4.0926294,4.6937513,0.16318421775159744,1923.896203524174,0.044943113,0.10945039,location_A,part1,clip_001.wav
-166.90172,14.794152,0.28415453,-186.21277,-148.06601,46.463318,7.237769,-0.5957503,38.127472,55.190056,-16.436586,7.5156097,0.14568686,-26.220882,-5.9058666,9.326493,6.9121037,0.37086618,1.1911036,17.636974,-12.466867,5.274178,-0.18519472,-19.087439,-5.697195,-5.3995233,4.8758636,-0.051382534,-12.182064,1.0459583,-10.9505825,4.6361284,0.115023375,-16.616364,-5.0568986,0.42212406,4.630615,0.026492441,-5.545759,6.236295,-0.53980786,4.6143527,0.09720158,-6.400837,5.213173,1.6466842,4.222436,0.1390277,-3.5497298,7.19515,0.17671031,4.6082973,-0.09309755,-5.445862,5.9234724,-0.39740306,4.133596,-0.09922983,-5.562315,4.9896817,0.11484371,4.3016376,0.036665987,-5.4759226,5.6376753,1.0250177,4.4311137,0.08293601,-4.1962914,6.79631,-2.3330522,3.83315,-0.028803922,-7.04317,2.3904026,0.7513596,3.8055246,-0.027283955,-4.268711,5.6461716,-0.9500897,3.9950418,0.14340217,-5.8966093,4.199174,-0.43786836,4.094042,0.08118281,-5.7434874,4.800798,-0.23338544,3.5662048,-0.0043190815,-4.7432823,4.2242184,0.090596505,3.2355232,0.052654773,-3.9424071,4.312454,0.1668377471046326,1939.0166871055415,0.041711345,0.16182248,location_A,part1,clip_002.wav
-178.99722,10.584959,0.16821526,-192.25656,-164.29008,55.025272,7.0174375,-0.61827654,45.760445,63.19244,-13.561868,7.007625,-0.11288898,-21.616169,-4.249196,11.750623,7.36178,-0.017168634,2.6520207,21.209972,-8.111555,5.68119,-0.2188129,-15.504969,-1.099533,-2.726245,5.5574613,-0.06881368,-9.917487,4.0035048,-8.505538,5.2534833,-0.14790268,-15.6640215,-2.1204953,2.2169173,4.7725825,-0.042411547,-4.1190543,8.267452,-0.43965253,4.4189634,-0.26996678,-6.145605,5.003536,1.2881596,4.347847,0.08883821,-4.0398846,6.889201,1.7791088,4.448241,-0.10953607,-4.2460046,7.601916,0.70212287,4.1838236,-0.09356364,-4.3336487,5.9057293,0.5331665,3.9660938,0.0090533765,-4.566184,5.6481395,0.7372232,4.156201,-0.004154612,-4.879427,5.7597876,-1.8974404,3.7785099,0.10956476,-6.656989,2.8733242,1.5706642,3.8007705,0.15017293,-3.23092,6.5897975,-0.36400634,3.7401938,-0.18272565,-5.0573683,4.2945404,0.27596,3.6244338,-0.013145324,-4.358347,4.874563,-0.2578514,3.6869643,0.007781744,-5.224641,4.454228,0.0744879,3.1349118,-0.08599186,-4.0137362,4.01304,0.14200560353434505,1736.2209793377858,0.030213762,0.17716701,location_A,part1,clip_003.wav
-194.5329,22.1732,3.0447674,-213.79907,-179.0494,50.549503,12.578026,-2.2525358,38.96557,61.208717,-15.255656,7.4788666,0.19052848,-24.712109,-5.8815956,9.856718,5.897457,0.021066202,2.222045,17.023937,-10.000282,5.451787,-0.08309498,-16.904896,-2.8633132,-4.67035,4.4848275,-0.09235013,-10.117123,0.91400415,-9.67432,5.155943,-0.17076948,-16.218037,-3.110631,-0.3474908,4.31885,-0.06675041,-5.9396524,5.1286907,-0.73723316,4.2410235,-0.10637814,-6.0979204,4.664565,-0.1575601,4.5917206,-0.17258365,-6.078825,5.7738414,1.2659479,4.1211667,0.15941563,-4.1027346,6.7025146,0.39443976,4.3505073,0.05311924,-5.100424,6.164447,-0.62900966,4.16571,-0.13828857,-6.1438556,4.618645,0.5720929,3.8054388,0.16947252,-4.182387,5.3186436,-2.3791022,3.7461023,-0.075540826,-7.0912356,2.5112233,0.087919585,3.8210273,0.12102086,-4.6827154,5.129713,-0.13136928,3.8311388,-0.07100881,-5.0559864,4.624316,0.12509792,3.3514726,-0.075078644,-4.372365,4.1543407,-1.0898107,3.2100792,0.072222225,-5.344519,3.011561,-0.10349904,3.2387614,0.079956025,-4.150668,4.005002,0.15609087959265175,1846.660049546487,0.039555524,0.047090255,location_A,part1,clip_004.wav
-181.55676,9.417584,0.76749897,-192.64487,-170.0318,53.215584,6.9290147,-0.7185283,44.75476,61.020264,-13.917524,6.5561914,-0.0063358294,-22.425623,-5.712536,9.135837,7.2214375,-0.11810107,0.4932739,18.1792,-10.487361,5.5530353,0.19764593,-17.467781,-3.69312,-6.7766604,4.821051,-0.10325273,-12.904411,-0.375022,-10.465226,4.6154947,-0.026689501,-16.37656,-4.4488,2.4787612,4.265325,0.014011436,-2.766971,7.8018227,-0.4250815,4.336848,-0.04917808,-5.843439,5.1143546,1.4309716,4.9364047,-0.18074982,-5.3404403,7.985143,2.6722038,4.1508265,-0.015043933,-2.6794384,8.24204,1.0459665,4.600363,-0.18617882,-5.0808105,6.743907,-0.67978257,3.764638,-0.02637858,-5.5541954,4.1896157,-0.9458237,3.7641315,0.079019904,-5.840822,3.9995983,-2.7211614,3.3263042,-0.043564472,-6.9034033,1.5809516,-1.0951122,3.8509269,0.111278735,-5.8516893,3.9084456,-1.3229175,3.4356086,-0.004177803,-5.686104,3.0998273,0.18209787,3.3060668,-0.110704675,-4.309783,4.3844166,-1.2410532,3.0381324,0.20544069,-4.951883,2.5546622,-0.22894888,3.1330552,0.100419275,-4.1636734,3.7131038,0.1392833965654952,1777.8244022966337,0.03073434,0.1439135,location_A,part1,clip_005.wav
-194.1106,16.08546,1.632755,-212.05348,-176.36292,51.63591,9.314756,-0.83839375,39.48721,61.54272,-12.744495,7.9691305,0.15282182,-22.64723,-2.6968527,9.654909,6.798215,-0.07671274,0.62119853,18.340275,-10.9632845,5.6696773,-0.07316321,-18.117258,-3.8437276,-8.83604,5.346702,0.037767816,-15.559645,-1.883146,-11.325879,5.1605206,-0.21332684,-17.742577,-4.8685474,0.9408793,4.97003,-0.05179911,-5.68668,7.3681617,-1.0007157,4.7469606,0.021137401,-6.8855305,5.1406317,2.111152,4.3246307,-0.013914317,-3.6232085,7.443602,3.3986187,4.806781,-0.17781492,-2.981824,9.312827,0.937143,4.27493,0.082339,-4.366064,6.58901,-1.1632426,4.0865746,0.058341958,-6.33854,4.0225563,-0.08425921,4.1723633,0.07883194,-5.31888,5.3338003,-2.855443,3.8272727,-0.020803832,-7.776322,2.1098988,-1.6414402,3.8222349,0.12208119,-6.6979723,3.2454815,-1.3735735,3.483761,0.042493504,-5.6403456,3.2123294,0.591722,3.5456285,0.13647717,-3.7990649,5.2473145,-0.5222573,3.5236368,0.36559588,-4.7628465,3.9278731,-0.63707674,3.3222303,0.0033069646,-4.921316,3.5300772,0.14020223891773162,1807.994506433037,0.030538334,0.08531127,location_A,part1,clip_006.wav
-193.06255,17.406141,1.1219568,-212.96674,-170.94925,48.83667,8.334737,-0.42810118,38.12593,59.449966,-11.655425,7.193143,-0.008405911,-20.859322,-2.783213,11.141216,6.496516,-0.02852504,2.4457617,19.441864,-10.302283,5.391758,-0.06106089,-17.30041,-3.5371966,-5.0826135,4.95843,-0.0051105837,-11.336935,1.2090294,-9.702191,4.8974204,0.08136771,-15.78513,-3.3810558,2.1362617,4.632388,-0.08007355,-3.8656025,7.9248266,-2.7546463,4.51727,-0.1403669,-8.5772705,3.0548062,0.0116931405,4.5129547,-0.15456912,-5.7950993,5.7836285,0.25875837,4.52526,0.15252756,-5.5782223,6.0847807,-1.0935919,4.403353,0.071624786,-6.685635,4.3527784,0.08493533,4.483474,-0.27688107,-5.7245793,5.43026,0.7036105,3.8768978,0.063719735,-4.555408,5.7228775,-2.0636356,4.0510373,-0.10604579,-7.257264,3.2206306,-1.2729732,3.919775,0.1005222,-6.049137,3.6778684,-0.8158637,3.5427575,-0.1342361,-5.2969556,3.7858028,0.05309955,3.6052372,0.16979563,-4.472669,4.5781984,-1.1346332,3.2930634,-0.052333966,-5.593897,2.981782,-0.049358785,3.3199723,-0.10836424,-4.2762117,4.18482,0.1573482428115016,1892.8195950455101,0.04190429,0.120668575,location_A,part1,clip_007.wav
-298.057,33.004787,1.20955,-340.6574,-264.57516,43.471302,12.488843,-0.5669741,25.376778,58.038765,-9.735867,10.14367,-0.8681487,-20.98349,1.6968095,8.137664,9.02742,-0.9930776,-1.4891816,17.934769,-8.161168,6.638642,-0.2540574,-15.4176445,0.13135934,-3.7272937,5.3150816,-0.016857838,-10.396502,2.9829764,-11.536583,6.055851,0.31234884,-19.034422,-4.24194,0.8187894,5.189268,-0.037117396,-5.910003,7.638386,-0.5036413,4.6619573,-0.051856987,-6.6430645,5.237529,1.3863617,4.5819254,0.09008136,-4.5409193,7.3188443,-0.15892631,4.2140193,0.047673438,-5.5599766,5.348296,1.8493139,4.1105804,-0.049564548,-3.6000063,7.164069,-0.7184627,4.1806407,0.15964745,-5.865615,4.673459,1.3012044,3.9269524,0.26342803,-3.5667167,6.257969,-0.35411298,3.6808584,0.012298079,-5.095559,4.5942454,-0.042879514,3.996872,0.102099024,-5.3155193,4.9963465,0.37465933,3.6207235,0.061379753,-4.3855705,5.0582395,-0.33465537,3.6287436,0.058745023,-5.0914907,4.2692814,-0.805187,3.5856075,0.036260746,-5.229167,3.7269428,0.8801785,3.284233,-0.22747324,-3.386607,4.883422,0.1736752446086262,2037.8427844431933,0.05932581,0.01666322,location_A,part1,clip_008.wav
-215.2215,16.820242,0.21064156,-237.99294,-193.95143,45.965347,8.542572,-0.3319249,34.363323,56.018837,-6.571137,7.252515,0.15489426,-15.341562,3.0064182,11.926388,6.6615834,-0.60492927,4.0598793,19.801437,-7.2175317,6.031946,-0.29942468,-15.097534,0.120487414,-3.8421383,5.138517,-0.26579818,-10.411655,2.484616,-11.262345,4.7829123,-0.2521561,-17.302925,-5.3584204,0.0103111,5.1806602,-0.3715361,-6.715584,6.235746,-1.0646651,4.6205153,0.3301236,-6.8249693,4.8285685,0.87743163,4.5927663,0.17468283,-5.0008416,6.877013,-0.048702367,3.9883802,0.18500182,-4.8900704,5.0350866,1.7019353,3.9904723,0.17561294,-3.258953,6.778351,-0.86863685,4.1077094,-0.15806179,-6.111478,4.3558187,0.58587027,3.9537163,0.018109353,-4.4483085,5.6657653,-1.6158623,3.954148,0.018398976,-6.7999654,3.8250852,0.17001684,3.9201841,-0.04509814,-4.5526276,5.3282785,0.0026438406,3.7980547,0.11642655,-4.9077725,4.7881885,-0.73166436,3.333618,-0.014811003,-5.07758,3.661562,-0.52273494,3.2748494,-0.031079018,-4.4419293,3.522408,0.35329434,3.2104208,-0.0030512838,-3.769183,4.254732,0.15937312799520767,1969.2977210603428,0.051614903,0.050082482,location_A,part1,clip_009.wav
-182.68565,18.427958,1.1321917,-203.2174,-163.28775,45.96452,10.35529,-1.3441244,33.775608,57.196175,-4.5282116,8.257108,0.51467395,-14.014209,6.900089,13.297405,7.9573784,0.055675466,2.9187417,23.089287,-5.5202913,6.2563443,-0.021445781,-13.658149,1.8465079,-0.41898197,5.3751273,-0.050726764,-7.691127,6.313676,-8.646385,5.353655,0.33837926,-15.41283,-1.3907104,0.4459731,4.816746,-0.11195715,-5.578241,6.5542073,-0.5105656,4.521605,-0.014786602,-6.2582226,5.314531,2.6194491,4.6079946,0.12280374,-3.5651836,8.451515,0.37073898,4.563936,-0.18812142,-5.696706,5.970228,1.7286804,3.9149544,0.00966357,-3.3971906,6.8656178,0.002178699,4.2101674,-0.280515,-5.0724726,5.1544237,1.3129339,3.8397977,0.022076715,-3.619588,6.0027328,-1.421354,3.8658128,0.075917214,-6.3431005,3.5364804,0.31769195,3.8309622,0.1311401,-4.572772,5.418578,-0.819336,3.4971015,0.020525683,-5.2163506,3.6641736,-0.80053407,3.303092,-0.17735998,-4.9822,3.361637,-1.2593236,3.5368063,-0.09355745,-5.514162,3.3663402,-0.28134707,3.4318283,0.2922453,-4.56315,4.232515,0.15749332318290735,1983.8889662624188,0.05291701,0.03844044,location_A,part1,clip_010.wav
-214.29907,16.757826,0.19564123,-235.60779,-190.80238,46.859722,9.360434,-0.6892009,35.499763,58.149902,-5.8316507,8.957702,-0.37173972,-18.023157,5.1305137,12.233202,7.851119,-0.028856583,1.7700392,21.70304,-6.203192,5.778878,-0.23792452,-14.1203,0.95529,-2.4795043,5.13593,0.26428336,-8.812981,3.6242251,-11.464798,5.4901643,-0.3748352,-18.22507,-4.661929,0.3000549,5.4886045,-0.061182167,-6.318225,7.6851625,-0.5777413,4.561235,0.08897645,-6.355998,5.1623535,2.0438893,4.4256043,0.05211533,-3.4329572,7.8863435,0.63690215,4.1153617,-0.19252843,-4.8076344,5.7052526,1.355423,4.0473175,0.035734672,-3.6076837,6.558035,1.492415,4.1150737,-0.049061757,-4.041343,6.768398,0.86538804,3.742395,-0.025503732,-3.8757377,5.696702,-1.4720157,3.904327,-0.04005082,-6.3762774,3.6076796,0.93791646,3.5429394,0.15475339,-3.501411,5.6003976,-1.1381352,3.6430948,-0.18845391,-5.8708763,3.3472407,-0.67924726,3.5704386,0.12042315,-5.4080114,4.008958,-0.46909314,3.4165134,0.006024476,-4.8148117,3.9668727,-0.35256752,2.9663227,0.030779062,-4.178507,3.379665,0.15537171775159744,1939.0185161641473,0.04734796,0.13034442,location_A,part1,clip_011.wav
-182.15147,14.562701,0.5877128,-199.77948,-161.60757,49.347393,9.119257,-0.45748526,37.09941,60.184433,-4.6019683,9.011748,-0.059445787,-16.788738,6.5170307,12.220957,8.147223,0.20279999,1.8768663,22.420551,-5.9220138,5.973913,-0.13406178,-13.144472,1.377029,-1.7609098,5.2510834,-0.07000958,-8.501806,5.1117268,-8.464665,4.9097915,0.222228,-14.630596,-2.3752713,0.2078306,5.1233444,-0.19536392,-5.7978125,6.5609922,0.50436753,5.561791,-0.04827317,-6.7021685,8.053366,3.5212467,4.7283044,-0.055955213,-2.2083325,9.500294,1.3453429,4.342209,-0.19197442,-3.9853046,6.841958,2.3676958,4.812236,-0.0597358,-3.8250973,8.3098955,1.7389038,4.5125203,-0.06227046,-3.8833609,7.5091558,1.6068428,4.135434,-0.17766437,-3.7517118,6.703208,-1.2916788,3.9055376,0.12398451,-6.1970882,3.8103898,0.5778481,3.4215915,0.05082629,-3.863972,5.034503,0.15932743,3.84489,0.074355155,-4.8891473,5.052288,0.43518615,3.572095,-0.043852266,-4.0541453,4.80184,-0.44655338,3.301676,-0.009332589,-4.6150675,3.721852,0.50599563,3.2522187,0.163947,-3.5420537,4.6756887,0.14827837959265175,1872.4078075843195,0.039534632,0.13161615,location_A,part1,clip_012.wav
-194.07433,15.383664,0.7111313,-212.74724,-174.68533,45.278694,9.187386,-0.69963324,34.587082,56.184086,-6.0458546,8.416515,-0.17731415,-17.472816,4.8505025,9.816791,7.1549926,0.056843497,0.64805496,19.292873,-7.4151173,5.933708,-0.2765181,-15.107674,-0.039942145,-1.3855329,5.64347,0.13363175,-8.329889,6.2537274,-8.147637,4.8605027,-0.04477052,-14.388355,-1.6417812,1.8262516,5.085964,-0.4046186,-4.748741,8.067252,-0.15495281,4.9175916,-0.07797034,-6.542245,5.8754015,1.8143048,4.7236657,0.14645435,-4.2767324,7.585842,0.85737604,4.295488,0.018770488,-4.637704,6.343669,1.8813947,4.354518,0.08671125,-3.6811862,7.4151983,0.79775226,4.2098856,-0.08866221,-4.8936415,6.1229963,1.5428756,3.9246898,0.013653027,-3.3969996,6.6265426,0.09466015,3.6695454,-0.10268802,-4.473362,4.8512373,1.5547315,3.832326,-0.2258128,-3.3100965,6.3219156,0.537737,3.972725,-0.033518057,-4.6715727,5.6348515,0.9494455,3.5119898,-0.12241776,-3.3133817,5.489964,-0.8343802,3.3496628,-0.08929335,-5.0627728,3.3351345,0.79004735,3.0650768,0.06619831,-3.076324,4.5662403,0.16303601737220447,2018.7241125388302,0.05500802,0.09503464,location_A,part1,clip_013.wav
-158.58963,14.530688,-0.032329146,-177.96324,-140.59424,44.261024,7.732542,-0.7492521,34.723183,53.07228,-8.392553,7.122707,-0.060165804,-17.928501,0.86469376,9.535,7.085882,0.0042274273,0.3026955,18.985796,-7.948651,5.2476463,0.15606487,-14.42622,-1.37644,-0.058365494,5.200856,-0.09956814,-6.696199,6.3430276,-5.909611,4.9617887,-0.23640415,-12.032148,0.20110238,5.134142,4.796364,0.08839866,-0.7669177,11.077934,1.9635032,4.553586,-0.050225314,-3.9394815,7.78195,3.7189116,4.2100673,-0.094928965,-1.8209703,9.214106,0.4156818,3.9487605,0.1364719,-4.549226,5.4963174,2.934696,3.97521,-0.2445007,-2.3495684,7.934246,3.8184907,3.8697555,0.053996246,-1.1818187,8.877988,2.6341705,4.038179,-0.14749026,-2.3430052,7.6771545,0.21096633,3.6818163,0.063397534,-4.450489,4.992463,0.588017,3.5403488,0.040197603,-3.9213042,5.138641,0.017814338,3.75063,0.11495314,-4.7403297,4.889514,0.54556704,3.4716687,-0.045122124,-3.6714373,4.9459715,0.23442298,3.4131105,0.24741201,-3.9089365,4.661334,0.63769054,3.2962942,-0.07599324,-3.4400845,4.5377054,0.1697362345247604,2039.753278680616,0.056964874,0.09943947,location_A,part1,clip_014.wav
-184.24426,11.995902,0.645286,-199.18193,-169.08932,47.26406,7.9425592,-0.87786275,37.687145,56.689835,-9.270356,8.398234,-0.07865966,-20.552036,1.0191172,11.426304,7.701905,0.16182594,1.9996171,21.019539,-6.69206,5.4291263,0.26952264,-13.685221,0.7408072,-2.0949636,5.329986,0.031047085,-9.168637,4.6503553,-8.511669,5.365711,0.20052911,-15.220815,-1.8487611,2.5684216,5.176963,0.023097308,-4.095396,9.186898,2.3408322,4.6620297,-0.14904793,-3.7066765,8.082846,3.6719449,4.470295,0.09267407,-2.0116708,9.51258,1.4561243,4.46573,-0.23696068,-4.223063,7.1825223,2.602125,4.723556,-0.05599352,-3.5084085,8.395128,1.5097066,4.0190887,-0.20547576,-3.4645166,6.400955,2.0115137,3.8742418,0.15733624,-2.628447,7.061315,-0.28802553,3.9510655,0.11441023,-5.3413115,4.9952707,1.207582,3.6433392,0.16492906,-3.3935084,5.8874135,1.3795199,3.681113,0.0834791,-3.2788095,6.157045,0.87088645,3.71011,0.10383336,-3.7797785,5.5601425,0.116633,3.5070834,0.1251777,-4.1687136,4.6031933,0.62178254,3.245756,0.18621992,-3.470116,4.7468233,0.1555323981629393,1927.2885474850507,0.044846863,0.090972476,location_A,part1,clip_015.wav
-180.40463,18.539963,0.5938193,-202.04324,-160.99571,47.229504,10.803333,-1.4242291,35.127487,58.74186,-10.080422,9.282445,0.03336386,-22.240067,1.4560164,7.618057,7.4326277,-0.052603304,-1.0331712,17.481422,-7.949408,5.948038,-0.016470978,-15.535699,0.10320073,-2.77422,5.621609,-0.023972234,-9.905497,4.587882,-9.847781,5.0357795,0.10445742,-15.822514,-3.2911992,1.7860829,5.668297,-0.31466836,-5.1123085,8.772547,0.7561057,4.849643,0.050418176,-5.445625,7.141409,3.427825,5.1998677,-0.031884298,-3.405387,9.907103,0.7397744,4.646124,-0.13843474,-5.249195,6.4179907,2.9619124,4.653245,-0.15546411,-3.158296,8.915157,0.61346596,4.302536,-0.014000068,-4.874163,6.4109926,1.8169787,4.1015244,-0.30935076,-3.5624905,6.9810853,-0.22304213,4.0872674,0.12438082,-5.361739,5.199721,0.61416876,3.8971686,-0.13767537,-4.3031282,5.464836,1.2184025,3.8959336,-0.08147117,-3.66272,6.351043,-0.09820386,3.4626627,-0.20640698,-4.6320744,4.2313113,0.27514902,3.716014,0.26796934,-4.1982775,4.774559,1.1313908,3.4449658,0.0877828,-3.135935,5.652075,0.16176149410942492,1974.6454745066935,0.04850401,0.11194601,location_A,part1,clip_016.wav
-170.56108,20.19889,-0.03899002,-196.27994,-144.53268,46.019043,9.301844,-0.5129635,34.227806,56.868996,-9.05091,6.986504,0.2529084,-17.799595,-0.18497926,11.787481,7.0944214,-0.09063358,3.556983,20.706818,-8.361884,5.5103507,-0.026366565,-15.593182,-1.2835461,-0.14290006,4.7779536,-0.13009486,-6.4353986,5.744501,-6.848908,4.972885,0.22325341,-13.208254,-0.4781363,2.1105871,4.4369307,-0.06785383,-3.6861424,7.8244944,2.8765442,4.6422057,0.11810953,-3.1224728,9.078192,3.270687,4.153605,0.12509623,-1.6848314,8.22146,-1.4675654,3.9538796,-0.00391648,-6.290925,3.6877975,2.33362,4.4636745,0.19323759,-3.3734908,7.766213,1.4706752,4.09969,0.099182405,-4.0580554,6.9127464,2.6020563,4.2717524,-0.014590944,-2.6524074,8.197588,-0.9565308,3.8681,-0.020680567,-5.9046736,3.902205,0.9197867,3.4550307,0.14314325,-3.3537712,5.052664,0.8115441,3.7158713,-0.014925115,-3.9312787,5.7454042,0.36235434,3.6344187,-0.3302506,-4.268491,4.573212,-0.29451838,3.2592673,0.031618454,-4.4142256,4.0353155,-0.02003863,3.169616,0.059009563,-4.165227,3.9491713,0.1727579622603834,1971.491593992496,0.05359892,0.09981422,location_A,part1,clip_017.wav
-182.50803,14.260078,0.28785437,-201.56181,-163.37755,48.75881,7.4557533,-0.25560686,38.697365,58.774555,-12.329992,7.999397,0.19609609,-22.16674,-1.6147096,10.807023,7.466043,-0.2145457,0.74352074,19.954506,-8.918166,6.215823,-0.12310764,-17.441387,-1.0754238,-1.2171878,5.2880244,0.09677579,-7.940317,5.698084,-8.071888,5.128517,-0.17733647,-14.680535,-1.8016121,2.9044914,4.786175,0.0014516105,-3.0234525,8.98615,3.6111026,4.441002,0.2625522,-1.9582498,9.221909,3.8315845,5.197921,0.31470922,-2.561466,10.824557,1.6242088,4.515947,-0.10221824,-4.4047785,7.4750414,2.653215,4.42826,0.2176839,-2.79548,8.130401,2.6359572,4.264441,-0.04727643,-2.9728746,8.094869,1.8788198,4.018815,-0.001639311,-3.3639884,7.1396313,-1.4818445,3.919363,-0.22911148,-6.4476304,3.4921167,0.54799587,3.5978966,0.0855061,-3.7801194,4.9324164,1.2473739,3.6157954,0.02660628,-3.1180449,5.781083,0.8602751,3.3705018,0.09415842,-3.4209752,5.2499886,0.028792318,3.3510144,0.30383387,-4.235197,4.2773147,0.9796559,3.135705,2.8050401e-05,-3.1476786,4.9698634,0.15525783746006389,1883.3203743614083,0.039831754,0.13506646,location_A,part1,clip_018.wav
-192.69595,14.919422,-0.02904869,-209.0859,-174.9564,47.837585,8.682218,-0.39000285,36.61862,58.397728,-13.780407,7.8547425,-0.13531192,-23.587833,-3.38375,8.691765,8.341717,0.2498617,-1.5046802,19.3785,-10.642333,5.80595,-0.36125794,-18.30709,-3.5078583,-2.8582413,5.476808,0.32505187,-9.545444,4.245174,-9.342474,5.7674904,-0.18790565,-17.125843,-1.8116555,1.6486018,5.0402427,-0.27101654,-4.753498,8.094416,0.2144757,5.0454664,0.21316236,-6.0704613,6.649291,1.4659884,4.590979,-0.04754926,-4.5804687,7.2043114,1.1984172,4.7278705,-0.031397253,-5.0163994,7.080687,1.5928645,4.5506406,0.029463701,-4.0861983,7.3133607,2.6709814,4.5616236,-0.28127277,-3.0536983,8.136642,2.589758,4.5819063,0.08700731,-2.8639593,8.783876,-1.3160641,4.082538,0.2500192,-6.354096,3.7653227,2.0201457,4.2283096,-0.14729978,-3.3810306,7.2376413,0.8262655,3.8821151,-0.010171447,-4.18362,5.977727,0.9203727,3.7121384,0.12662296,-3.5605726,5.7537985,0.8356755,3.5258908,0.030662319,-3.5959907,5.312398,1.0385414,3.7181025,0.44786838,-3.3437986,5.6247525,0.1632107378194888,1910.7594392323315,0.040410835,0.11229651,location_A,part1,clip_019.wav
-173.19272,13.33679,0.28256902,-190.21646,-155.77837,48.70744,8.815808,-0.63159233,35.78641,59.28487,-11.847135,7.977206,-0.2431267,-22.687187,-1.8935456,8.193531,7.7026715,-0.0027154721,-1.9927843,18.08893,-7.773659,6.0941763,-0.34191957,-15.7257,-0.20239562,-1.8071384,5.7061715,0.21928243,-8.621568,5.4849353,-8.699493,5.034273,-0.01025119,-15.280051,-2.4090133,2.9780235,4.8919635,0.20216832,-3.2298403,9.6838,1.0572716,4.0881653,0.019200228,-4.1695433,6.278862,1.4750109,4.309302,0.20473436,-3.953264,7.0676403,0.96425855,4.2756057,0.007970143,-4.5179563,6.6280365,1.4514371,4.6486125,0.09473251,-4.245645,7.490321,3.0656443,3.9995606,0.27677077,-2.2027483,8.118329,3.1754296,3.9814079,0.17421661,-1.8454473,8.452875,-0.11129232,3.714249,0.057500575,-4.872505,4.60816,1.1259356,3.6633952,-0.16024138,-3.5471299,5.6589375,0.009491271,3.881792,-0.21961378,-4.9001102,4.9316626,1.0649775,3.6854599,-0.09312219,-3.5226922,5.9009905,0.43101794,3.4362855,0.067504056,-4.0587482,4.75257,1.4291179,3.2417488,0.2839021,-2.580125,5.7762175,0.15786148412539935,1895.376611719233,0.042993296,0.17196852,location_A,part1,clip_020.wav
-195.39604,16.236502,-0.08019151,-216.83112,-178.78366,47.488144,8.363517,-1.1072329,37.27653,56.687225,-14.009602,7.709334,0.056842703,-24.11335,-3.73448,11.513018,8.4664345,-0.66082996,1.5601531,21.585754,-11.3486805,5.966823,-0.029761286,-18.94709,-3.6165142,-4.597445,5.241883,0.0017807703,-11.559005,1.8019838,-10.638017,5.263395,-0.11171265,-17.716322,-3.8062572,0.52516323,5.2730856,0.1922181,-5.7975283,7.701933,0.0635199,5.0717616,0.1458271,-6.4473085,6.7544875,1.3315344,4.8342338,-0.05948678,-4.933593,7.4184017,0.74550635,4.4828243,-0.07505691,-4.9602947,6.365654,2.1430798,4.5918965,0.09812554,-3.6425123,8.000073,3.0200546,4.546683,0.29237202,-2.6390483,9.21918,1.94086,4.3563385,0.13469732,-3.418767,7.5029044,-0.7765462,3.8811936,-0.014932228,-5.550016,4.2434483,1.981852,3.9396076,-0.16158941,-3.1635666,6.8662057,1.1658705,4.1708755,0.07392308,-3.928297,6.526507,2.2145598,3.483415,0.11594559,-2.1123722,6.6934624,0.32456902,3.375367,-0.047460016,-4.12667,4.5753903,0.7160813,3.2397559,0.024343317,-3.518761,4.851707,0.1587054462859425,1930.7363772729855,0.03871078,0.087699026,location_A,part1,clip_021.wav
-214.44406,17.638294,0.6062595,-235.80092,-191.33226,46.939655,8.029336,-0.3460957,36.81244,56.681686,-13.98789,8.448391,-0.028146682,-24.462944,-3.8321533,9.561356,7.5707846,-0.17078629,-0.3724913,18.939137,-10.673278,5.618245,-0.07237503,-18.068237,-3.569484,-2.09748,6.452557,0.5461329,-9.729791,6.938635,-8.39501,5.319933,-0.073130324,-15.308001,-1.5940089,3.2354586,5.6668925,0.3672231,-3.515054,10.832904,1.2495369,4.742501,-0.015787477,-5.016428,7.3202257,3.0972843,5.267175,0.032060076,-3.797549,9.77844,0.1689923,4.7277775,-0.084467575,-5.9982023,6.3698673,1.4145342,4.2782197,-0.033703156,-4.0080576,6.8176975,3.9547682,4.173107,-0.016198864,-1.5068452,9.402609,2.96158,4.4493833,0.012589624,-2.8682473,8.695859,0.1342721,3.9526174,0.14536825,-4.906085,5.1864204,1.6100512,4.045665,-0.19537714,-3.7985244,6.7958236,1.2625842,4.1281195,0.026940433,-3.892003,6.5125737,2.0098808,3.7229052,0.10778415,-2.6245856,7.1087656,0.67360574,3.657282,0.17227682,-3.9147983,5.5360556,1.0161616,3.4965134,-0.062697366,-3.345915,5.4010963,0.15999400958466453,1946.020966132845,0.040304534,0.045642562,location_A,part1,clip_022.wav
-210.50996,18.067396,0.37373364,-233.28087,-186.50887,41.541485,8.052178,-0.0051242537,32.031593,51.947197,-8.047345,8.155976,-0.48576218,-18.938126,1.9585822,14.999226,6.9521656,-0.15674609,5.508073,23.393738,-8.755926,5.4453144,-0.2798792,-15.642909,-2.0763345,3.1289423,6.3492055,-0.16979931,-5.495282,11.5272045,-8.098655,5.6110134,-0.21037295,-15.268557,-1.0233376,6.5646462,6.3445544,-0.19353777,-2.059447,14.207905,2.4318333,4.2184653,0.21593109,-2.7971344,8.171331,5.2405047,5.1325507,-0.11929609,-1.4810241,11.866518,2.8966947,4.7540016,0.012489292,-3.3867762,8.769091,3.2799387,5.0200806,0.12727404,-3.2211208,9.259747,2.6907873,4.7549605,-0.20674565,-3.9240775,8.634703,3.1931808,3.973765,0.020610463,-1.9509662,8.014292,-0.056022026,3.6832104,0.12880732,-4.677555,4.6437144,1.9053354,3.6812212,-0.22333434,-3.0456357,6.5016966,1.9821179,3.7763064,-0.3836667,-3.1718822,6.554009,0.85917604,3.4091198,-0.09490047,-3.5276022,5.312617,0.7867933,3.2186737,-0.11567428,-3.3993573,4.827844,0.9799525,2.9292347,0.06432898,-2.859654,4.894754,0.15518919728434505,2095.32724520492,0.0480086,0.050404582,location_A,part1,clip_023.wav
-170.14809,15.981108,0.22316329,-191.22801,-150.65016,49.09799,8.524903,-0.67920417,38.7054,58.758034,-11.441727,8.195185,-0.2695825,-21.832336,-1.4279692,13.761236,8.0588255,-0.112384036,3.7763424,23.9077,-6.957357,6.2668447,-0.29579526,-15.205648,0.818469,-1.6777507,5.4125795,0.068912975,-8.561129,5.313777,-9.366858,5.2006783,-0.06801038,-16.171377,-2.4220169,3.9187896,5.7924457,-0.02916288,-3.4785109,11.697962,2.1332455,5.7426457,-0.046014484,-4.99458,9.324161,4.324887,5.04589,-0.09357441,-2.5698025,10.909901,2.5870214,4.732894,0.28209072,-3.3579369,8.749344,1.9940081,4.170827,-0.13684817,-3.299116,7.358536,2.0196848,5.053065,-0.08989387,-4.6915865,8.587882,3.0217512,3.9698238,-0.07112249,-2.1488287,8.068947,0.56184405,4.012953,-0.069646336,-4.818785,5.579006,2.5023608,4.1063547,0.11521046,-2.5782456,7.7253633,1.9746634,3.8679676,-0.05290331,-3.2666986,6.7600636,1.222168,3.5273745,-0.010720654,-3.3795936,5.807309,1.1718377,3.783879,-0.096736796,-3.372772,5.881381,1.2394882,3.3197758,-0.15295812,-2.873783,5.4620905,0.152463870307508,1907.4586464142592,0.037522625,0.10242073,location_A,part1,clip_024.wav
-171.1919,14.479631,-0.30137905,-191.62,-152.99435,47.49608,7.974724,-0.3000581,37.12022,57.38696,-20.044905,8.63605,-0.012935718,-30.909355,-9.271332,11.503528,7.548228,0.06152076,2.1140218,21.309282,-12.219883,6.7642865,0.14980997,-20.680878,-3.5275683,-4.3798385,6.0863276,0.11911918,-12.124237,3.6055844,-11.015623,6.0232673,0.23418224,-18.560354,-2.9938731,1.0213275,5.6617827,0.26189208,-5.9018497,8.444611,-1.2190709,4.7226195,-0.06870066,-7.4308496,4.632803,2.5558007,4.845944,-0.16187362,-3.9036996,8.603114,0.051567208,4.8690667,0.18337306,-6.3860397,6.3345695,1.0779158,4.4556217,-0.0049029533,-4.8072376,6.9315805,1.2960335,4.451092,0.018497096,-4.5005846,7.027013,2.2908726,4.2003856,0.08895726,-3.067511,7.4988313,-0.3322919,4.0294967,-0.06530892,-5.2209826,4.9321384,0.555444,3.8016472,-0.08398277,-4.207548,5.389564,0.9140639,3.8354597,0.01753053,-3.9899802,6.039254,-0.037682097,3.8121018,-0.009286862,-4.7458534,4.7617326,0.47606522,3.740523,0.13371034,-4.2494526,5.25707,0.37707275,3.6670048,-0.06285373,-4.396517,5.1728306,0.16933531349840256,1918.2911962037474,0.03312007,0.17014389,location_A,part1,clip_025.wav
-190.1806,13.672482,0.27457592,-206.83104,-170.37038,42.851395,6.4179163,-0.14346632,34.530094,50.461693,-11.059234,7.266112,-0.9162462,-20.384857,-2.6071892,11.096612,6.3722835,-0.35710773,2.9197707,19.040306,-7.6476107,5.902055,-0.39352462,-15.686009,-0.74004424,-1.383839,5.23976,0.2791818,-8.005067,5.6187706,-7.9775147,4.8817997,-0.21146356,-14.08729,-1.8134319,5.936077,4.636255,0.19473177,0.04343331,12.2723465,-1.152461,4.338911,0.16007619,-6.4661813,4.769251,3.633854,4.4660354,0.09815176,-2.044673,9.35384,1.2626892,4.099551,-0.22383346,-4.0463567,6.49048,0.9393109,3.919161,-0.016193712,-3.8034513,5.844904,2.5191228,4.188108,0.18775357,-2.7641058,7.6509237,1.5696871,3.55311,-0.15210459,-2.9648628,6.001005,-0.48307082,3.5744445,-0.077416904,-5.094527,3.9951591,0.94218475,3.6467633,0.2380657,-3.4443705,5.585577,-0.10139659,3.476944,0.028204741,-4.6020775,4.454256,0.10214733,3.8411117,-0.08096531,-5.057946,4.96963,-0.7197775,3.334621,0.077875346,-4.9852066,3.6351004,0.54841536,3.3354726,0.037027985,-3.8802288,4.6317406,0.17773281499600638,2056.5306789179217,0.05725992,0.09240098,location_A,part1,clip_026.wav
-217.42049,13.914797,0.9610384,-234.87161,-201.069,47.706337,7.476844,0.14668418,38.16813,57.616425,-10.958536,7.9883065,-0.14848377,-21.64087,-0.53660625,9.519134,6.927606,0.029958872,0.56181526,18.871452,-8.173332,5.3751893,0.069797754,-14.835531,-1.5393465,-3.1922307,4.911319,-0.082987234,-9.344135,3.1921864,-9.099678,4.920381,-0.04479362,-15.448288,-2.8077753,3.5303388,4.4753885,0.1897255,-2.2909956,9.370729,-0.5152701,4.2269945,0.064794846,-6.125767,4.9634037,3.5751572,4.116501,-0.0038099596,-1.6307247,8.956437,0.7660453,3.9627748,0.27110377,-4.188899,5.6970477,0.60346353,4.5102677,-0.54198414,-4.7750587,6.2187033,1.3929459,4.450314,-0.24608459,-4.4522247,6.6441774,2.495457,3.8463025,0.076653324,-2.308968,7.390066,0.5811694,3.5476842,-0.02867106,-3.7922897,4.8667593,1.2720487,3.372623,0.08301429,-3.1652865,5.516836,2.0657334,3.5742092,-0.09700617,-2.6826572,6.6685696,0.57703805,3.298038,0.09063532,-3.711133,4.813795,-0.41494185,3.3473446,0.20543586,-4.455207,3.9686248,0.51837415,3.0953283,-0.15397996,-3.456625,4.3630037,0.15719380241613418,1900.087455957625,0.045483805,0.03552034,location_A,part1,clip_027.wav
-186.15231,25.133596,1.284835,-211.84427,-150.30829,41.232166,11.717312,-1.0598844,24.308104,53.218575,-8.918452,8.187474,-0.14042003,-19.568401,2.103979,10.887181,6.78533,-0.3863122,1.7892171,19.047272,-7.2430964,5.3818965,0.052554514,-14.131958,-0.3781739,-5.7232304,4.775962,-0.029061666,-11.71904,0.43547356,-8.789734,4.463335,0.02806637,-14.278465,-3.1906443,2.348123,4.360714,0.047764666,-3.132437,8.116323,-1.8387626,4.507513,0.1431256,-7.5006857,4.1113567,2.0277615,4.191305,0.05531321,-3.4880602,7.2027407,0.08688295,4.050951,-0.14218318,-4.8682985,5.037509,0.19845727,4.30462,0.01958781,-5.106701,5.791623,1.2776287,4.2144036,0.22842787,-3.8659163,6.583982,1.7799076,3.764545,-0.0041431524,-3.0854473,6.4699936,-0.7078005,3.9250612,0.092503786,-5.6452065,4.3378057,0.5111378,3.838494,0.09473918,-4.5261726,5.518075,0.8309888,3.6210701,-0.07341853,-3.9554214,5.4990735,-0.018107472,3.6884427,-0.26690376,-4.717634,4.405793,-1.1386542,3.578181,0.32203665,-5.477005,3.3091452,0.39972293,3.465017,-0.13466156,-3.8308296,4.712617,0.18163282498003194,2102.7863180040426,0.06257481,0.06076525,location_A,part1,clip_028.wav
-195.87119,19.273182,1.6305642,-216.6167,-178.34258,45.55054,8.90196,-1.0393525,35.175392,55.64616,-9.274708,7.69842,-0.12842059,-19.373003,0.59726274,11.596363,7.5718327,-0.12415851,0.94857013,20.973816,-7.9556985,5.1063595,-0.060097497,-14.087574,-1.4502988,-4.3070703,5.6274376,-0.12618075,-11.910042,2.7668924,-10.283169,6.020795,-0.13188946,-18.345243,-2.929555,1.9484745,5.0420613,-0.0034865295,-4.6703863,8.603935,-0.96497643,5.236984,0.1999281,-7.464899,6.0073113,2.9172225,4.928336,0.06577676,-3.2425656,9.323374,0.7233961,4.310466,-0.05536724,-4.4264345,5.8776193,0.4931819,4.3669305,-0.0688586,-4.955578,6.0787735,0.6951993,3.8990216,-0.048698287,-4.0453625,5.7906876,2.765103,3.908262,-0.028874423,-2.1563127,7.791588,-1.7759106,3.7659526,0.18224305,-6.708153,3.1479201,-0.25826678,3.7419922,0.09886029,-4.9415555,4.6850367,0.5816867,3.5170636,-0.0016662398,-3.848723,5.0651875,-1.0148711,3.7304313,-0.16393043,-5.5821896,3.5260897,-1.3234468,3.7015927,0.030081797,-6.2858143,3.5349853,-0.7725019,3.4854035,0.08194024,-5.236617,3.6508045,0.16261793630191693,1981.8732634751416,0.046098575,0.06370191,location_A,part1,clip_029.wav
-219.62419,14.532656,-0.14884403,-237.57867,-201.52942,45.80765,7.608535,-0.20468658,36.208786,55.17871,-16.29034,6.6279783,-0.0028943026,-24.671381,-7.631274,9.022546,7.1012654,-0.019769546,-0.051350653,18.44304,-13.172605,5.9073677,-0.03758066,-20.543472,-5.94987,-6.9752054,5.7736883,-0.15023018,-14.152486,0.21031201,-12.614829,5.465249,0.12393394,-19.231041,-5.578856,1.5953188,4.7714977,-0.041175272,-4.738983,7.734901,-0.16475922,5.0705733,0.223096,-6.486887,6.352844,1.5021815,4.604897,0.12506951,-4.396688,7.3213816,0.84313726,5.1289697,0.05483158,-5.4810977,7.4307375,-0.29877743,4.931751,0.09181038,-6.5303016,6.181178,0.59319717,4.0915866,-0.010282872,-4.7577987,5.7052426,1.862952,3.9709666,0.16696139,-2.953156,6.9918985,-3.8310785,4.152399,-0.047957145,-9.209066,1.4259995,-0.63480663,3.9074543,-0.025300266,-5.6064854,4.488515,-0.9794229,4.303366,-0.11581269,-6.6133494,4.370046,-0.9309019,3.9027195,0.016887633,-5.9028997,3.925139,-1.3403146,3.654897,-0.06818562,-6.1742373,3.3025038,-1.1934851,3.536056,-0.08521881,-5.6670322,3.4329667,0.1617427740615016,1943.4510645703888,0.034736875,0.100500606,location_A,part1,clip_030.wav
-187.36191,15.848717,0.59441304,-205.47539,-167.97183,46.04444,11.543209,-1.2838683,31.170227,57.831394,-14.588016,8.468754,-0.1511204,-25.263145,-4.200424,6.2063484,7.2908573,0.16018386,-2.774811,15.405219,-10.093602,6.044298,-0.32113606,-18.320038,-2.2885103,-6.540549,5.718207,0.115782306,-13.8951235,0.8709849,-10.689131,5.252353,0.27386868,-17.586737,-3.8195803,1.6655542,4.5622034,-0.12760498,-4.101823,7.3883066,-0.51039857,4.562556,-0.034390498,-6.4757776,5.095603,2.3713906,4.5037007,0.22980584,-3.027397,7.689582,-0.3218002,4.1812043,0.14635575,-5.609125,5.2284117,0.061081007,4.4109335,0.013432335,-5.430214,5.6903934,0.23857392,4.106789,-0.17092548,-5.1317286,5.545048,1.7319145,3.963618,0.0024466794,-3.2782354,6.752179,-1.9608535,3.9357603,0.049366996,-7.05138,2.9600534,-0.66337734,4.098658,-0.055618558,-5.7625365,4.5053415,0.8485799,4.0190964,-0.094613746,-4.3320704,6.234894,0.5578352,3.6585703,-0.11837028,-4.1170216,5.1413956,-1.0013674,3.969227,0.16572374,-6.024551,4.0867605,-0.5411149,3.7386184,0.23386098,-5.0851665,4.093196,0.1633604982028754,1966.9331621585336,0.04549424,0.07568725,location_A,part1,clip_031.wav
-231.88652,18.95629,0.9896182,-253.99002,-208.77435,44.984665,12.2113495,-1.4455501,30.129578,57.89848,-18.278135,8.226681,0.53856736,-28.451214,-7.402217,5.5510273,7.1928163,-0.44678226,-3.5787544,13.91056,-12.492842,5.4515653,0.15049745,-19.342146,-5.431086,-6.695969,4.768955,-0.08530704,-12.796234,-0.66626287,-13.030069,5.4173512,-0.26258832,-20.350685,-6.5685177,1.6922286,5.9920125,0.5750875,-5.164111,9.304918,-0.465205,4.686447,0.06166823,-6.3362417,5.590334,1.7980413,5.1923604,0.67513275,-4.6374187,8.113415,0.9094743,5.000802,0.016065225,-5.5772247,7.61122,0.055323355,4.1803718,-0.14460862,-5.444273,5.1769643,-0.40964445,4.5480356,0.06560174,-6.2788568,5.461379,0.24408148,4.7171283,-0.4730563,-5.3120165,5.718026,-2.8037736,4.223714,-0.048802752,-8.082712,2.342104,-1.0182118,4.446251,-0.019838363,-6.4889035,4.497196,-0.17004496,3.8989623,-0.2417578,-5.307434,4.87426,-0.79168636,4.0619154,-0.30251196,-5.5186033,4.391128,-2.0271533,3.6756105,0.18916556,-6.5893707,2.7016068,-0.24886167,3.9616008,0.7282133,-4.8782864,4.2522726,0.18047374201277955,1994.1521180884506,0.03745347,0.03775965,location_A,part1,clip_032.wav
-205.72139,16.329706,0.837745,-224.92285,-184.71654,45.381138,11.406446,-0.917032,30.780354,58.732014,-14.563977,8.298127,0.07731585,-25.041458,-3.6153574,4.5658216,7.4038515,-0.13838142,-5.4131927,13.98634,-13.104616,5.727843,-0.15446939,-19.865416,-6.0358253,-6.3429275,5.3018413,0.15748174,-12.901072,0.4935708,-11.263162,5.4941716,-0.029185379,-18.337856,-4.62166,0.24175748,5.2463126,0.3000929,-6.0959263,7.378888,0.1737071,4.5304546,0.056279756,-5.530531,5.9901643,1.4832087,4.564948,0.19360952,-4.073531,7.2720904,0.05450583,4.702419,-0.0054596467,-6.101699,6.018444,-0.4538113,4.4660735,-0.01156796,-6.1925106,5.2313986,-0.24233554,4.4004726,-0.027384708,-5.9067287,5.295162,2.323416,4.2622333,0.54418015,-2.7846751,7.384061,-2.946277,4.655734,-0.18540885,-8.628363,2.7826576,1.2931803,4.3376107,0.06293505,-4.2868395,6.6348324,-0.2841197,4.490284,-0.4300685,-5.7997556,5.244128,0.10059216,3.9826827,0.17412134,-5.049128,5.353835,-0.8004843,3.446865,0.10334423,-5.077095,3.513631,-0.6773758,3.4091456,-0.041210067,-4.8370504,3.5724869,0.16618254542731628,1979.4133685814854,0.04012177,0.06334096,location_A,part1,clip_033.wav
-224.27588,27.1879,2.1373901,-249.25546,-200.71747,44.22443,11.8234415,-1.2944752,30.230366,56.463333,-17.987684,8.133439,0.14638361,-28.894987,-8.147334,6.1866193,7.824158,0.34550142,-3.4518223,16.405027,-12.751394,6.281692,-0.25211903,-20.597517,-5.023903,-6.5484605,6.162843,0.07515162,-14.375734,1.5192292,-11.244608,5.4284387,0.039100796,-17.941648,-4.013366,2.322026,5.5990143,0.18518782,-4.7034893,9.5278,-2.0453987,5.160342,-0.007346011,-8.275828,4.867268,1.5918576,4.720104,-0.23374914,-4.8091936,7.6996617,-0.29253605,4.689894,0.017539972,-6.383851,6.0348725,-1.3372732,4.7770953,-0.17081986,-7.9140787,4.451152,0.7490998,3.9998467,0.038905688,-4.319101,6.211654,1.8183435,4.017748,-0.18502145,-3.181387,6.8798275,-1.4037969,3.8355672,-0.025089666,-6.516437,3.5132313,-0.60189575,3.9814541,0.2447733,-5.6990457,4.6796412,-0.22098318,4.0265937,-0.2178243,-5.3473377,5.0596886,-0.81060845,3.9816148,0.2686301,-5.75138,4.297289,-0.14902093,3.5844927,0.100449614,-4.592445,4.5509005,-0.4989284,3.5486937,0.24575251,-4.907434,4.1858015,0.17200604033546327,1983.5560144554718,0.04176482,0.037686188,location_A,part1,clip_034.wav
-194.76163,14.424452,0.1275111,-213.08594,-175.30804,48.193546,7.7542267,-0.4404591,37.981926,57.84825,-16.668882,7.6770587,0.15110658,-26.50303,-6.9733105,5.9018946,8.005547,0.20535323,-4.1375465,16.628326,-11.981294,6.497269,-0.37331364,-20.53445,-4.0128965,-7.389549,6.0438914,0.32166192,-14.685774,0.80368125,-12.843393,5.6010103,0.058683626,-19.648315,-5.6557217,0.46073294,4.86401,0.260259,-5.6712766,6.6602755,-1.125741,4.8783836,-0.071078815,-7.6816025,5.21688,2.605045,4.6636453,0.060812593,-3.4094539,8.611369,1.4641972,4.5319877,-0.14739643,-4.403785,7.0630913,-0.67159754,4.378537,0.0118413605,-6.3601046,4.8648615,1.2842977,4.223531,-0.1302177,-4.429734,6.7308254,2.822712,4.0916033,-0.18129474,-2.4307425,7.970668,-0.8867598,4.1704597,-0.12489068,-6.040779,4.3551335,0.7202084,4.2123137,0.29790664,-4.338022,6.167482,0.71557754,3.6245046,0.28314602,-3.7389486,5.3926306,-0.7920923,3.6409283,-0.2521197,-5.7194266,3.818417,-1.4503006,3.415873,0.004867403,-5.760135,2.9520202,-0.11954835,3.2268448,-0.0028568623,-4.202434,3.951777,0.14876042082667731,1863.5562491903695,0.033081383,0.13926704,location_A,part1,clip_035.wav
-222.67989,16.313435,0.5578604,-241.1999,-198.1535,46.998547,8.828401,-0.2449026,35.145462,58.303566,-13.689718,8.695739,-0.15405199,-25.364944,-2.9714622,6.688265,6.980673,-0.10194659,-2.293571,15.596664,-11.74917,7.23584,0.059291482,-21.050959,-1.784637,-7.43395,5.342567,0.17436442,-13.954828,-0.26911843,-12.20613,5.8155766,-0.059042387,-19.729645,-4.6838083,1.9769324,5.1233983,0.19075568,-4.364649,9.19656,-2.103334,4.8075547,0.15787983,-8.239018,3.8868923,1.193162,4.300215,-0.005311126,-4.274305,6.6993365,1.0313787,4.485881,-0.018686105,-4.8577213,6.517506,-0.20463838,4.5796957,-0.6725089,-5.755452,5.3054533,1.7940162,4.198923,0.06401082,-3.3500237,7.143001,1.4100621,3.5699296,0.031618923,-3.1040988,5.9654117,-1.6340294,3.8713186,0.11529658,-6.6620903,3.3829143,0.2301857,3.7778358,0.24475709,-4.180531,4.9241447,0.08725643,3.5585945,-0.25787365,-4.40934,4.32882,-0.8216583,3.5841482,0.03613737,-5.2376757,3.7708344,-1.6442196,3.4181356,0.14378077,-5.7552342,2.783279,0.14668578,3.978001,-0.1925961,-4.5585723,5.111829,0.1483579397963259,1925.2066164531957,0.036931086,0.12184187,location_A,part1,clip_036.wav
-198.69702,17.217556,-0.6400492,-217.18375,-179.06003,50.199245,9.44527,-0.659134,38.115128,61.320656,-13.258923,9.900465,0.3655177,-25.69929,-0.2040456,11.238184,9.708593,0.20294829,-1.0466439,25.412611,-8.736796,9.348612,-0.14727326,-21.236288,3.7153013,-3.4547236,5.7532396,0.011170258,-10.974695,3.7702904,-10.923953,6.005643,-0.09737662,-18.749142,-3.2177434,5.1138406,6.1682816,0.29016507,-2.819336,12.617519,-0.100512646,5.5790434,-0.14866,-7.130851,6.9942408,3.523929,4.664562,0.07788493,-2.564216,9.562775,1.6864185,4.6851993,0.050543644,-4.3070984,7.63465,0.07580262,4.6287546,-0.12938046,-6.035618,5.8005443,1.3698168,4.204099,0.35278797,-3.8723013,6.736479,0.4350033,4.2395773,-0.07744295,-4.933692,5.8089256,-1.8515137,4.043176,0.21741565,-6.963538,3.1181934,-0.39739594,4.02046,0.0789955,-5.488693,4.8856144,0.41737646,3.8533165,-0.11334344,-4.18049,5.14973,-0.30819526,3.8262362,0.15816931,-5.199768,4.4166484,-1.8793766,3.5943074,0.09126923,-6.3681273,2.643824,-1.1896458,3.338301,-0.0058211954,-5.411569,3.1507778,0.1528757113618211,1867.6915900130025,0.029756492,0.13450445,location_A,part1,clip_037.wav
-181.74379,12.939847,0.41983092,-198.28687,-164.94861,47.790527,8.770937,0.13240765,36.11843,59.695534,-14.687638,8.066264,0.031922806,-24.734531,-4.1007924,8.845241,7.8842173,0.035207946,-0.9161992,19.21918,-9.813705,5.986017,-0.41704667,-17.232828,-2.411336,-3.3365247,5.4969497,-0.041561246,-10.688688,3.4578836,-8.394793,5.5943418,0.06895172,-15.790413,-0.9400478,4.5997376,4.781355,0.13483396,-1.3508075,10.776253,1.2608324,4.7033024,0.023604997,-4.632519,7.5221148,3.3565538,4.3956428,-0.08037237,-2.1552906,8.837614,1.6023602,4.451947,0.067608416,-4.004797,7.502327,1.3262101,4.3124733,-0.05583096,-4.3047457,6.742625,1.9345852,4.1657224,0.2656764,-3.2000744,7.473462,1.4794794,4.199413,-0.060252268,-3.9391584,6.756836,-2.0234296,3.8447442,0.15087275,-7.124627,2.8249629,-0.08895909,3.901776,0.053262554,-5.1097403,4.982083,-0.8074617,3.9312696,-0.14414181,-5.6406903,4.0504427,-0.38112321,3.839501,-0.0038280578,-5.275419,4.1412477,-0.702385,3.576983,0.24592362,-5.3793545,3.9530902,-0.07506782,3.6523676,0.32876116,-4.644992,4.3298965,0.16110473242811502,1912.6441728942848,0.04138035,0.07152038,location_A,part1,clip_038.wav
-187.57971,17.098934,0.9354346,-208.95428,-167.88614,44.429787,9.154789,-0.625544,33.962166,55.029778,-11.636137,8.0229025,0.014908499,-21.030926,-0.6911566,9.389468,6.925276,-0.106643125,1.0791069,18.285625,-9.5287075,5.653433,-0.043924738,-16.653553,-2.2362072,-2.872246,4.9945636,0.2263182,-9.09223,3.5452223,-9.330181,4.692294,0.06771066,-15.569278,-3.1829576,5.293947,5.2471433,0.14080375,-1.4704169,12.048195,1.8962909,5.0364056,0.117120184,-4.541682,8.374338,3.7310698,4.3406205,0.008358851,-1.8438356,9.534852,1.2843949,4.447547,-0.07106425,-4.682404,6.8454432,2.047819,4.3350916,-0.12939754,-3.7156506,7.4632215,3.158546,4.2348547,0.09265284,-2.3847275,8.692058,2.2824469,3.9809747,0.03244034,-2.6707058,7.5824175,-0.43163934,3.7395113,0.06027359,-5.10239,4.558668,0.23903501,3.7516384,0.09454393,-4.4556823,4.927017,-0.6466884,3.847465,0.016547916,-5.3370175,4.2917557,-0.5334813,3.7516549,-0.18249564,-5.485425,4.4306917,-1.2076681,3.6378362,0.024631556,-5.9572687,3.3730934,-0.15114485,3.6218505,0.063443445,-4.6862993,4.424371,0.16599222494009586,2002.1803554630958,0.048251614,0.052482177,location_A,part1,clip_039.wav
-228.04858,16.268764,0.29637033,-247.9913,-206.67152,47.165653,9.283017,-0.69914085,36.024292,58.10334,-17.835016,7.99647,0.03657282,-27.988888,-7.971217,8.418571,7.984513,0.2604721,-1.7260208,18.819641,-13.872373,6.21648,-0.215472,-21.67899,-6.044366,-4.6043935,5.894121,0.10841741,-11.916298,3.009409,-10.239386,6.178759,-0.12663472,-17.56275,-2.6373787,6.4866753,6.4833665,0.686113,-1.1380593,15.361579,1.8368483,4.9197063,-0.16840696,-4.4640384,8.041884,2.9843643,4.9032154,0.09495246,-3.5833402,8.979126,0.9652445,4.679321,0.059107862,-4.9852366,6.775358,1.13647,5.2597985,0.4563678,-5.022868,8.417638,3.4713752,4.791743,-0.26635572,-2.208472,9.396221,1.0651826,5.0643024,-0.06180771,-5.1731234,7.6937056,-0.65996563,4.8834095,-0.17101584,-6.796817,5.319474,0.6960575,3.995766,0.06820212,-4.38839,5.680047,-0.458373,4.2088594,-0.17258844,-5.7951927,4.6906643,0.36549345,3.795342,0.015335036,-4.547886,5.1628265,-1.2369554,3.66353,0.16127986,-6.0617657,3.2302969,-0.51454914,3.9991283,0.076594085,-5.584818,4.683709,0.16187693440495207,1910.5458210003767,0.03099015,0.10550252,location_A,part1,clip_040.wav
-219.62132,15.295908,0.55215335,-238.40573,-200.19276,46.04298,8.160141,-0.6333486,35.508904,55.229904,-13.766671,8.454008,-0.0041558733,-25.004774,-3.555001,8.076819,7.00882,-0.06741476,-1.2081937,17.21714,-11.195968,6.3776207,-0.17605595,-19.87727,-3.0184934,-4.1901226,5.546649,0.16101915,-11.334199,3.1041322,-11.051221,5.11484,-0.13755137,-17.916775,-4.733206,4.0939293,4.885057,0.010176299,-2.1558032,10.170826,0.55018175,5.8139834,0.22320324,-6.463867,8.468027,2.1849937,4.744319,-0.026850285,-4.0357857,8.151217,1.6437806,4.7213154,-0.28120285,-4.826544,7.5217676,-0.98848134,4.4672427,-0.074364915,-6.724176,4.6582026,1.2463497,4.172368,0.14491695,-3.8129845,7.035856,1.6943126,4.2353,0.06580176,-3.4821467,7.365741,-2.0550127,3.902173,-0.104601644,-7.251668,2.7533693,0.097982116,3.9094675,0.30589685,-4.8992224,5.081995,-0.48799917,3.9081695,0.12730215,-5.321562,4.3958044,0.050752684,3.6868258,-0.20405486,-4.6969934,4.7096453,-1.554951,3.67748,-0.24924573,-5.989126,3.0856924,-0.019801656,3.5372188,0.06192226,-4.281405,4.337367,0.16521066293929712,1962.520472841993,0.04203136,0.080509074,location_A,part1,clip_041.wav
-250.82106,16.743385,1.0445057,-269.66257,-230.41327,51.330173,7.1331806,-0.62653995,42.063103,59.532207,-11.655712,9.271633,-0.4883699,-22.786484,-0.39849412,10.109267,8.899603,0.15829086,-0.7147038,21.892038,-8.79092,5.808265,0.020478318,-16.10012,-1.3515061,-4.763241,6.2687054,-0.10820738,-12.598696,2.8067217,-9.744174,4.8050632,0.07556762,-15.696763,-3.5859983,2.1289163,4.6668673,0.007749786,-3.3828907,7.8132143,-0.1305967,4.9223785,-0.048846155,-6.0695314,6.068711,2.5120273,4.9142213,0.22707547,-3.984056,8.208808,2.6003928,4.403746,0.080163874,-2.9317963,8.249841,0.01097078,3.845605,-0.027874887,-5.084259,4.7563124,0.49452418,4.2877,0.15057877,-5.227021,6.019157,2.620084,4.4276123,0.053903326,-2.903634,7.979471,-1.7709514,4.131701,-0.21999049,-7.0307646,3.1313252,-0.6232425,3.5763824,-0.0009018852,-5.2263474,4.161045,0.63012207,3.7675576,-0.014166448,-4.249635,5.417307,0.42095363,3.9791062,0.34798425,-4.544009,5.518368,-0.3722494,4.048062,0.27212113,-5.2366276,4.890349,0.6004897,3.5563715,0.18450764,-3.9989722,4.932632,0.1444080096845048,1813.527927383661,0.0325519,0.058214694,location_A,part1,clip_042.wav
-188.84412,18.134085,0.16811016,-211.14532,-167.57372,50.267765,10.683361,-1.2172048,36.51776,61.88463,-10.073579,8.175015,0.3645198,-20.447845,1.213345,6.350417,7.8104296,-0.18278654,-3.413751,15.995554,-8.946228,6.8597736,-0.20112196,-17.645634,-0.057061285,-4.760913,5.918936,-0.043766525,-12.671507,3.0106122,-9.070518,5.3234005,0.23770624,-15.775364,-1.8625876,1.2448071,5.066744,0.027355425,-5.0463123,7.6518393,0.5093276,5.078264,0.16008647,-5.7600126,7.1878004,2.7487552,4.5287375,0.106118254,-2.8946507,8.821484,1.497508,4.5353627,-0.22742511,-4.2209806,7.1743927,1.1597409,4.3889885,0.107074015,-4.483299,6.9828033,1.3676683,4.355751,0.1230893,-4.015569,6.9410677,2.1654565,4.4755173,0.4553572,-3.3445976,7.5746007,-1.0797257,4.149487,-0.17893879,-6.4019933,3.945658,0.39053944,3.9382203,0.13193433,-4.711239,5.3500686,0.5486816,3.971482,-0.13525504,-4.4309435,5.530437,-1.2609054,3.9421976,-0.41126817,-6.2260427,3.3327134,-0.76796263,3.4743888,-0.083903715,-5.2160473,3.6121159,-0.20778283,3.4713821,0.059531413,-4.7270546,4.149274,0.140745120307508,1825.9117768761143,0.038429186,0.12092833,location_A,part1,clip_043.wav
-214.96114,21.712202,1.0415429,-238.6297,-188.2778,47.899677,12.683525,-1.1266847,30.734459,61.244392,-9.628567,9.163717,-0.66994697,-20.912075,1.1628599,6.367133,9.176017,0.2035424,-5.5412917,16.598675,-9.632362,6.6049056,-0.2994149,-17.747162,-1.7763822,-4.1323934,6.300064,-0.060147293,-12.175549,3.662994,-9.128772,5.5549483,0.15894106,-16.005909,-2.0191529,1.2271749,5.448683,0.3792016,-5.2729344,7.9976044,0.9142167,5.9376326,0.077734835,-6.12293,8.773601,3.62166,4.8293147,-0.05261736,-2.560018,9.800475,2.6355765,4.3618927,-0.33958995,-2.7993002,7.75969,1.2523341,4.550111,-0.04635829,-4.7288027,6.8662963,1.4920902,4.271086,0.040330466,-3.9633489,6.924128,2.565841,3.7807117,0.17656764,-1.9758703,7.7699738,-0.078941934,4.120068,0.05527577,-5.346874,5.4475555,-0.004720286,3.6284559,0.11124274,-4.525814,4.5629787,0.8611219,3.5435116,0.030863984,-4.018387,5.2961965,-0.6102151,3.5792785,-0.09037898,-5.0311136,3.8668318,-0.8553679,3.2783086,0.03503883,-4.937252,3.4176977,0.0011570461,3.6655993,-0.18897627,-5.043359,4.4937563,0.1488462210463259,1888.7749318533845,0.043196734,0.080422826,location_A,part1,clip_044.wav
-205.14828,21.72734,0.75875896,-229.65512,-174.1954,46.519985,10.546082,-1.448089,32.905586,57.48089,-7.7654476,7.45541,-0.03829545,-17.777893,2.1043706,8.1308155,8.177565,-0.42101982,-1.9307379,17.814186,-11.201102,6.7564354,-0.027043149,-19.848738,-2.2698443,-3.1290002,6.0039477,0.42319024,-10.271374,4.418207,-9.492672,5.7057624,0.4595548,-16.451075,-2.4438467,1.7646319,5.0678,-0.034474965,-4.0660973,8.059394,3.0686638,5.555475,-0.008564938,-4.0428877,10.3056965,3.6026976,4.966795,0.116770186,-2.7773707,10.183709,1.5232335,4.454149,-0.03225267,-4.578148,7.2771635,1.250489,5.005588,-0.019904304,-5.0704474,7.593218,0.8886008,4.2644944,-0.20450005,-4.7548523,6.345076,1.8435099,3.9237576,0.06878274,-3.1103935,7.0122194,-0.6295862,3.7608597,0.07123424,-5.3660007,4.230103,-0.29109183,3.7345982,0.0063900542,-5.0489273,4.447593,0.66703355,3.6148775,0.009250936,-3.9088037,5.3598814,-1.4295756,3.5931778,-0.21059102,-6.173551,2.9158587,-1.3390077,3.4539282,0.054499622,-5.739093,3.2251575,-0.29986185,3.7738209,0.15787019,-5.128468,4.67883,0.15715480231629392,1952.2229791739078,0.04163416,0.104654856,location_A,part1,clip_045.wav
-201.87749,22.185415,0.75939465,-227.70335,-173.64612,46.103535,10.633795,-0.9392901,32.883278,58.304325,-9.118879,9.675958,-0.40166152,-21.95764,2.9166393,5.501701,8.164386,-0.28754205,-5.6067953,15.403381,-9.171461,5.7287645,-0.2189866,-16.418776,-1.832619,-3.6420991,6.1975656,-0.06011881,-11.99304,4.202407,-9.15375,5.877674,0.11113378,-16.643646,-1.7046803,1.8466147,5.5634356,0.23837417,-4.91394,9.1114435,2.1608088,4.6553674,-0.057407655,-3.9683127,7.878246,2.3961272,4.7504344,0.40378395,-3.4485812,8.371987,0.099060364,4.926137,-0.29887548,-6.0804253,6.137255,0.8338097,4.5463433,-0.047519512,-5.0549965,6.621484,0.8449513,4.375465,-0.10017538,-4.743512,6.3499413,2.558119,4.3446646,0.06163708,-2.9571252,8.2012,-0.66079694,4.194185,-0.10425225,-6.179211,4.7964563,-0.5476545,4.2548795,-0.05127676,-5.8028793,4.742595,-0.3945938,3.6232116,0.1438505,-4.9780807,4.290021,-1.1988614,3.804453,0.55225796,-5.616872,3.5742452,-1.3015659,4.0967264,-0.11372634,-6.6356497,3.6658542,-0.64336044,3.6720603,-0.33589828,-5.4683056,3.9516933,0.1605197309305112,1970.0897577115118,0.0470013,0.09301463,location_A,part1,clip_046.wav
-217.66605,20.080324,0.35590434,-243.74973,-193.44385,46.80713,9.443608,-0.8446074,35.63687,58.215294,-10.509506,8.791513,0.15033251,-21.945944,0.887064,8.496644,7.47779,0.08732136,-0.9788419,18.19175,-9.738046,6.692606,-0.04202111,-18.496824,-0.6404482,-4.3898106,5.025209,-0.05506988,-10.830082,1.8870301,-11.1516285,5.302343,0.09620378,-17.881363,-4.478897,1.4705111,4.907929,-0.22635196,-5.2049203,7.438588,0.31615108,5.2575507,-0.0015019696,-6.3443604,6.7000732,2.263498,4.922393,0.29040244,-3.9160142,8.341874,1.2451711,4.699149,0.23638478,-4.6239743,7.2115426,1.3976333,4.1841893,0.09702178,-3.9054015,6.708587,1.5745606,4.2901387,-0.19786522,-3.8998058,6.8630753,0.9575473,4.0989027,-0.06996418,-4.2590857,6.2291765,-0.5673761,3.8218956,-0.16594595,-5.1602664,4.1273317,0.5926255,3.720721,0.05048603,-3.9990187,5.4043026,0.23897003,3.9366155,0.044469096,-4.743204,5.5709314,-0.6492284,4.1105094,-0.12898368,-5.918719,4.441812,-0.7607628,3.7107613,-0.55991787,-5.44201,3.7238228,-0.8783457,3.4668975,-0.019483434,-5.2040396,3.6942673,0.15397863418530353,1940.4105171116669,0.042832717,0.047390405,location_A,part1,clip_047.wav
-190.28447,17.161188,-0.07018288,-213.56506,-169.14711,47.34653,9.38093,-1.3178617,35.805336,57.404503,-8.619019,7.873995,0.17694381,-18.564213,2.4676397,9.214683,8.525405,0.34828532,-1.0632772,20.75204,-9.903929,7.116822,0.014738375,-19.290367,-0.6614338,-4.0178485,5.9178214,-0.27762634,-12.176092,3.456285,-11.130048,5.9514356,-0.056118667,-18.277603,-3.5331092,2.999569,4.6145196,-0.011775554,-2.9397516,8.761985,0.49552515,5.254301,-0.047955588,-6.2338133,7.0274906,2.488915,5.0642653,-0.0050893207,-3.822979,9.038498,1.4810734,4.491568,0.010922766,-4.3982406,7.0788274,-0.6357722,4.6828513,0.11101373,-6.5696993,5.465466,0.97601634,4.3912354,-0.03260325,-4.5626345,6.728726,0.06966698,4.1261554,0.60686696,-4.858696,5.2739544,-1.4765327,4.6141834,0.31631204,-7.1036997,4.2999907,-0.08814498,4.152541,0.0347111,-5.5944796,5.3600135,-0.8317871,4.338136,0.004312676,-6.371423,4.9277864,-1.605862,3.96523,-0.14085744,-6.8858995,3.3526201,-1.2928962,3.7383401,0.049214922,-5.8179464,3.191132,-0.47448024,4.237477,0.07856618,-5.753154,4.8537836,0.1494140625,1938.6293845102891,0.037395753,0.10659961,location_A,part1,clip_048.wav
-201.61934,15.400691,-0.016909625,-223.38004,-182.88571,49.31993,8.632299,-0.42568427,38.059654,60.071373,-7.223629,8.469025,-0.3084176,-18.310274,3.1095364,6.5690675,7.7631917,0.1345614,-3.2670488,16.742157,-8.975391,6.078989,-0.042587575,-16.993382,-0.9223429,-6.2468386,5.3662086,-0.05978787,-12.733262,0.7388145,-14.275118,5.4097023,-0.06974826,-21.095646,-7.0378475,0.5393111,4.9916663,0.28914106,-6.0206747,6.8595076,1.9090428,5.218587,0.12232619,-4.670687,8.303789,1.8332293,4.6983733,0.3296624,-3.8075986,8.330157,1.2268203,4.5190268,0.18706289,-4.562067,7.1312637,0.36235034,4.2653832,0.16542318,-4.9815254,5.8666983,0.40729508,4.043778,0.1774976,-4.6419296,5.4898834,1.4025978,3.8821628,0.05545102,-3.329148,6.165516,-0.8037099,4.252164,-0.14634547,-6.22818,4.3099704,0.6105245,4.12011,0.18130277,-4.4141045,5.8151555,-0.006160557,3.8690174,-0.049392413,-4.6609373,4.8199587,-1.5131062,3.9758403,0.056485664,-6.6117187,3.3222756,-1.478517,3.7385392,0.008781195,-6.31534,3.5128136,-1.4064431,3.4068167,-0.16560024,-5.9898844,2.9919348,0.13755335213658146,1873.7110565369978,0.034681503,0.0657334,location_A,part1,clip_049.wav
-211.3898,20.258743,0.390063,-235.92934,-183.07872,45.250412,9.228068,-0.55904436,33.770367,56.401382,-12.078545,8.842946,-0.111285366,-23.574516,-1.1668903,8.031248,8.264246,0.061719023,-2.7227054,19.00755,-11.886344,6.558702,-0.119535886,-19.997784,-3.6804879,-3.1895638,6.868763,-0.13752343,-11.949463,4.5778975,-11.836465,5.6569815,-0.05993243,-19.0378,-4.9718337,4.8238187,4.961616,0.14344178,-1.4214683,11.410463,2.2017703,4.845976,0.05250744,-4.0168753,8.4429245,2.666762,4.6332726,-0.11733601,-3.33765,8.564683,1.8543597,4.914972,0.3662654,-4.118429,7.796464,1.4177139,4.3884,-0.098015815,-4.417211,6.887413,2.1744554,4.169173,0.065928206,-3.1653347,7.529485,1.2554973,4.258318,-0.2202933,-4.088281,6.8145056,-1.7092128,3.9177244,-0.26112092,-6.8811913,2.9083476,-0.09318608,4.095627,0.049416672,-5.405476,5.366326,-0.42751724,3.8528383,-0.34001127,-5.171114,4.3441186,-0.7535539,4.185549,0.3798678,-5.7754383,4.5648975,-1.0637712,3.4862502,-0.02804044,-5.31561,3.469582,-0.9559521,3.4401917,-0.1486006,-5.3492203,3.3616848,0.16004236970846644,1966.5539937611475,0.04120831,0.092406094,location_A,part1,clip_050.wav
-206.96216,13.531867,0.1630757,-224.0812,-189.57155,51.164646,8.161258,-0.30252925,40.03209,61.08413,-9.250889,8.06878,0.29717234,-19.002388,1.6546147,7.959774,7.7094693,0.20020042,-1.641953,18.904106,-9.388161,5.765528,-0.09410553,-16.512962,-1.9065073,-1.2601234,7.0171065,0.83520293,-9.528848,7.012338,-9.376036,5.6866665,0.06398239,-16.516949,-2.0617359,3.9982684,5.858508,0.11007938,-3.5824676,11.399326,3.0749016,4.857332,-0.012808991,-2.8925726,9.495429,4.63688,4.7803,0.001568767,-1.5988543,10.692516,2.5117784,5.022551,0.21626553,-3.9034913,9.108279,1.8262784,4.5431376,0.2121476,-4.069747,7.5702057,2.2306907,4.6082315,-0.09674733,-3.593533,8.253193,2.9142551,4.1265316,0.03996928,-2.2090714,8.129201,-0.05746973,3.8532236,0.033324443,-4.8707256,4.750522,1.630445,3.7200873,0.113688156,-3.0211537,6.405827,0.3524665,4.145985,-0.34152052,-4.626253,5.3838797,-0.66793185,3.6379209,0.00380133,-5.3618355,3.9816825,-0.5073829,3.555921,-0.00495918,-4.965249,3.919465,0.14098035,3.7807717,-0.01744963,-4.7930756,5.133606,0.13931615664936103,1818.6145108706298,0.031995717,0.12787522,location_A,part1,clip_051.wav
-194.21603,14.527393,-0.32270476,-212.80824,-176.35184,52.67074,7.6223364,-0.37157142,42.396004,61.240982,-14.782507,7.5387144,-0.13823971,-25.113827,-5.3411293,6.8575997,7.733643,0.20791395,-2.9925458,16.919579,-11.096334,6.1553736,-0.035192627,-18.906006,-3.3145905,-4.26291,5.475871,0.1148211,-11.129301,2.7819853,-10.566,5.9131656,-0.114621826,-18.504757,-3.1478038,2.7119873,5.5482373,-0.23692717,-3.932702,9.548266,1.984273,5.1789722,0.22580017,-4.739916,8.841141,2.1342535,5.6187572,0.59989095,-4.5867977,8.749469,1.2433797,4.563266,-0.10955334,-4.4428387,7.151208,0.2953884,4.479612,-0.017848462,-5.836711,5.9914756,0.68255055,4.4201837,0.13032036,-4.9560604,6.4065514,1.3740927,3.9879131,0.014158071,-3.772382,6.219619,-0.9776368,4.0413733,0.16612644,-6.02135,4.301929,-0.06424063,3.9827857,0.09622452,-5.175207,4.859319,-0.10165212,3.8315954,-0.096291184,-5.343556,4.7412534,-2.327682,3.463144,0.18517086,-6.6862454,2.0311463,-1.126172,3.4755116,0.15961556,-5.5109386,3.404172,-0.29406267,3.5439284,0.013398831,-4.659435,4.32939,0.14437212959265175,1775.8473985394212,0.029672451,0.100904115,location_A,part1,clip_052.wav
-193.80687,17.257841,-0.095521316,-218.06476,-170.2105,50.172337,7.686631,-0.577554,39.497765,59.348686,-11.960098,7.804125,-0.23874672,-22.284374,-2.5178123,9.358866,8.076862,-0.18331543,-1.0594816,19.260078,-9.353305,6.320729,-0.49574152,-17.709476,-1.5422536,-2.7827485,5.630436,0.19501446,-9.749394,4.3277073,-9.785977,4.8114767,-0.0002834564,-16.138252,-3.3099906,1.8031992,5.715834,0.10707654,-5.02361,8.741101,0.7204742,5.087476,-0.19641368,-5.818693,7.0036173,2.0138762,4.8294187,-0.00728014,-3.774065,8.050318,1.4043646,4.5938478,-0.14502966,-4.781074,7.401252,1.6540581,4.8152566,-0.1234479,-4.6169753,7.585281,2.0101326,4.180694,0.004178956,-3.1485968,7.448951,2.9061854,4.2216086,0.025502255,-2.313968,8.528555,0.072064795,4.086881,-0.0584774,-5.044407,5.3444567,-0.07852471,4.0837793,0.26331642,-5.3967133,5.2803783,0.024040412,3.966006,0.16963202,-4.9550104,5.4849253,-1.2576039,3.6935635,0.23468246,-5.881692,3.543527,-1.1350689,3.6437845,0.24671823,-5.7267694,3.362431,-0.090120636,3.6365836,-0.23448642,-4.8747606,4.430926,0.14792269868210864,1837.9493054081938,0.03547204,0.1482397,location_A,part1,clip_053.wav
-197.78131,17.28373,-0.25119695,-222.05696,-175.60678,48.831497,7.813956,-0.26341733,38.448074,58.591003,-7.4685354,8.8168125,-0.22450662,-19.403326,3.6806054,10.731741,8.996062,0.07222403,-0.45864764,22.24199,-9.8087015,6.5699987,-0.31209856,-18.286942,-1.5013176,-2.3349657,5.5338373,0.0043376903,-9.514296,4.57211,-9.804321,5.3248105,0.094293416,-16.611225,-3.1538634,2.2224016,5.592705,-0.32089925,-5.2051487,9.234481,1.0137718,5.1481447,0.021113873,-5.7010226,7.238415,3.9050217,5.4047327,0.2117411,-2.693389,11.004486,1.4763869,4.850426,0.08997381,-4.8043814,7.4761086,1.4401872,5.003712,0.24267955,-4.6763954,7.861845,1.9207529,4.5256734,0.07706507,-3.4838707,7.6387753,0.7518553,4.25129,-0.14824584,-4.438896,5.92068,-1.1185322,4.0963655,-0.0090290615,-6.1652403,4.08444,0.37089533,3.8890345,0.040577106,-4.5829215,5.345274,-0.569415,3.784175,0.036575742,-5.4101377,4.2635975,-2.0811925,3.4434588,0.06346425,-6.4343195,2.438051,-0.9827016,3.7551515,0.30353817,-5.5368114,3.6806808,-0.5820502,3.8594816,-0.1533039,-5.145343,4.1934576,0.14940782248402557,1893.613214476113,0.036527116,0.15207604,location_A,part1,clip_054.wav
-198.44936,13.841283,-0.3154042,-216.27551,-180.30598,50.940327,8.943641,-0.46856144,38.989628,61.536545,-9.687103,9.011527,-0.03749323,-21.993244,1.2015775,10.361377,7.8292527,-0.009025945,0.21113783,20.25615,-7.36336,6.0463004,-0.092434056,-14.932993,0.06963658,-5.709912,5.942998,0.024601214,-13.108936,1.9541154,-10.801795,5.643349,-0.02998247,-18.204071,-3.7946465,2.1686404,5.5261536,-0.10171668,-5.124491,9.288052,1.7379886,5.64462,-0.290464,-5.9477997,8.56244,3.1314301,5.055181,0.03389826,-3.3072572,9.533216,0.37526053,4.7967234,-0.089561194,-6.020962,6.381339,2.004413,4.7610617,0.14952427,-3.8413634,8.342364,1.9023188,4.47208,-0.11095448,-3.8602643,7.405203,1.8862442,4.0177164,-0.061155684,-3.0318983,6.782294,-1.1238649,4.0126586,0.027701726,-6.2800465,4.2669992,0.4506463,4.5375285,0.056004588,-5.380377,6.2917385,-0.42577165,4.079442,-0.079983994,-5.805422,4.388596,-2.2074363,4.0140953,0.03280073,-7.3268876,2.9502826,-1.4814495,3.382157,-0.04022375,-5.646428,2.8204632,-0.7282977,3.8002465,-0.45125002,-5.3597784,3.758904,0.14388696835063897,1819.666668707926,0.031078938,0.12952124,location_A,part1,clip_055.wav
-231.98561,19.524126,-0.040334407,-258.4065,-208.82063,52.303448,9.810273,-0.88972443,40.419075,63.22747,-11.147035,9.809602,-0.013650682,-24.492294,1.5453882,8.485093,9.451046,0.08899996,-3.1248116,20.510303,-11.3929825,6.9306464,-0.14841428,-20.477774,-2.793824,-6.026079,6.34932,0.06218408,-14.294723,2.8406777,-11.225158,5.6408663,0.04159334,-18.630608,-3.658977,-0.896928,5.1917257,-0.1203166,-7.6942687,5.640086,0.62630314,5.8740745,-0.31102318,-6.758525,8.183632,3.800823,5.8805366,0.018510336,-3.4922764,11.337046,0.8509223,5.468135,0.17045973,-6.2079487,7.83561,1.6593558,4.759475,-0.30279014,-4.392714,7.5001335,0.9478655,4.3122854,-0.08359219,-4.8259473,6.738428,2.673335,4.5725946,0.038271822,-3.0611434,8.671783,-0.92853665,4.502086,0.005047935,-6.4767847,4.5824046,-0.23042744,4.2090807,-0.0438351,-5.6486692,5.086733,1.457454,4.1780696,-0.040475782,-4.0358377,6.863613,0.4243412,3.5204237,0.09468531,-3.8345122,5.0384855,-0.7455623,3.9906466,0.011583391,-5.533786,4.3314285,0.2267066,4.238121,-0.057742447,-5.0401025,5.643386,0.13301530051916932,1788.04015772549,0.026803324,0.11840127,location_A,part1,clip_056.wav
-195.16505,17.954721,-0.31242615,-219.50067,-174.56367,52.043404,8.802563,-0.81719023,41.501812,62.431694,-7.146765,8.390856,0.07319631,-17.716423,4.0312176,12.579392,7.533327,0.2567746,3.1362681,22.199087,-6.5393443,6.724797,0.04963387,-15.110954,2.418961,-2.3456485,5.654316,-0.3472876,-10.048391,4.494816,-7.8803105,5.8873754,-0.24316813,-15.569901,-0.59684217,1.3549124,5.325892,-0.13322063,-5.612065,7.9542427,2.1264062,4.827593,0.09457731,-4.0573497,8.511278,3.312584,4.784076,0.23197544,-2.7964702,9.782967,1.6569344,4.4213185,-0.17664662,-4.200928,6.9455485,1.3437871,4.5524306,0.095786214,-4.569733,7.302595,2.2296734,4.0838504,-0.021914402,-3.19024,7.443058,2.8246377,4.150158,-0.038136195,-2.3879788,8.057669,-1.0533915,3.8388674,0.09104511,-6.0427237,3.5317123,1.1152066,3.8658502,-0.048835453,-3.9240537,6.069105,0.1983193,3.9909136,0.13287674,-4.7766876,5.215659,-1.076197,4.1721897,0.078950614,-6.414398,4.3174276,-2.2254355,3.177425,-0.09624264,-6.1627817,1.7371337,-1.7579513,3.7657187,0.2684659,-6.4305706,3.4352489,0.13646602935303515,1793.5153170467254,0.031170664,0.055484783,location_A,part1,clip_057.wav
-208.3275,23.684605,-0.32584962,-244.5092,-180.19183,54.11786,11.001694,-0.6991105,38.712296,66.79752,-1.1305996,8.220268,-0.12406475,-11.398142,8.528818,14.374155,9.605807,0.029992754,1.9105649,27.505558,-4.6955557,6.6854577,-0.6989231,-13.706482,3.1157646,-0.68739086,5.7114305,-0.04351144,-7.8152666,6.723525,-6.3912616,5.1246357,0.08359862,-13.088261,0.01305151,2.85784,4.6828747,-0.06740258,-3.0202687,8.78358,2.7492979,5.3018117,-0.07175397,-4.1197305,9.320015,2.3887222,4.891179,0.15112543,-4.096444,8.959427,0.30063742,4.04357,0.096270286,-4.839609,5.622738,2.0940845,4.756895,0.23018707,-4.0646505,8.242981,1.7667809,4.118962,0.08001139,-3.4453447,7.1975584,1.9283838,4.0131197,-0.09099444,-3.1646526,7.1493196,-1.5557772,3.7811887,-0.080596365,-6.3087444,2.9614077,-0.5592814,3.7307048,-0.0643945,-5.302558,4.1906137,-0.019780658,3.716363,0.2254858,-4.798154,4.603806,-1.6716245,3.715395,-0.119310744,-6.335638,3.08384,-2.146673,3.312601,0.18662809,-6.2893753,2.0618176,-1.257882,3.4588838,0.23691541,-5.5457597,3.1821115,0.12097518969648563,1726.6486309027953,0.03194783,0.08911688,location_A,part1,clip_058.wav
-311.16193,26.044638,4.1129723,-330.00824,-294.62213,54.850517,9.205029,-0.17897631,42.708546,65.836876,-9.998002,10.462474,-0.9760686,-21.25325,1.7641169,9.51623,11.223479,0.10934658,-5.1682043,25.02499,-4.745594,6.509725,-0.012026867,-13.150591,3.8994737,-1.7744235,6.5986204,-0.18464239,-10.370694,6.46999,-7.4749455,6.0256953,0.1282936,-15.0794325,0.65055895,3.5682907,6.2424736,-0.13809289,-5.0546274,11.5825,4.836895,4.8489227,0.100257725,-1.4850593,11.406551,3.2309594,5.0622582,0.31168732,-2.6127129,9.86557,1.3133377,4.6725073,0.31323585,-4.3831005,7.1448174,0.678669,4.6826096,-0.014991886,-5.037536,6.5364656,1.3038061,4.494138,-0.18737802,-4.3875985,6.9145765,1.3780131,4.0738826,-0.041900497,-3.601453,6.5828977,-2.87774,4.4549475,-0.17053801,-8.791435,2.9876285,0.30099645,3.8782175,0.101325326,-4.5313015,5.272543,-0.3762131,3.6050482,0.17489551,-4.964736,4.1502256,-1.5350838,3.6196413,-0.18224423,-6.1837063,3.0766287,-1.3437876,3.7304103,-0.01653145,-6.246066,3.376484,-0.27377453,3.3595777,-0.29328278,-4.6077523,3.965241,0.12992025259584664,1726.877456732252,0.02818558,0.014915998,location_A,part1,clip_059.wav
-196.7477,17.487114,0.43682867,-217.86517,-170.93309,50.658154,8.705909,-0.46413955,39.193512,61.020874,-12.937083,9.428554,-0.46430308,-26.139019,-1.2521375,6.7417464,8.519433,-0.1989726,-4.647461,17.93571,-6.5137362,6.481748,0.22700724,-14.849162,1.7951972,-6.34691,5.10518,0.0027923963,-13.046426,0.32897538,-10.196202,5.469951,0.17146501,-17.024952,-2.8127856,1.1719711,5.6058,-0.23364829,-5.942112,8.12937,0.5281752,5.3122916,-0.028264392,-6.2128716,7.0783505,1.1018445,4.7557683,-0.16436738,-5.028022,7.096718,-1.46006,4.910526,-0.23120818,-7.8794985,4.454904,-0.48479962,4.6093507,-0.18177305,-6.1382923,5.3034344,0.99981284,4.7181783,-0.08274749,-5.2594867,7.09243,0.8329747,4.106583,0.08007286,-4.2652006,6.1350365,-1.6488745,4.2801986,-0.0030776148,-6.9129605,4.005151,-0.48368192,3.8610015,0.08678879,-5.690209,4.3482265,-0.2137805,4.008117,0.1815858,-5.1658936,4.998417,-1.950349,4.02738,0.0690495,-6.997754,3.128528,-0.483631,3.5428233,-0.018600572,-4.9606104,4.2240877,0.40115234,3.6444156,0.1531786,-4.2798157,5.035357,0.14899910143769968,1833.8184700833292,0.034537274,0.07652913,location_A,part1,clip_060.wav
-189.61613,15.646002,-0.08568411,-211.03467,-169.95149,48.701843,8.123647,-0.48550504,37.502876,58.22192,-13.075615,8.727346,-0.14708138,-24.659275,-1.9888736,8.109118,9.202139,0.09821487,-3.7803297,19.713762,-9.706266,5.968239,-0.03661216,-16.898804,-2.112937,-3.0334072,6.1102405,-0.02561033,-11.222313,4.8997,-9.637841,5.027994,-0.10502184,-16.416016,-3.3089733,2.5663218,5.723657,-0.19821036,-4.9582505,9.886082,2.5002446,4.8209567,0.046265095,-3.5053859,9.026743,4.2080293,5.3759737,0.09215489,-2.8800716,11.021254,0.9150952,4.443325,0.1302701,-4.685425,6.6152754,1.3819782,4.652586,-0.389367,-4.901987,6.8783436,1.5617557,3.9449906,-0.15796725,-3.8269067,6.5106177,1.6813947,4.117375,-0.13080452,-3.6682606,6.9076834,-0.53734124,4.121876,-0.14086834,-5.9138365,4.744082,1.0689403,3.8434615,0.125225,-3.8678331,6.0104814,1.0974272,4.3312883,-0.24442048,-4.2219734,6.692074,-0.4719482,3.9767303,-0.262029,-5.4719276,4.586538,0.78922105,3.6418588,0.15251565,-3.6079714,5.5864563,0.58678776,3.5532744,-0.11575385,-3.8531075,4.816086,0.15318459215255592,1882.987772978033,0.036855537,0.07486016,location_A,part1,clip_061.wav
-183.2273,15.082277,-0.005301522,-203.62563,-164.79669,48.574345,7.2719555,-0.20075807,38.789215,57.64264,-10.715682,7.783123,-0.1615406,-21.351467,-1.173145,11.080775,7.133386,0.12688291,1.7310982,20.066149,-10.485838,6.492138,-0.21567301,-18.81015,-2.1706362,-2.9580786,6.1062536,-0.26190993,-10.553519,4.3681717,-8.363936,5.3150826,0.14514719,-15.134812,-1.7964638,0.23227902,5.957772,-0.51245457,-7.0987177,7.767525,0.50999403,4.9419646,-0.2690755,-6.082771,6.462035,2.2645848,5.0683227,0.34719294,-4.1111803,8.382031,0.41649473,4.4835773,-0.015566524,-5.424101,6.162357,1.2323889,4.4888916,-0.15497912,-4.9016895,7.1366587,1.0445639,4.291148,-0.104360096,-4.569137,6.4502163,1.3834162,4.223195,0.12614876,-4.081063,6.973871,-0.99492043,4.130401,0.09093054,-6.4584503,4.3241434,0.108508356,3.8500857,-0.17359388,-5.000325,4.969997,0.13801853,3.7339966,-0.1915061,-4.738458,4.7944303,-0.79200554,3.4969735,-0.14612214,-5.263546,3.528753,-1.227931,3.5609238,0.13390446,-5.5624037,3.516074,0.22686468,3.2158024,-0.03586832,-3.875144,4.264267,0.1559161591453674,1878.6563190385095,0.040763196,0.15907495,location_A,part1,clip_062.wav
-176.40736,16.88526,0.2210604,-198.11182,-155.28375,46.994328,8.843977,-0.40274444,34.53898,57.762268,-11.848109,9.753326,-0.3581352,-24.31895,0.053173862,9.357567,8.500118,0.08934952,-1.8204458,20.144691,-10.737046,6.361452,0.033329085,-18.737644,-2.5699103,-2.8026838,5.2214174,-0.0140528595,-9.42562,4.0013914,-9.516567,5.2723308,-0.11651934,-16.022655,-2.6778429,2.1179938,5.48662,0.090043075,-5.0171614,8.992444,0.9272987,4.8746266,-0.31994694,-5.8120227,6.75413,3.8379745,4.4974937,0.061769817,-1.7636542,9.542233,0.5483649,4.460899,-0.07656245,-5.2572727,6.454748,1.329433,4.4963646,0.009470833,-4.1724114,7.307948,1.0321732,4.3565884,0.0799455,-4.5572863,6.3799086,0.5472593,4.1457443,0.017606953,-4.9588127,5.982024,-1.0508261,3.8738456,0.11400902,-6.049847,3.7565804,-0.47406477,3.8003879,-0.08537615,-5.323089,4.427447,0.333622,3.8937764,0.10153454,-4.6735053,5.334696,-0.26069298,3.684187,0.09197177,-5.048095,4.3367014,-1.1937301,3.672004,0.12848596,-5.8769226,3.4977322,0.0743375,3.4678817,-0.10829359,-4.5721207,4.779048,0.1633776582468051,1945.994451405426,0.043080296,0.131866,location_A,part1,clip_063.wav
-182.96538,19.784172,0.24254923,-206.58952,-155.68105,44.16433,8.387781,-0.4689072,33.449978,54.120636,-11.68942,8.313155,-0.06235386,-22.569801,-1.393356,10.190798,7.424545,-0.10103136,0.22603172,19.590487,-9.91718,6.18763,-0.02083812,-18.204502,-1.858258,-2.7440968,5.4289265,0.09040445,-10.035983,4.1185446,-10.832636,4.918929,-0.17161438,-17.026749,-4.762265,-0.007612459,5.3458166,-0.09018963,-7.1103015,6.589844,0.58028704,5.0337048,0.23790242,-5.7618628,6.9192333,1.4220557,4.5557065,0.32934377,-4.2824893,7.4177947,-0.16520493,4.755479,0.09748226,-6.1621685,5.4982777,1.4644626,4.2960854,-0.1320943,-4.1263547,6.94091,1.5136749,3.9518547,0.0652824,-3.4787395,6.6803274,1.1986337,4.091405,-0.22737485,-4.161154,6.342061,-1.4002887,3.6800385,-0.18391883,-6.069285,3.2100112,0.20150465,3.664303,0.04738125,-4.5002365,5.0269494,0.63379186,3.632659,0.03095028,-4.138707,5.3137107,-0.2890675,3.717993,-0.1806888,-4.8323746,4.36621,-1.1763705,3.205378,0.06435533,-5.330039,2.9974294,-0.4624917,3.546428,-0.105742514,-4.870957,4.0388527,0.171478758985623,2007.1142516132734,0.051090654,0.12653904,location_A,part1,clip_064.wav
-204.41405,13.272982,-0.10260754,-222.34662,-186.56252,47.90532,8.167297,-0.013130686,37.29392,58.50981,-14.946049,8.037758,-0.09764949,-25.55994,-4.4809914,7.368265,7.7535896,-0.2984892,-3.372633,17.286676,-10.221262,5.1563206,-0.18049641,-16.802593,-3.532189,-4.741511,4.754187,0.051444363,-10.89267,1.1730996,-8.929607,5.1118903,-0.05143015,-15.186066,-2.2085915,1.0325183,5.0580974,0.06364117,-5.1848955,7.380342,1.9314128,4.6664443,-0.050031062,-4.05268,7.605407,3.076765,4.313736,-0.014370361,-2.5181448,8.638304,0.427842,4.783632,0.18258505,-5.8016043,6.6466103,0.48423213,3.9031918,0.05314399,-4.2940903,5.393586,1.2821459,4.378318,-0.07716176,-4.437958,6.59483,1.5035865,4.2384295,0.22803201,-3.5615087,6.8899307,-0.5524559,3.9711664,-0.023654632,-5.6156464,4.414542,0.6091228,3.6048043,0.11289524,-3.8771691,5.220457,0.43639717,3.7488503,-0.12859756,-4.4246607,5.0252714,-1.0181326,3.43025,-0.29237556,-5.5878835,3.2703981,-1.2424954,3.2581527,-0.07065006,-5.3513694,2.998134,-0.9529882,3.2151167,-0.07263631,-4.978161,3.054215,0.16198301467651757,1909.2733779814907,0.043575127,0.16590416,location_A,part1,clip_065.wav
-185.58438,12.304013,0.16715656,-201.27777,-170.8864,52.177494,7.5203633,-0.49447554,41.81588,61.53179,-15.197292,8.757732,-0.2261951,-26.662899,-4.803882,7.49573,8.604917,-0.41235623,-3.8013856,18.693214,-10.60707,5.692851,0.08739127,-17.900005,-3.000993,-1.9404135,6.446649,0.16452786,-9.7973795,6.569992,-8.312881,5.613714,0.12644246,-15.331866,-0.9079653,0.3805317,5.5256424,-0.010103901,-6.8982315,7.500439,0.77282953,4.809504,0.13047995,-5.218137,6.963785,2.9896057,4.4992476,-0.06796592,-2.530087,8.750619,1.2080429,4.5439987,-0.35189304,-4.6385765,6.476698,1.0306964,4.424687,-0.13944253,-4.50879,6.8671694,1.0454965,4.4789777,-0.12771204,-4.996669,6.649254,1.837439,3.9479873,0.061931226,-3.3424265,7.037168,-1.3001044,3.7330425,-0.059398226,-6.192498,3.4927363,-0.12371083,3.757257,0.003150174,-4.9343853,4.603684,-0.44241118,3.43646,0.06515629,-4.6488934,3.839157,-2.1124494,3.4009573,-0.04895146,-6.4910965,2.2367072,-1.6740704,3.3870564,0.018300649,-5.8318844,2.570406,-0.31405172,3.2954893,-0.08957509,-4.5035295,4.0351696,0.1471863767971246,1803.2710310035634,0.033349562,0.08403412,location_A,part1,clip_066.wav
-215.94937,23.48874,-0.48396495,-250.07191,-187.64569,43.909527,8.508457,-0.5157355,32.543076,54.10783,-13.40958,11.041771,0.41723338,-27.51816,2.1414132,7.6382356,7.5446,0.21016222,-1.5327978,17.946173,-8.097508,7.0512166,0.099863775,-16.646244,1.3305526,-3.735526,5.2881956,-0.018013326,-10.448673,2.7887616,-10.604566,5.212763,0.06737839,-17.126308,-3.503396,1.5625842,5.4063153,0.24397986,-5.1013393,8.44335,0.69874,5.279306,-0.0011463185,-6.241578,7.3428936,2.9542174,4.592158,-0.07258255,-2.8613276,8.825321,-0.7107401,4.456958,0.097700365,-6.2505207,5.001592,2.3995576,3.9882734,0.12386658,-2.7259564,7.6620865,1.1466665,3.9726067,-0.14669104,-3.9560103,6.223301,2.6163774,4.040377,-0.13950239,-2.6375751,7.6714625,-1.7200309,3.7986596,-0.10044538,-6.706522,2.9731925,-0.64393574,3.8686938,0.2983713,-5.372735,4.479353,0.40668753,3.8874912,0.23271841,-4.5754995,5.091358,-0.19281375,3.6550803,-0.17052518,-4.7463207,4.503394,-0.23624653,3.44465,0.05897971,-4.6760044,4.0424128,0.1430936,3.2358265,-0.0041516265,-4.024919,4.4172034,0.17282660243610223,2026.4358628088637,0.051455975,0.08036938,location_A,part1,clip_067.wav
-326.29565,25.397118,3.1154304,-346.9396,-305.12653,46.32508,11.945503,-0.49513632,29.373867,60.14019,-9.088469,8.323598,-0.692875,-17.983194,1.0919766,6.931665,9.077367,-0.7889759,-4.0489144,17.452599,-7.543853,6.353456,-0.043722305,-15.675563,0.7797596,-3.0208669,5.4953175,-0.12744747,-10.313183,3.8028088,-8.419025,5.651611,-0.46984825,-15.973134,-1.6707609,1.0706049,5.4943123,0.048556488,-6.004652,8.005884,0.89290595,4.4700823,-0.032859158,-4.9310637,6.6575794,2.6930163,4.448052,-0.0128820045,-3.086286,8.320515,1.0818897,4.7128663,-0.3541834,-4.9431725,6.8444004,3.1436012,4.0657086,0.13742664,-1.7674143,8.399862,1.8819944,4.7690654,0.43673256,-3.853761,7.968292,2.459738,4.1739917,0.2083573,-2.897406,7.8991303,-1.2469677,3.767691,0.15764193,-6.0058484,3.5476327,0.3927388,3.8940425,-0.020843817,-4.579659,5.0198627,-0.12264298,3.9205756,-0.14679883,-5.0465307,4.4099765,-0.15963675,3.8673851,0.28029352,-4.8376007,4.7806654,-1.7676921,3.7109017,-0.40249982,-6.838212,2.5448453,0.4568908,3.7884727,0.12230091,-4.082203,4.9319673,0.1667659869209265,1970.889402837596,0.05559903,0.015377998,location_A,part1,clip_068.wav
-307.23755,19.16718,1.7986585,-325.67203,-285.58426,44.121387,11.470819,-0.7715244,29.721268,56.886032,-8.974621,8.795865,-0.3081574,-21.625029,1.3625333,10.3135805,7.9273677,-1.7032635,1.7084293,18.585884,-6.1957116,5.914971,-0.21475005,-13.842378,1.166207,-1.9136255,5.3401375,-0.09415097,-8.457997,4.6658044,-10.111488,4.9437795,-0.12022904,-16.759064,-3.872272,2.2499259,4.483915,-0.33166286,-3.2591612,7.6503716,0.8811413,4.403294,0.02692603,-4.7992115,6.604481,2.8166986,4.408544,-0.025800738,-2.9148765,8.388796,0.023515182,4.0519156,-0.21371509,-5.246599,5.142558,1.8403454,4.5269766,0.10117746,-3.9073615,7.213445,1.0302625,4.1935773,0.25168213,-3.8867922,6.451969,2.1880999,4.1694517,0.21650738,-3.086145,7.3349924,-0.6051804,3.5750337,0.00950032,-5.163878,3.9129066,0.42137036,3.6187608,0.16528748,-4.0934067,5.0948515,1.0484581,3.4131405,-0.010277928,-3.3606732,5.444319,0.5755838,3.6429882,-0.16920848,-4.247014,5.175046,-1.0955404,3.1751392,0.07246793,-4.9759665,3.0252695,0.7960366,3.1097727,-0.02241872,-3.1946247,4.7368913,0.1710045177715655,2046.6180474406544,0.060353033,0.021892233,location_A,part1,clip_069.wav
-163.67453,13.890023,-0.01681737,-182.57439,-144.43678,46.369225,8.000767,-0.32339796,35.348267,56.542328,-5.7232943,7.79141,-0.3597481,-15.726789,4.073627,10.480355,6.1933203,0.053978432,2.5324035,18.467644,-4.4995494,5.056415,0.21113014,-11.06661,2.2123601,-0.43790963,4.9529705,-0.15716186,-6.7776394,5.764862,-8.170893,5.108227,-0.11701699,-14.779461,-1.7277085,2.4685154,4.7753625,-0.008070051,-3.766226,8.913187,-0.19143729,4.3613005,0.0074189776,-5.64668,5.4349318,2.816021,4.2317066,-0.1602706,-2.5835848,8.330248,-0.008317519,3.9262486,0.020303203,-5.019187,5.187558,1.4472795,3.9360955,0.025916802,-3.6011612,6.518712,1.510619,3.847063,0.21258391,-3.4372585,6.533659,1.4334594,3.8328218,-0.10422114,-3.6253204,6.43787,-0.78184855,3.6924934,0.007827288,-5.7209086,3.9866374,0.88370734,3.8500605,0.18624283,-3.8878007,6.025305,1.2038907,3.8113983,0.017209284,-3.5975244,6.161069,0.34520575,3.437919,0.18624331,-3.9266315,4.799893,-0.69839805,3.2920382,-0.00092698145,-4.87745,3.4084196,0.79470265,2.8288698,0.11424229,-2.7909606,4.474693,0.15676480131789136,1989.8722087375575,0.05336011,0.165385,location_A,part1,clip_070.wav
-170.2523,15.2258,-0.15281966,-191.27473,-151.08621,49.74641,7.8787117,-0.5125007,39.307575,59.066273,-11.276731,8.156093,-0.115567856,-22.168995,-1.0930095,9.184091,9.179308,0.17955028,-1.8737302,20.896112,-7.831883,6.262332,0.13035049,-15.743813,0.3079757,-2.127672,5.7492886,0.25822228,-9.095573,5.701872,-9.206451,6.003341,0.009040396,-17.071918,-1.4712274,0.6062454,4.9727535,-0.057297807,-5.850321,7.00377,-0.48800838,4.7803726,0.24583723,-6.4872913,5.961844,1.4944557,4.7236137,-0.20067441,-4.1274424,7.33401,1.0855983,4.3063555,0.2648333,-4.203516,6.961735,1.2420129,4.3888297,-0.08957939,-4.215448,6.7451916,1.367478,4.0750513,0.20207782,-3.938475,6.559024,0.9629732,4.1687737,-0.08203269,-4.6078753,6.33228,-1.4228196,3.8068342,0.06223714,-6.2873793,3.4180458,-0.7704503,3.7003129,-0.13224219,-5.3307095,3.8904788,-0.5421828,3.9504728,0.14791025,-5.4186926,4.651161,-0.7252576,3.7281837,-0.21413718,-5.565707,3.772534,-1.2875311,3.6915395,-0.29718402,-5.9651003,3.367816,1.5470445,3.383347,0.004470853,-2.7415383,5.6593437,0.15200366912939298,1888.2982653653205,0.037488278,0.16909987,location_A,part1,clip_071.wav
-195.05803,18.40478,-0.2834703,-221.00038,-171.60374,42.512836,11.809579,-0.117995724,26.962116,57.135704,-13.930555,6.954247,0.39639613,-22.578655,-4.645705,11.0366955,6.890758,-0.13957553,1.5727128,19.567429,-8.95014,5.3611646,0.06361801,-15.865378,-1.9706041,-4.15756,5.083853,0.07607915,-10.591136,2.4748719,-10.301082,5.0108104,0.02052118,-16.998623,-3.5519893,2.864352,5.0272274,0.12798266,-3.555522,9.007314,-0.48914456,5.571065,-0.22265871,-7.4919596,6.195767,3.2246342,4.6802487,0.043768488,-2.6923172,9.178438,-1.490647,4.8133664,-0.29266092,-7.579858,4.5346966,-0.11089027,4.154214,-0.42321014,-5.4336357,4.820058,2.0033634,4.06852,-0.18060675,-3.109901,7.2085733,1.0424762,3.772129,0.0692478,-3.7145977,6.117053,-1.8262372,3.9027522,0.03888769,-6.5992255,3.119268,-0.6981243,3.882897,0.09484318,-5.681347,4.1370964,0.772594,3.744488,-0.07040089,-3.9315715,5.5291476,-0.5694654,3.5844152,-0.13499436,-5.3079348,3.8336725,-1.6120672,3.3327987,0.13156764,-5.7262135,2.714314,0.30622005,3.3488624,-0.17652968,-3.8810303,4.489488,0.1913126497603834,2073.6910725883586,0.05638966,0.15877835,location_A,part1,clip_072.wav
-193.7183,12.775894,0.13423924,-210.01718,-176.76726,50.727085,7.8493953,-0.66683775,40.057,59.95687,-15.658553,7.2622414,0.031393234,-24.846985,-6.236058,6.343498,8.102964,-0.47045356,-3.9870653,16.070389,-8.998369,5.741766,0.1206747,-15.909606,-1.1885395,-4.9785924,5.6236587,0.010368875,-12.370541,2.024549,-9.603593,4.990907,-0.11838087,-15.905053,-3.0997386,1.7501546,4.591975,0.063558534,-4.210092,7.545352,1.0501486,4.9947257,-0.19126104,-5.013154,7.3374643,2.5709457,4.3497696,-0.05790369,-2.9302154,8.28406,0.99366325,4.511805,0.026677048,-4.6004033,6.577179,2.1916697,4.0274796,-0.14015783,-2.9575121,7.3150635,2.2460015,4.181668,-0.064671546,-2.984558,7.690336,1.4090058,3.9393077,0.20436431,-3.6725898,6.5411167,-1.8361355,3.4999259,0.009932094,-6.2261763,2.7736495,-1.0966914,3.849745,-0.11317861,-6.357995,3.6930528,-0.6410644,3.5723832,-0.22211702,-5.253848,3.8713045,-0.8068558,3.5018988,0.060914252,-5.2776265,3.8245716,-0.60356563,3.554683,0.10348428,-5.1293726,4.0064216,0.63731056,3.6315196,0.04864598,-3.9260435,5.3463492,0.14742193740015974,1831.5953727563779,0.034688774,0.08016033,location_A,part1,clip_073.wav
-173.16151,11.115993,-0.21815558,-188.2428,-158.95215,51.851585,6.70145,-0.20297748,42.741043,60.41095,-15.185963,6.6384664,-0.26632914,-24.115273,-6.8106613,7.4697437,7.403143,0.38321957,-1.3604882,17.069092,-9.604366,5.2800293,-0.057804137,-16.389397,-2.9899075,-3.2944052,4.8486037,0.06192545,-9.231615,2.8948858,-8.685666,4.6774907,-0.1765028,-14.658075,-2.6292572,1.7316864,4.2582436,0.036487076,-3.7248993,6.844577,-0.777778,4.479663,0.08291597,-6.5475235,4.7663074,1.6006247,4.2024693,-0.09138988,-3.912955,7.1424813,1.2378751,4.5055537,-0.10077375,-4.462718,6.93424,1.846172,3.921175,-0.0755195,-3.226468,6.8343983,0.8672364,4.089394,-0.12387888,-4.3217916,5.9277544,1.0538958,4.0439615,-0.20706278,-4.190075,6.1773477,-0.91522664,3.64467,-0.100604676,-5.7968216,3.5049634,1.0034769,3.6921315,-0.061165594,-3.8753557,5.7484374,0.5335598,3.6727042,0.17612578,-4.169043,5.319136,-0.26474872,3.4041212,-0.06503596,-4.5855966,4.0136237,-1.08448,3.345842,0.09857488,-5.1942673,3.2706714,-0.06835611,3.4567149,-0.15734214,-4.0641203,4.1963606,0.14722381689297126,1807.9853059482573,0.034703143,0.18847911,location_A,part1,clip_074.wav
-167.1638,10.729124,0.2854393,-180.16486,-153.47482,51.441166,6.3641267,-0.27686337,43.281693,59.044563,-11.959041,6.1214094,-0.15987107,-19.982265,-4.817031,8.2493515,6.192424,-0.017265683,0.14042404,16.294167,-8.354852,5.4310517,-0.04239618,-15.275527,-1.5787984,-5.1965656,4.5501714,-0.067722894,-11.240723,0.5539609,-9.56867,4.129811,-0.059904482,-14.805767,-4.1237607,1.5896345,4.3892837,0.12632482,-3.9592485,7.097136,1.0924041,4.289707,-0.16573489,-4.552874,6.434495,1.7639204,4.400515,0.061898775,-3.7440915,7.4336405,1.6339104,4.3914895,0.16431525,-3.7691257,7.129201,2.0614922,4.149249,-0.03624462,-2.9966466,7.5020046,1.5112636,4.6596465,-0.31670266,-4.9644265,7.1946936,0.274832,3.7017143,-0.09863388,-4.537868,4.927954,-3.1967642,3.9099102,0.0037951237,-8.244374,1.8148713,0.9298931,3.917151,0.019790158,-4.009079,5.800063,-1.3268719,3.7533324,0.17538641,-6.09461,3.4111347,0.55449414,3.6425805,0.17126362,-3.9305801,5.338251,-0.13746805,3.3345678,0.0011440368,-4.429222,4.015407,1.4640375,3.465666,-0.18090165,-2.966292,5.654927,0.14163432258386582,1804.6321478918303,0.034186494,0.16482475,location_A,part1,clip_075.wav
-205.8687,14.932881,0.63203555,-224.15433,-184.08331,54.40148,7.14388,-0.5529899,45.366146,62.859337,-13.424173,6.5542116,0.055010315,-21.966614,-4.65832,9.152355,6.2783275,-0.039810784,1.1293882,17.180838,-6.4890556,5.039215,-0.08927122,-13.108862,0.35934407,-2.4931202,4.617464,-0.07552221,-8.073185,3.3273897,-7.6123066,4.445187,-0.18468046,-13.546948,-2.0390077,1.8893597,4.556503,-0.042143296,-3.9530349,7.4926624,1.3700101,4.313173,0.0038982173,-4.165341,7.1260457,2.9007146,4.2454195,-0.20528342,-2.7600222,8.264519,0.6108766,4.2496448,-0.011320734,-4.8342566,5.863727,1.7103453,4.138261,-0.078759044,-3.5981436,6.948266,2.0113962,4.281926,-0.1613149,-3.8401167,7.365959,1.6384386,3.8127387,-0.0174403,-3.3120902,6.376583,-1.6718332,3.5441594,0.16514301,-6.1286974,2.8240767,0.6509492,3.8566065,0.22280787,-4.3475943,5.6403337,0.74366367,3.572195,0.05452812,-4.0762177,5.134248,0.42578328,3.5755668,0.0019427453,-4.047822,5.130049,-0.51163405,3.2931716,0.1554034,-4.666904,3.8427691,0.74057716,3.455767,0.06880759,-3.6848788,5.0478044,0.14246424470846644,1741.8972724821276,0.033391207,0.09397198,location_A,part1,clip_076.wav
-179.88461,15.245487,-0.057781857,-199.46767,-161.2172,52.361744,7.266367,-0.44470304,42.493782,60.589016,-15.308711,8.111568,0.06962014,-25.427261,-4.590766,7.43485,8.492723,-0.123881675,-3.4988604,18.397938,-9.417696,5.5982785,-0.12141649,-16.649546,-2.401856,-5.7460713,4.574346,0.22100568,-11.407407,0.544253,-8.928704,4.9679046,0.20248413,-15.405369,-2.8074856,0.13644433,4.5494223,-0.051381018,-5.861332,6.0376997,-0.91998845,4.466339,-0.036493804,-6.697644,4.852312,0.68698907,4.379804,0.2060917,-4.848789,6.5042953,-0.700258,4.141454,0.046992525,-6.044935,4.5716276,0.66869205,4.4112487,0.028554255,-4.8926826,6.4995956,1.38789,4.0255275,-0.06372308,-3.7059345,6.646664,0.56647754,3.9641328,-0.008584914,-4.49669,5.7063437,-2.8194408,3.8365397,-0.036622994,-7.3861275,2.0697138,0.49228212,3.7763765,0.005730015,-4.403901,5.3322124,-0.24729277,3.6856506,-0.2176465,-5.1061716,4.3645372,-1.0626452,3.6517208,-0.114509344,-5.98856,3.5873642,-0.12668931,3.7534115,-0.1621376,-4.88644,4.4861736,0.33562,3.5920024,-0.07785935,-4.187354,4.843615,0.14515057158546327,1788.6975598567174,0.03256517,0.14873227,location_A,part1,clip_077.wav
-172.68242,15.019536,-0.10785889,-192.51247,-153.40863,47.72842,8.377856,-0.33252636,37.164078,58.5554,-13.09389,8.4242525,-0.06238675,-24.582516,-2.8772373,7.004955,7.361977,0.25874874,-1.6693172,16.808737,-8.870451,5.650713,-0.14655784,-16.20977,-1.7327886,-3.597785,4.5771775,-0.028002892,-9.449923,2.2314034,-9.057421,4.764857,-0.11878536,-14.955932,-2.9683876,-0.13512789,4.6785803,0.33958066,-5.8824396,5.757239,-1.441887,4.6351523,-0.009286069,-7.1205025,4.6922584,1.8651152,4.453745,0.19574349,-3.6316047,7.339006,-0.85837954,4.0029583,-0.11221123,-5.7928267,4.151945,-0.6990109,4.2775803,0.18592614,-6.094263,4.9033012,0.15084958,4.215391,0.13933134,-5.098133,5.484048,0.7296113,4.2001605,0.079371184,-4.6345344,6.4149466,-1.590038,3.8536663,0.16509962,-6.5904703,3.5400443,-0.16079389,3.8008187,0.02341735,-5.196767,4.692631,-0.30512133,3.7591171,0.022746477,-5.0441294,4.55373,-0.55638075,3.7233503,0.25442052,-4.9637537,4.110897,-0.71079266,3.4344637,0.12720102,-5.089405,3.7580223,-0.52623296,3.5987597,0.10637302,-5.2220116,4.202383,0.1636849790335463,1935.0041599853118,0.044993028,0.13326676,location_A,part1,clip_078.wav
-174.64357,12.640045,-0.007363052,-190.97902,-157.99133,50.79792,7.8131595,-0.35206884,40.895863,60.088078,-11.698573,7.2048306,0.12608032,-20.751171,-1.924803,8.912072,6.631339,0.03308876,0.34512603,17.558762,-8.6178875,5.2115273,-0.0107888235,-15.382712,-2.3304439,-3.7740505,4.5725574,0.02839346,-9.884722,2.0981603,-10.566589,4.743751,0.09437107,-16.647942,-4.4267864,0.04560186,4.803999,-0.07086978,-6.2622027,5.9527392,-0.9023348,4.827398,0.021805944,-7.300349,5.1747155,1.5932295,4.4819713,-0.1988948,-4.007497,7.1795607,-0.27271727,4.1974387,-0.08285949,-5.8852506,4.966525,-0.4110252,4.0890064,-0.17549384,-5.79797,4.550334,0.22830701,4.06245,-0.06648629,-4.979637,5.4769435,1.1234083,3.7475238,-0.018071776,-3.960924,5.7773867,-2.1524346,3.7852428,0.12702885,-6.9839654,2.7233381,-0.28338492,3.747663,-0.06401777,-5.1116037,4.383987,0.9989524,3.5753894,0.04080951,-3.6472092,5.6960397,-1.2613215,3.492964,0.054892145,-5.549464,3.3413436,-1.5030745,3.3321486,0.061391912,-5.7755404,2.8748155,0.08122176,3.5446796,-0.15766762,-4.7080774,4.445352,0.14882594099440893,1841.5446278542263,0.037213657,0.10593069,location_A,part1,clip_079.wav
-195.55507,12.837353,1.0481248,-210.46552,-180.35204,49.719517,8.061165,-0.2943455,39.431442,59.845932,-9.600374,6.7774396,-0.28959513,-17.75122,-1.3383317,7.9157414,6.237366,0.15275721,0.14550132,16.09907,-4.677854,5.2381535,-0.23220128,-11.397324,1.8044102,-2.3515344,5.674155,-0.371886,-9.770285,4.7811737,-7.674653,4.601796,0.058976375,-13.644699,-1.610856,1.8086369,4.455583,-0.2625055,-4.089333,7.3296347,0.75983244,4.6242876,0.16046321,-5.075956,6.742399,2.433372,3.8636951,0.05874239,-2.4191067,7.405918,1.2002965,3.982397,-0.029529782,-3.8863573,6.328889,2.57478,3.8772435,-9.707886e-05,-2.2728043,7.4489646,2.5623643,3.673368,0.0018380772,-1.9988983,7.312647,1.4848146,4.0423098,-0.0029499899,-3.5568466,6.4690924,-1.1019933,3.8878841,0.01770096,-6.0367084,3.6550686,0.96893936,3.6995943,0.20306908,-3.6833067,5.960344,1.0989361,3.3555386,0.047649033,-3.2577612,5.36469,-0.041991655,3.2586565,0.0702809,-4.1259375,4.2675576,-0.43264586,3.3790102,0.12585525,-4.6180344,3.920802,0.1848229,3.383825,0.14135498,-3.902945,4.6449585,0.14813797923322683,1879.3152510816974,0.046488702,0.072315924,location_A,part1,clip_080.wav
-171.71825,13.52901,0.8771492,-187.423,-155.44585,46.912956,10.52126,-1.2588704,32.895863,58.00584,-6.641233,7.6828303,0.58711565,-15.7213335,4.453391,8.320463,6.8112097,-0.417009,-0.57350016,16.703243,-7.487092,5.4612427,-0.38849086,-14.870465,-0.98693,-1.324499,5.0870776,-0.10045219,-7.901728,5.029874,-9.496946,4.7163,-0.11773584,-15.39576,-3.3579564,0.1563403,4.663218,0.062722646,-5.8078485,6.1852055,-0.029092062,4.4512334,0.14148791,-5.6438737,5.7879486,2.5165827,4.5475645,0.21909094,-3.047154,8.298105,0.17193234,3.8023186,-0.10595376,-4.743781,4.878184,-0.3456519,4.068848,-0.14347729,-5.5883636,4.607278,-0.23348656,3.7491899,-0.039162524,-4.9268064,4.2140336,1.4356189,4.1861434,-0.12619796,-4.280967,6.623209,-1.2884592,3.955598,0.028359119,-6.315147,3.8380904,-0.15625049,3.5144615,0.16202676,-4.470609,4.3366117,1.0444847,3.9531112,-0.060785703,-4.0504546,5.9413176,-1.0514151,3.4827225,-0.0928209,-5.3832674,3.3555713,-0.32457855,3.3651772,0.14980184,-4.607688,4.1776104,0.29177457,3.2159302,-0.18981387,-3.7762094,4.438965,0.1641077401158147,1988.0252585447067,0.050448652,0.10096534,location_A,part1,clip_081.wav
-175.4287,19.958042,0.06784852,-201.23601,-149.969,47.939743,9.112151,-0.67055035,35.249466,58.59002,-9.929743,9.046285,-0.44386145,-21.85965,1.4746333,9.367549,8.547035,0.6526003,-1.1279076,19.67757,-8.368471,6.0474763,-0.16232106,-16.007076,-0.8319787,-2.6893978,5.6799335,0.0034254682,-10.106741,4.5420685,-7.8539395,5.4367414,-0.019460393,-15.197684,-1.2692058,2.311723,5.271993,0.15943241,-4.521595,9.0216255,-1.4388644,4.9099045,0.19374806,-7.4210987,4.8260384,1.4232095,4.934159,0.1616683,-4.993794,8.007069,-0.10970826,4.3611097,0.2471321,-5.793518,5.325832,2.463808,4.362572,0.028573697,-3.2788553,8.28761,1.2270384,4.3437448,0.038503483,-4.0633965,6.679818,1.7907751,3.7758863,0.020899782,-2.9307048,6.652258,-1.7527485,4.0786977,0.06656833,-7.236072,3.5334063,-0.49875477,4.055563,0.13784204,-5.616777,4.735284,0.55231106,3.9105124,-0.067653134,-4.374678,5.4808774,-0.37556204,3.949201,-0.05272313,-5.38135,4.45168,-1.054707,4.291992,0.15480785,-6.623316,4.368709,0.5234626,3.493421,0.055487122,-3.705737,4.9955626,0.15757288338658146,1941.1014080196105,0.042029075,0.086604,location_A,part1,clip_082.wav
-176.0654,14.417425,0.18267779,-194.11989,-157.61784,47.972996,7.9903765,-0.39725462,38.60207,57.838116,-11.800729,7.6829467,-0.06203193,-22.229708,-2.3595805,12.019131,8.216921,0.0133670755,1.1795179,22.793394,-8.824327,6.2436547,0.019474382,-16.605873,-0.8041039,-3.7254796,4.7164264,0.08335695,-9.622915,2.3557677,-9.99195,5.9876995,0.30940443,-17.450428,-2.1155288,2.0931146,5.5123963,-0.17646101,-5.22143,8.806927,1.7574897,4.9339576,0.16233154,-4.5707016,8.479208,1.1967237,4.6083136,0.1295166,-4.7491455,7.26754,1.624606,4.948397,-0.2154283,-4.8830385,7.7530766,0.65966636,4.6110473,-0.043567598,-5.416585,6.6126842,1.3040383,4.7391043,-0.15822406,-4.935936,7.188527,2.0835595,4.1363115,0.22395955,-3.1275005,7.4976196,-1.8658376,3.8920515,-0.14147647,-6.5978603,3.1292982,1.0209544,3.7868333,-0.041284394,-3.9509375,5.871467,2.0969067,3.7194889,-0.024814874,-2.5243778,6.922634,-0.26671952,3.8494308,0.03508098,-5.1935163,4.556704,-0.89532804,3.809362,0.17126636,-5.751165,4.060631,1.1339849,3.63019,0.14404999,-3.4408507,5.6508217,0.16247129592651757,1920.3125313832202,0.039463166,0.16896522,location_A,part1,clip_083.wav
-183.70723,14.871684,0.15769549,-204.16193,-164.56802,48.10185,8.835956,-0.8503659,36.756298,58.693974,-14.20093,8.273328,-0.00903415,-25.172428,-3.052592,8.82843,7.5877223,0.35524493,-0.19431943,19.448242,-8.835305,6.2678814,-0.2167287,-17.35998,-0.85764265,-3.5605898,5.961867,0.14341018,-11.101721,3.979273,-10.120148,5.0651345,-0.05401164,-16.627363,-3.767048,0.2430051,5.870738,-0.2282539,-7.192947,7.746625,1.8123388,4.7404337,0.078330815,-4.2102246,7.8072376,1.328334,4.4177666,-0.00370441,-4.3435,6.9838915,0.74603534,4.4564176,0.0052468753,-4.784075,6.1780424,0.0877898,4.411509,0.030170323,-5.596778,5.736388,1.8519408,4.6068187,0.35460818,-3.8685203,7.472118,2.0674415,4.59253,0.22925505,-3.8681936,7.801816,-1.1945232,3.7619226,0.05249512,-6.1824594,3.8963227,0.4721995,4.2589316,0.26915565,-4.8308372,5.7001514,1.7765498,4.035236,0.023271956,-3.1949196,6.8943186,0.0099508185,4.395093,-0.26174146,-5.8712945,5.4767213,-1.2662938,4.0774207,0.3548645,-6.439896,3.756717,-0.03340449,3.6281333,0.033452705,-4.654476,4.619756,0.1599581294928115,1913.60481840452,0.038543597,0.12348116,location_A,part1,clip_084.wav
-190.01106,15.563183,-0.0309703,-212.10051,-171.9899,47.705288,8.407351,-1.0504119,37.31853,57.034035,-16.419647,7.5753818,0.5390685,-25.344425,-5.6105843,9.813611,7.9910145,-0.23935056,-0.99644303,19.83633,-11.677103,7.220465,0.0786557,-20.476044,-1.6593132,-3.234458,6.108519,0.20703219,-10.757907,4.525621,-11.830746,5.565953,0.044233743,-19.022583,-4.5952997,0.19813795,5.577013,0.14966024,-6.9832926,7.6495514,0.010046289,5.2867827,-0.039877106,-6.966678,6.7255054,0.1652604,4.7908816,0.009331707,-5.7163997,6.0921535,0.70473486,4.3959117,-0.15049745,-5.0950403,6.147544,0.2221085,4.5622683,0.21872202,-5.480577,5.628683,-0.4034812,4.3744044,-0.0414572,-6.0839434,5.278288,0.9043926,4.303345,0.03971898,-4.4724636,6.4173236,-2.1060135,3.8512754,0.032608047,-7.198238,2.9719787,0.073383145,4.2523875,-0.40169272,-5.010901,5.344488,1.14548,4.0823946,-0.12159139,-3.959709,6.445512,-0.4733208,3.7223582,-0.17051823,-5.3651714,4.3609524,-2.1372178,3.866106,0.06685121,-7.0709224,2.8883324,-0.94825864,3.8217278,0.10447906,-5.7588487,4.149172,0.16115777256389777,1907.3246821206017,0.036559265,0.13155738,location_A,part1,clip_085.wav
-189.24974,14.953014,-0.53472614,-209.81586,-172.27904,46.5356,7.840507,-0.3459145,36.61608,56.258583,-13.222871,7.6545997,-0.019638475,-22.893497,-3.4315028,10.137152,7.308122,-0.007535584,0.8544022,19.598457,-12.429845,7.0591755,-0.10743781,-21.985075,-3.352005,-1.695552,5.314793,0.18651132,-8.484312,4.890182,-10.620015,5.3168674,-0.1346526,-17.64814,-4.0905633,0.65691674,5.412188,0.0028262695,-6.5565805,7.6509924,0.84814644,4.7455773,0.13205007,-5.0566196,6.914416,2.206722,4.736208,-0.0413686,-4.172161,8.027076,2.0564578,4.4186835,-0.07436849,-3.5089002,7.672922,1.6658435,4.307785,-0.10991038,-3.815559,7.2217703,1.7200782,4.350811,-0.009969073,-3.9938555,7.217661,2.1748745,4.1477194,-0.2933754,-3.3748276,7.305949,-2.483842,3.89618,0.341019,-7.2777543,2.6464267,-1.1924467,3.988408,0.21298744,-6.159848,3.879924,0.2807552,3.7180457,-0.12968993,-4.58422,4.962528,-1.151288,3.9363983,-0.13385406,-6.211398,3.8804731,-1.8633261,3.5961463,0.13904496,-6.3680153,2.9147942,-0.50055426,3.457239,0.019175898,-4.740391,3.9519463,0.16429650059904152,1950.301457705467,0.04190961,0.11660189,location_A,part1,clip_086.wav
-183.27438,16.293215,0.6130298,-202.47195,-161.62177,45.515205,10.332074,-0.9023022,32.336792,57.462467,-9.137961,7.839371,0.16407473,-18.44386,0.65780383,13.828025,8.37883,0.3385657,3.510629,24.561035,-7.7641597,6.5269184,-0.40873453,-16.893589,0.023743033,-1.2996274,5.1115146,0.009129418,-8.029047,5.3453298,-9.163189,5.4074297,0.005115026,-15.939295,-2.4752536,1.8387703,5.520976,-0.2758092,-5.7505016,8.472393,0.3130949,4.5092077,0.08605026,-5.20291,6.1000614,2.3135228,4.6901817,0.12178053,-3.6807406,8.213401,2.0911498,4.2042146,0.15672058,-3.325481,7.487126,2.4563966,3.8925312,-0.11881212,-2.5761187,7.558109,1.5386248,4.6239557,0.23931843,-4.3193283,7.1595984,2.8031032,4.3497286,-0.024104446,-2.4770174,8.317523,-1.4532216,4.1196966,0.09306357,-6.747015,3.697175,1.0269814,3.6464622,-0.044664145,-3.8550627,5.773361,1.074253,3.759916,-0.13803029,-3.9976244,5.7491684,-0.60598683,3.4983401,0.07907531,-5.170713,4.045145,-0.97912425,3.3209057,-0.035112027,-4.910012,3.4307852,-0.33451265,3.43702,0.106186405,-4.6380806,4.096575,0.1714631589456869,1994.3678704686774,0.050637886,0.09616696,location_A,part1,clip_087.wav
-223.45436,17.24315,0.5873867,-245.3307,-200.46373,48.703667,10.087084,-1.4009268,37.552864,59.55973,-4.651958,7.5208955,0.12623236,-14.308956,4.8801517,13.03552,6.946618,-0.29790246,3.935354,21.317444,-5.5965285,5.3635983,-0.15253475,-12.251133,1.1094066,0.64275587,5.291708,-0.0210462,-5.8357177,7.3631983,-7.508633,5.912654,-0.7654506,-14.9178,-0.6430153,4.6855254,4.7793703,-0.14594136,-1.3255879,10.95047,2.8705199,4.482203,-0.058281086,-2.7827833,8.599625,3.047555,4.5220165,-0.026566008,-2.70692,8.940862,2.505659,4.6799555,-0.105647266,-3.6701121,8.287783,2.675832,4.404171,-0.14346625,-3.1330793,8.272996,2.7098815,4.3061333,0.18895915,-2.78024,8.275215,2.7501726,4.0627146,-0.15713474,-2.4566374,7.8101196,-0.96064985,4.0696993,-0.24089858,-6.1142073,3.8105786,0.19251762,3.856719,-0.117857754,-4.7465835,5.0980062,0.5791736,3.923771,-0.26860064,-4.539084,5.3922424,0.00059175445,3.792993,-0.37287384,-4.9620686,4.535826,-0.92250776,3.4967263,-0.07114698,-5.5328794,3.350149,-0.45373726,3.217544,-0.2614592,-4.6338825,3.4593222,0.1466372553913738,1880.6543862339058,0.043148335,0.082812704,location_A,part1,clip_088.wav
-186.14093,18.563702,0.40771282,-207.94086,-160.7499,47.050232,10.264466,-0.31226012,33.267273,59.801014,-12.140295,8.7884655,-0.29087707,-23.112211,-1.9713254,10.678814,7.677925,0.26265463,0.9265123,21.100117,-10.320447,5.88073,-0.35207412,-17.48204,-3.1089292,-4.887344,5.3238716,-0.15534058,-11.829075,1.6235044,-10.725037,5.946698,0.23173977,-17.76395,-3.2795706,2.3749702,5.308716,-0.28349745,-4.1418724,9.185585,1.6505378,4.666125,-0.0033057565,-4.413766,7.6107187,1.8290471,4.889758,0.0875692,-4.117444,8.266589,-0.34290373,4.5950556,0.0286076,-6.1568737,5.7221794,1.6373968,4.658263,-0.3252601,-4.681321,7.5309772,1.289439,4.7816167,-0.18370841,-5.2879987,7.1934037,1.70251,4.5443664,-0.07917483,-3.853448,7.413994,-1.8167843,4.1095924,0.10476774,-7.004362,3.5269237,-0.7750977,4.0243387,0.097537816,-6.0492744,4.399246,-0.6053779,4.385227,-0.34913155,-6.255366,4.8154373,0.17764696,3.8213162,0.022294156,-4.7878275,5.1447926,-0.13287686,3.8527048,0.3001014,-4.8562407,4.5879946,-0.0807121,3.7381525,0.122137375,-4.8162813,4.9429226,0.1583263653154952,1938.5294958874185,0.041080333,0.09589725,location_A,part1,clip_089.wav
-184.05083,15.757118,0.3601758,-203.33101,-162.31366,49.000225,10.133485,-0.20119673,35.940903,61.519016,-15.321999,8.897282,0.1843132,-26.671165,-3.451166,7.825999,7.477524,0.21952906,-1.290639,17.429546,-10.633525,6.171424,-0.08525281,-18.497305,-2.996837,-1.5479312,5.3208656,-0.2065293,-8.160501,5.0199933,-10.37259,5.3881993,0.22036687,-17.093632,-3.0828552,4.0091314,6.0469685,0.15226305,-3.4227633,11.89707,1.6900772,4.7969995,-0.12055161,-4.5339484,7.890025,2.177086,5.2129745,-0.13884333,-4.724788,8.71104,1.9572331,4.8062243,0.030304832,-4.3899612,8.327543,0.8422656,4.2780504,0.013903271,-4.53049,6.5209074,1.7018492,4.5789437,0.018207403,-4.0895844,7.4432926,1.6878575,4.110851,0.057571545,-3.7089655,6.828721,-2.0567076,3.9510756,-0.014326365,-7.302852,2.9118,0.7812719,4.2433934,0.17480125,-4.677903,6.060686,-1.1823553,4.0548425,-0.0442027,-6.416948,4.063876,-1.1129155,3.5489357,0.025795532,-5.238512,3.2096047,-0.8236174,3.6550775,-0.038644593,-5.5652275,4.0195208,-0.51287556,3.6679053,-0.010956896,-5.123324,4.1528535,0.16373801916932906,1908.4491547785867,0.037984993,0.133614,location_A,part1,clip_090.wav
-203.80122,14.816001,-0.34039512,-224.39548,-186.08044,46.645557,9.559174,-0.584241,34.15267,58.055374,-14.979712,9.526713,0.34320658,-26.586287,-1.1694367,7.118872,7.6434712,0.13256657,-2.9240637,17.372995,-10.16582,6.174102,-0.09520378,-17.726276,-2.1713815,-3.1045651,5.242258,-0.11021556,-9.555422,3.5627537,-10.124285,5.4604087,-0.040825482,-17.271065,-3.2535148,2.322558,4.674101,-0.05244745,-3.7312768,8.436605,0.23523565,4.8736534,0.070536345,-5.6807017,6.7339325,0.9644905,5.2034535,0.26542294,-5.122902,7.469724,0.22148238,4.4402747,-0.013559696,-5.650359,5.910948,0.564295,4.5586753,-0.17016745,-5.43911,6.3165255,0.48144904,4.396123,0.033473946,-4.970825,6.2359805,1.5922549,3.810964,-0.0073845945,-3.3346229,6.375294,-2.8442633,4.256192,-0.09565651,-8.216851,2.426084,-0.36069736,4.051023,0.17386125,-5.448184,4.9261904,-0.3295253,3.8299985,0.002670626,-5.4276114,4.4711294,-0.6390523,3.9632635,-0.299263,-5.647424,4.3855176,-1.164276,3.8264349,0.12940785,-6.096714,3.73319,-1.2436357,3.5785065,-0.3124552,-5.6854367,3.259787,0.1724537614816294,1970.2373520096544,0.044221036,0.1482502,location_A,part1,clip_091.wav
-201.63002,12.244423,0.16351444,-217.9088,-185.41928,44.689293,7.639493,-0.5766253,34.683285,53.665634,-13.828603,8.734159,0.045208115,-25.271532,-3.2399282,7.6572437,6.459609,0.083872996,-0.9287051,16.179123,-12.155212,6.1095796,0.16270351,-19.685225,-4.441782,-2.3875573,6.3013244,0.48186192,-9.9672785,5.3107367,-11.043974,5.443267,-0.021390973,-18.20153,-4.0946784,-0.37276924,4.97904,0.04247574,-6.527451,6.22016,-0.32281607,4.7863026,-0.04727709,-6.480344,5.740196,1.219664,4.7798276,-0.19642502,-5.2427883,6.99373,0.80703926,4.7870936,0.10907832,-5.189287,7.126108,1.3987675,4.495038,0.002986863,-4.253949,6.996221,1.7982359,4.2683363,0.009826952,-3.474935,7.257146,2.0583143,4.2044616,-0.13066708,-3.4762285,7.364583,-1.9002317,4.225746,0.010427717,-7.311561,3.575542,-1.0996687,3.742599,0.064916275,-5.981519,3.7568479,-1.5480216,4.2603292,-0.4010293,-7.144675,3.5151517,-0.902869,3.7964303,-0.10251058,-5.8518033,3.8913014,-0.72330165,4.2065983,0.24055001,-5.5741563,4.3778033,0.48821315,4.2331347,0.03350195,-4.6517744,5.861762,0.16152125349440893,1989.4725091660673,0.041837607,0.12007792,location_A,part1,clip_092.wav
-176.86586,12.449531,0.025449427,-192.92053,-160.39638,43.949806,7.6815968,-0.7744513,34.329468,53.152424,-13.745848,8.663095,0.33382794,-24.749584,-3.9977145,10.503059,7.7129397,0.22659142,0.4034531,20.138565,-10.870218,5.6607385,0.020124428,-18.028915,-3.6311157,-1.3772978,5.498423,0.08914604,-8.377895,5.436102,-11.134596,4.51385,-0.032421153,-17.021477,-5.432901,1.2343919,4.8356504,0.14399616,-4.55539,7.4850626,0.9590962,4.5131145,0.1491728,-4.8039894,6.8275223,1.783338,4.586426,0.010960483,-4.4171906,7.6216674,0.396032,4.304667,0.2910105,-5.0336766,6.052805,1.8598093,3.93586,-0.02809147,-3.3106766,6.8798513,1.3601055,4.1402016,-0.07117343,-3.6506069,6.7816205,1.9406912,4.092677,-0.05854133,-3.5501602,7.2428007,-2.5220215,3.7652016,-0.07326024,-7.3035045,2.1853492,-0.5405437,3.532862,-0.24577789,-5.009876,4.0375633,0.2297384,3.6264818,0.117920406,-4.3592725,4.667701,0.015032057,3.228367,0.09338424,-4.0393066,4.10673,-0.55645585,3.4064744,-0.3453203,-4.8625383,3.7824779,-0.6266681,3.55215,-0.13265394,-5.006671,3.7906814,0.1799901407747604,2025.9134267846641,0.04992097,0.15426672,location_A,part1,clip_093.wav
-228.11386,16.711151,0.10201278,-250.28532,-211.29407,41.45502,9.955216,-1.0496715,29.117786,52.945618,-9.867083,6.515833,0.11551649,-18.21965,-1.851594,11.615368,7.171032,-0.0017357335,2.723002,20.67163,-11.899909,5.9227633,-0.35103142,-19.180344,-4.5004683,-1.8717977,5.6291137,-0.26127005,-9.750153,5.210451,-10.595291,4.861037,-0.19349585,-16.629644,-4.6734257,0.4561795,4.876602,0.10181022,-5.841933,6.7429495,-0.40191627,4.463876,0.1540107,-5.8803673,5.12455,2.5932193,5.228534,-0.18626763,-4.1301246,9.018834,1.237175,4.5833254,-0.17206922,-4.7357335,7.084628,2.9223228,4.3450994,0.19240901,-2.6039898,8.373907,0.28779855,4.2657433,0.04747984,-4.9293156,5.7054267,1.0039426,4.0090365,-0.21936102,-3.969761,5.770544,-1.7407407,3.9243102,0.2826303,-6.351452,3.158851,-0.32013902,3.8530023,-0.17724128,-5.3383594,4.556631,0.10690472,4.1779747,-0.5803407,-5.012405,5.133133,0.25122425,3.691454,-0.16763966,-4.492609,4.776803,-0.46932504,3.906476,0.40322393,-5.0757875,4.7212048,0.60867614,3.4193974,0.19880776,-3.7331824,5.1960626,0.18189490565095848,2105.026897445853,0.057001803,0.083710864,location_A,part1,clip_094.wav
-197.12851,14.103657,0.19856595,-215.50656,-180.64693,42.518696,10.762744,-0.9378695,29.98674,55.015778,-13.018288,7.6322527,0.031984087,-22.908993,-2.9459548,8.824484,6.403342,-0.25304037,0.8283722,17.088524,-9.962751,5.3223596,-0.20550244,-16.723349,-3.0265675,-1.5875726,4.917666,0.029130071,-8.070944,4.8911505,-11.09143,5.1944475,-0.17712362,-17.898924,-4.283025,-0.016208889,4.8748984,0.093467355,-6.2167735,6.37149,0.6195943,4.228342,0.05112176,-4.7542295,6.0737586,3.1301394,3.9901145,0.08466231,-2.0593157,8.203602,0.8031507,4.09996,0.08190274,-4.2724895,6.227969,1.1600467,4.167361,-0.17293958,-4.1442876,6.3879013,1.7144077,4.064237,0.019852001,-3.6301498,7.0010147,1.383822,3.7972574,-0.09462894,-3.5355618,6.135271,-2.2227416,3.6786702,0.0057873786,-6.9745913,2.73934,-0.4542397,3.4582765,0.20011874,-4.6565638,4.1422825,-0.2413099,3.3526495,-0.043738246,-4.6868277,3.8694067,-0.76889485,3.8747122,-0.09216705,-5.617427,4.174442,-0.67986906,3.4837987,-0.05365874,-5.3675447,3.6396823,0.24862054,3.4485676,0.05874446,-4.264443,4.585456,0.18369203025159744,2068.8335837592344,0.058790773,0.14770971,location_A,part1,clip_095.wav
-164.17519,14.196836,0.6074078,-180.5921,-149.85025,46.125103,10.062202,-1.8446763,34.667645,56.42356,-12.767371,7.50128,0.20511295,-21.881252,-2.456338,10.272809,7.903329,0.17349377,0.53605187,20.820923,-12.818434,6.66009,0.006507068,-21.61821,-4.448831,-2.505772,5.3273916,0.07609127,-9.189825,4.933343,-11.49914,5.1177254,0.1410835,-18.010517,-4.9404306,0.12641245,4.9417067,0.09568632,-6.119797,6.45216,-0.042821262,4.544854,0.04604399,-5.967224,5.772011,2.5358036,4.5175304,0.31967157,-2.8938417,8.289825,0.40177584,4.2617607,-0.1278412,-5.0050373,5.4659767,-0.9458375,4.3476915,-0.010385974,-6.493981,4.897388,-0.18524046,4.401842,0.0853755,-6.0356746,5.5401516,1.4480034,4.2136607,-0.041539308,-4.0182314,7.183411,-2.5547383,3.8762705,-0.04582919,-7.3898144,2.2450466,-0.63885355,3.6890428,0.032208957,-5.5171394,3.8501601,-0.22567755,3.6460798,0.12883978,-4.763526,4.5897155,-0.7476562,3.5620766,-0.09465925,-5.373455,3.7754612,-1.1657002,3.2839236,-0.0013471283,-5.2978945,3.0390334,-0.53782594,3.3037405,-0.103072025,-4.8557415,3.5977306,0.1735364042531949,1979.8191891772053,0.042545985,0.076577716,location_A,part1,clip_096.wav
-158.17647,13.12255,0.1758345,-175.565,-143.04364,45.699318,8.851872,-0.69885486,34.652103,56.12024,-16.413385,7.905941,0.3704134,-26.26381,-6.1402187,7.1525645,6.980054,-0.088681825,-2.505624,15.93225,-11.022208,5.558542,-0.268209,-18.39421,-4.3987904,-2.988088,5.428782,0.17058186,-9.80591,4.163816,-11.037797,5.221645,0.09607523,-17.827911,-4.339826,1.1310712,5.154297,0.22270949,-5.1804686,7.596751,0.35285652,4.498943,-0.06766277,-5.6235476,6.0685444,1.5448495,4.2070208,0.042478055,-3.863729,6.9753504,-0.13204066,4.546597,0.23739013,-5.9359484,5.5977373,-0.0067472504,3.725186,-0.09785093,-4.801075,4.7738705,0.59890085,4.150434,-0.06608412,-4.7606573,5.8058815,0.7356879,4.109284,0.01010268,-4.4430065,5.607709,-2.883278,3.7958934,-0.17242344,-7.722974,1.8787705,-0.16594975,3.5044594,-0.05694221,-4.7409844,4.3889728,0.7077477,3.4975283,0.12018791,-3.4838223,5.2451687,-0.6014558,3.6053362,0.14810243,-5.089906,4.209974,-1.0591623,3.2333183,-0.0028432694,-5.281945,2.9121652,-0.58570385,3.4459467,0.13373718,-4.929692,3.9584024,0.17310116313897764,1978.4298282509417,0.048549224,0.1261514,location_A,part1,clip_097.wav
-177.01549,19.131004,1.0183512,-197.33069,-151.99876,45.842377,11.760859,-0.8737932,30.416538,58.66269,-14.910128,7.376287,0.08509928,-23.762308,-5.2198963,8.216008,7.653025,-0.07258035,-0.9000696,17.189892,-9.252209,5.706852,0.20587339,-16.47282,-1.8811702,-2.1151433,5.065177,0.024266992,-8.200778,4.456128,-12.065384,5.153435,0.12750469,-18.549782,-5.586845,0.54915667,5.885992,0.09223928,-7.0990286,8.167362,-1.1733185,5.1560116,-0.39151198,-7.680313,5.055567,1.5645398,4.735685,0.057528466,-4.7655506,7.5997458,-0.020448485,4.3577757,-0.12726623,-5.750896,5.2386174,0.060138866,4.5230474,0.04099185,-5.518191,5.9796476,1.4146856,4.378575,-0.046267066,-3.96764,7.209249,0.49856985,4.29382,-0.091595665,-5.225176,6.076581,-1.9580282,3.96844,0.1568567,-6.95802,3.2577567,-0.88871324,4.024911,0.24918307,-5.543,4.411344,-0.53465796,3.8915677,0.30080375,-5.2774653,4.0860248,-0.89856863,3.8709564,0.07228523,-5.9521227,3.9556382,-0.98369235,3.6373086,0.037477355,-5.447337,3.8363574,-1.1245705,3.6582785,-0.044104036,-5.8583813,3.5619886,0.17614005091853036,1986.7614426242337,0.04736787,0.10542186,location_A,part1,clip_098.wav
-174.776,17.971329,0.54645514,-196.74469,-151.4481,42.648487,9.365929,-0.28044778,29.72797,53.78982,-11.874323,6.574101,0.02257342,-20.390108,-3.7157078,5.722053,6.274431,-0.05887931,-2.4300656,13.954904,-10.927816,4.600217,-0.008533615,-16.726799,-5.251931,-0.44476366,5.237317,0.053557478,-6.935949,6.7649403,-10.463985,4.4603066,0.052580766,-16.210526,-4.618264,1.8019726,4.2963166,0.036211215,-3.7122288,7.1953306,-0.25669032,4.583733,0.03890936,-6.351492,5.6433005,2.563471,4.461473,-0.024074094,-3.154119,7.978755,0.71533823,4.0722256,0.16312958,-4.2720785,6.0555716,1.3513324,4.701329,0.15291463,-4.7522936,6.958564,1.1401455,3.9831204,-0.0044796458,-4.041381,6.108931,1.6036334,3.699086,0.053145498,-3.0426347,6.3328586,-1.8797212,3.609983,0.057247356,-6.531829,2.88802,-0.48554146,3.6472557,0.096884884,-4.911121,4.2817802,-0.8858323,3.552518,-0.055863004,-5.3608384,3.7538943,-0.021168742,3.3065689,0.08047192,-4.248617,3.9940639,-1.0661885,3.1140745,0.11993553,-4.9328103,2.8846931,-0.15443029,3.3260188,0.005578315,-4.3511505,3.9675364,0.1808949430910543,2080.5879441641014,0.06424867,0.10843992,location_A,part1,clip_099.wav
-184.76134,16.089123,-0.9469487,-205.98749,-166.05684,46.232513,8.84774,-0.22990459,34.65119,57.04033,-3.7972817,9.402741,-0.18147632,-16.171501,8.205867,12.212989,6.66375,-0.040947147,3.449192,20.843487,-6.537006,5.77962,-0.46853802,-14.520308,0.40101087,2.4180207,5.1920094,-0.12721597,-4.1992526,8.989135,-6.7556224,4.9442477,-0.029065436,-12.999712,-0.4696921,5.685707,4.8285184,0.21211252,-0.49357796,12.143229,2.728333,4.452176,-0.028858203,-2.8027346,8.543237,3.7506878,4.0205393,0.16564925,-1.3330659,9.09602,0.5365561,4.061417,0.11168038,-4.4488926,5.8268523,1.325375,3.8909492,-0.17264955,-3.661659,6.0671043,1.8216262,3.7591767,-0.06254074,-2.9180322,6.485592,0.99871457,3.8880289,-0.019046279,-4.071128,5.8967175,-1.9980795,3.6336598,-0.093121395,-6.443265,2.7573528,-0.7946531,3.3701117,0.014990342,-5.0055013,3.5992904,-1.8702189,3.4863982,-0.12966701,-6.3871527,2.508694,-0.82552344,3.3692796,-0.023851115,-5.2299976,3.5764503,-1.3578193,3.2207603,-0.07228117,-5.352273,2.8504674,-0.5261493,3.3373022,0.06426495,-4.779457,3.6787694,0.1490318615215655,1939.2995417809104,0.050309293,0.15727308,location_A,part1,clip_100.wav
-191.97229,14.986201,0.9244389,-209.76186,-175.00114,50.249603,8.503695,-0.15212664,39.238106,61.34578,-7.3552036,8.160312,-0.13005313,-17.03244,2.7554128,10.925188,8.138003,-0.19436592,0.16276614,20.917944,-5.2400923,5.6840076,0.30530843,-12.090855,2.2056682,0.9339898,5.1303277,0.05301171,-5.601034,7.502813,-6.143488,5.0385895,0.21192937,-12.525665,0.6444642,4.5036783,4.771059,0.1079765,-1.6097711,10.680083,3.3126209,4.8864365,-0.123605005,-2.9154668,9.798203,4.4954877,4.328667,-0.012055495,-1.0666118,9.923529,1.4650993,4.457574,0.03358675,-4.3153563,7.156848,2.0153935,4.215359,0.10474958,-3.4270053,7.3238416,2.5913281,3.966842,-0.074110955,-2.462431,7.463566,2.4712753,3.992161,-0.11436259,-2.7051394,7.686268,-0.96040714,3.7971647,0.25776762,-5.8583097,3.8073187,0.55161935,3.7331705,0.08571774,-4.06698,5.2051206,-0.27269515,3.6320753,0.105238624,-4.8175163,4.5385914,0.21581158,3.5310352,0.075171456,-4.305534,4.4580097,-1.1684247,3.5243795,0.08659846,-5.6410227,3.4179277,-1.2052565,3.4742134,-0.031991616,-5.6306124,3.277691,0.14172012280351437,1820.4766595614126,0.03958054,0.061316602,location_A,part1,clip_101.wav
-208.15138,16.624418,-0.04959906,-230.68538,-187.51627,51.862236,8.384671,-0.4834908,41.813324,61.837036,-12.441176,8.130417,-0.026180085,-22.925182,-2.15158,7.7358017,7.28419,0.027459415,-1.679974,17.009975,-11.664966,5.4613204,-0.15914096,-18.5602,-4.8704123,-2.6711512,4.9804516,0.011010442,-9.152569,3.8519847,-9.378752,5.1475873,-0.17986684,-16.335041,-2.9080873,0.244262,4.9349566,-0.19696005,-6.3773856,6.2769136,-0.29077685,4.6212244,-0.19889998,-6.256856,5.5478306,3.5181746,4.4093976,0.11656293,-2.0902338,9.059679,-0.73702586,4.6683216,-0.13356037,-6.7957153,4.944771,0.8645528,3.8663049,0.0061376924,-3.9973962,5.848029,1.5721012,3.841878,-0.1065012,-3.3468738,6.614524,1.1840414,3.853624,-0.17639945,-3.790231,6.1588173,-2.496373,3.74177,0.024832765,-7.081975,2.4020371,-0.78027266,3.604243,0.17969012,-5.2488794,3.9538627,0.23286028,3.6517894,-0.002825042,-4.445997,4.87131,-0.389192,3.6929784,-0.002054488,-4.7341456,4.570568,-0.5830422,3.442109,0.16440111,-4.7445745,3.7919505,0.48437163,3.2996614,0.062538885,-3.762114,4.6731606,0.14710057657747605,1813.8401302561372,0.03458044,0.14392133,location_A,part1,clip_102.wav
-199.33772,15.572432,-0.12643695,-219.84084,-179.0526,50.304436,8.750917,-0.9533677,40.10373,60.03369,-12.848849,8.287257,-0.07163418,-23.51685,-2.5473516,9.19232,8.7894,-0.00039471037,-1.6015487,20.932068,-10.24469,6.003082,-0.50847584,-17.779156,-2.8817792,-3.110931,5.411748,0.064401865,-9.764466,3.8770196,-9.791363,6.099551,-0.15373188,-17.864256,-2.6569405,1.3546616,5.466804,-0.18728656,-5.717511,8.046404,0.49028042,5.14184,0.036295988,-6.360611,7.18102,2.4473124,4.8229055,-0.11302438,-3.9196644,8.390359,-0.061085843,4.409876,-0.23873049,-5.497058,5.472622,0.9693707,4.6033835,0.27482417,-4.920746,6.9054146,1.0090503,4.1832504,-0.08590952,-4.261657,6.198942,1.1417708,3.9073794,-0.033730704,-3.9183593,6.227071,-1.6678813,3.708438,-0.20035124,-6.2278953,3.2204413,-0.36924002,3.7269456,-0.19206731,-5.2196274,4.291282,0.19566157,3.8807402,0.17208186,-4.580178,5.3192806,-0.65218306,3.8803718,-0.04270241,-5.535879,4.080782,-0.9329537,3.3883922,0.25622037,-5.372795,3.1666589,-0.7884768,3.3622231,-0.0024995173,-5.0397463,3.4590216,0.15221738967651757,1848.6375375365185,0.037331853,0.13870546,location_A,part1,clip_103.wav
-176.9569,12.617588,0.39746627,-192.96867,-161.39264,43.593555,9.6911,-0.84846765,31.445251,55.00981,-11.620485,7.8816547,0.100605756,-22.087605,-1.5380716,8.665885,7.828443,-0.08290667,-0.8695091,18.173756,-9.805924,5.2409697,-0.23842381,-16.32119,-3.4258404,-4.4690113,4.944029,0.03658257,-10.673084,1.730776,-11.015331,5.397744,-0.10779442,-18.201305,-4.0982046,1.4807624,5.2762327,0.16427454,-5.472636,8.078924,0.41385677,4.2342877,0.13930579,-4.887045,5.751672,1.6969147,4.4915323,-0.25061005,-4.2733173,7.289247,-0.44508135,4.3988986,-0.09684518,-6.1657495,5.0306606,0.85298264,4.289603,-0.07734081,-4.733187,6.281874,-0.16196732,3.923994,-0.029781878,-4.7939196,4.8227043,0.14056934,3.757119,0.028519236,-4.4760594,5.0914354,-1.6689918,3.8074884,-0.019641459,-6.701617,3.082418,-0.9107384,3.86953,0.16846736,-5.8914814,4.1222763,0.72327626,3.5678735,0.078397796,-3.6722696,5.394321,-0.18230768,3.3692062,-0.1395743,-4.4292088,4.157324,-0.9902645,3.3293629,-0.106351376,-5.294796,3.2349634,-0.6521174,3.12971,-0.051369976,-4.780492,3.2862864,0.17217140075878595,2047.5639545270599,0.05731044,0.07408052,location_A,part1,clip_104.wav
-186.89978,13.1731825,0.35461608,-202.38295,-169.61935,50.06979,8.686023,-0.39356798,39.801277,60.401203,-10.522167,7.6994176,0.2826991,-20.127384,-0.46151873,9.869664,8.350156,-0.37469012,-1.3999107,20.189877,-8.029815,5.7075453,-0.5031314,-15.061556,-1.4993212,-2.675337,5.651215,-0.009847585,-10.170709,4.680028,-9.919713,5.2771583,0.16981108,-16.54151,-3.047658,1.1983609,4.866769,-0.00016989387,-4.729383,7.0789595,-0.20288803,4.679111,-0.111532636,-6.3584003,5.5589914,2.098392,4.628213,0.060533132,-3.7747326,8.050962,0.09244634,3.9031186,-0.118430324,-4.8760633,5.0323143,0.74481815,3.9596949,-0.16319914,-4.6230884,5.845336,1.3262856,3.9514089,-0.025455294,-3.7545938,6.268403,0.76671255,3.8593907,0.024511268,-4.07832,5.655575,-0.99627155,4.1227536,0.02366752,-6.4893146,4.2667575,-0.118661724,3.6647046,0.11566593,-4.75696,4.736473,0.038157262,3.434777,-0.0050623273,-4.433594,4.359708,0.9397713,3.6060607,0.030012961,-3.560474,5.5860777,-0.002432443,3.6813755,0.06697466,-4.767247,4.760829,-0.5361995,3.277804,-0.014162453,-4.669509,3.5994904,0.15137498751996806,1846.5769565510195,0.0393078,0.093012616,location_A,part1,clip_105.wav
-179.63692,13.113287,0.13113876,-196.05797,-162.10225,49.274803,9.28817,-0.97291887,37.27773,59.67363,-13.806851,7.379314,0.29182413,-23.18642,-4.199684,8.620163,7.4613085,0.017875304,-0.88624525,18.207685,-9.844029,6.10884,-0.0064967796,-18.055428,-1.8668218,-2.3575606,5.018862,0.13623926,-8.3658695,4.2674737,-10.635286,5.672667,0.075284526,-17.715548,-3.6280003,2.0139358,5.379162,-0.20845613,-4.80654,8.589041,1.7639787,4.4069977,0.1451098,-3.9557567,7.404848,2.7862875,5.0680547,0.02778062,-3.7632704,9.322678,0.5914546,4.458262,-0.0672808,-5.4133716,6.2758975,-0.00066886394,4.1881666,0.019793916,-5.4666624,5.1950407,1.1699305,4.094671,0.06970822,-4.1778173,6.542198,1.8981946,4.3326726,-0.06667675,-3.4885473,7.20916,-1.414188,3.9952676,-0.07943483,-6.568615,3.5796003,0.46244448,3.49703,0.16908164,-3.9535608,4.98745,0.21591066,3.808093,-0.059276585,-4.533168,4.873104,-0.03318023,3.5786989,-0.048674278,-4.746745,4.66819,-0.00038078378,3.7387896,0.26435515,-4.6787186,5.008372,-0.24650538,3.6133075,-0.19468503,-4.7739425,4.4341745,0.15982396914936103,1892.1348860577461,0.0409859,0.13517964,location_A,part1,clip_106.wav
-188.52538,13.214771,0.19216257,-205.63898,-171.16534,50.053734,6.856746,0.05428458,41.367386,58.98506,-14.595459,7.458032,0.1623155,-23.970633,-4.4284496,9.807007,6.4166675,-0.016186908,1.3228667,18.093063,-10.6335,6.4472,-0.14141409,-18.481133,-2.7517762,-1.888603,5.4032745,-0.028115217,-8.589601,4.934313,-9.465519,5.2864037,-0.07484537,-16.421701,-2.5720522,0.4721489,5.0440645,0.051531397,-5.6928205,6.953207,1.7120688,4.767086,0.034074977,-4.4638577,7.898468,2.465825,4.388776,0.064201,-3.089036,8.028185,-0.053814836,4.4761467,-0.30744395,-5.6485033,5.431898,0.58340204,4.3854194,0.20637375,-4.8807707,6.4174747,1.1158364,4.2690744,-0.1243179,-4.385634,6.600944,1.0334781,4.0751576,0.011403834,-4.1900635,6.29002,-1.9664929,4.369387,-0.11888277,-7.4668007,3.2299187,0.3783137,3.9337146,-0.10030072,-4.806818,5.2290926,0.37550506,3.704083,-0.07056645,-4.431116,4.994111,0.24059695,3.5894055,0.31570053,-4.32355,4.9010043,0.27936718,3.6044505,0.129056,-4.3304143,4.7975492,-0.03517704,3.652023,0.103201166,-4.6606503,4.553864,0.1567211212060703,1856.3409128430212,0.03612232,0.124243885,location_A,part1,clip_107.wav
-191.63136,19.66919,0.1863772,-215.78568,-167.34712,43.746746,10.012446,-0.9380621,32.94635,55.320015,-11.657594,8.588919,0.06645553,-22.994738,-0.7071977,7.811734,8.362912,0.075029366,-2.5461345,18.484169,-11.833651,7.1449566,-0.27953425,-20.842453,-2.8555348,-2.6263585,5.351332,0.049910046,-9.389649,3.9511304,-9.721499,5.2825503,-0.038317762,-16.472687,-3.4017303,-0.0035767911,5.5063133,-0.058378853,-7.1432633,6.7610593,-0.22968887,4.9655814,0.04318389,-6.477616,6.099321,2.3120224,4.9038424,0.06601576,-3.9789212,8.307249,0.9962961,4.6190133,0.07543451,-4.6936207,7.0163684,1.694589,4.652787,0.15475218,-4.076049,7.6433997,1.3824793,4.717106,0.0011974557,-4.8211775,7.352768,2.2899826,3.9554405,-0.07750539,-2.8257742,7.3076763,-1.3762386,3.7416935,-0.010202121,-6.3121004,3.0274696,0.6706571,3.5515308,-0.09594763,-3.7840877,5.168621,0.08441054,3.66573,0.102136396,-4.555113,4.984358,0.20702633,3.7559755,-0.009184703,-4.4787917,4.73766,0.07057311,3.5030744,0.050985422,-4.3195987,4.59606,0.6798655,3.4761865,-0.037576027,-3.5053062,4.9996243,0.1724069613618211,2031.4304052656553,0.05153239,0.10263822,location_A,part1,clip_108.wav
-196.28543,17.135307,0.9104884,-216.60818,-177.80995,40.635876,12.562676,-1.2960948,24.301441,53.962624,-8.66566,8.214393,0.119881645,-18.758331,1.8952094,8.436478,8.041432,0.057792746,-2.1332464,18.790255,-10.470377,6.984215,-0.3155587,-20.150442,-1.858925,-2.2062366,5.2359915,-0.014264918,-8.769554,4.719676,-10.441953,5.611139,0.07430829,-17.842676,-3.520211,0.33515108,5.253209,0.05564077,-6.572235,7.0998125,0.33126518,4.973876,0.10340881,-5.6150208,7.0507708,1.8319347,4.7791843,-0.00023084505,-3.8603098,8.148903,1.1733581,4.5916724,0.066010535,-4.597819,7.4059067,0.304898,4.745457,-0.08868847,-5.7189817,6.2935843,-0.32359532,4.489806,-0.14953908,-6.359503,5.204541,2.1036022,4.4721746,-0.16994467,-3.3949594,7.4847884,-0.90734434,4.178393,-0.2672073,-5.9461317,4.131693,1.8535568,3.8887312,-0.06314846,-3.190915,6.596769,1.235497,3.9143858,-0.0042210366,-3.983513,6.155894,0.8627652,3.6862354,0.12366303,-3.8046668,5.5553036,0.5965121,3.592219,0.14849222,-4.0825405,5.1144905,0.3463432,3.1838071,-0.1348524,-3.8090584,4.3708467,0.18677771815095848,2148.4205085325243,0.06606405,0.063153565,location_A,part1,clip_109.wav
-176.07611,15.545339,-0.13216121,-196.67494,-154.31218,41.33632,6.902066,-0.3143058,32.392956,50.02213,-6.773072,6.9266496,-0.007250429,-15.827568,1.9905924,10.523769,6.600241,-0.12799905,1.5800624,18.689426,-7.1058083,4.9439416,-0.1222026,-13.197954,-1.005088,-1.5205662,5.4017305,0.21369684,-8.210661,5.4466915,-9.295346,4.716773,-0.10748302,-15.493056,-3.2263463,1.4168632,4.6236873,-0.010916076,-4.4582953,7.244506,0.5728531,4.6504917,-0.1710467,-5.306445,6.5778294,2.6440527,4.4480267,0.008740113,-2.7557244,8.185453,-0.68984216,4.090324,0.16976196,-5.667082,4.524639,1.3665448,4.2389727,-0.037293058,-4.164879,6.7516947,0.8750407,3.6184163,-0.104371116,-3.7053962,5.4256196,1.3321383,4.0978007,0.08425343,-3.9195542,6.7412014,-0.8579991,3.6844506,0.024246316,-5.432387,3.8073545,0.074347675,3.387517,0.032073308,-4.0903873,4.425027,0.41783035,3.5626879,-0.022944769,-4.2182918,4.8653607,1.4045525,3.3300626,0.20293917,-2.6790118,5.7991447,0.30253705,3.155502,0.11493473,-3.6904082,4.442286,0.37518555,2.8923326,0.013203513,-3.3252141,3.9369318,0.1777655750798722,2098.15605159889,0.06806829,0.101363175,location_A,part1,clip_110.wav
-178.15164,15.471437,1.0014288,-196.35272,-160.64679,45.417576,8.101606,-0.7406424,36.1156,55.31981,-10.868118,8.351797,-0.12626639,-22.046417,-0.020280004,8.241029,6.6851034,0.029010162,-0.64632595,16.924175,-8.930821,6.1138234,-0.30910322,-16.894024,-1.458978,-2.0084114,5.6711497,0.06099389,-9.478723,5.1925993,-8.269029,5.022205,0.023277434,-14.751076,-1.919569,2.2635138,4.8844852,-0.03034879,-3.8482666,8.732624,2.5397565,4.790084,0.016534345,-3.6096892,8.729086,2.5056267,4.441375,0.04934947,-3.1159787,8.371672,-0.12978175,4.1413054,0.033466466,-5.268753,5.2657223,1.901646,4.2800856,-0.08082137,-3.6324818,7.3702517,2.5124667,4.3228855,0.0031630187,-2.6945927,8.243641,1.4178222,4.185272,-0.13794875,-3.9285543,6.698855,-0.9262468,3.9779532,0.16708606,-5.962451,4.096794,0.3525422,3.5796738,0.029848676,-4.112433,4.936422,-0.06767968,3.61665,-0.16059026,-4.7921095,4.416381,1.2035263,3.6376567,0.0169573,-3.3144343,5.7727604,-0.84312844,3.3720667,0.13456012,-5.0837307,3.5411563,-0.21100627,3.2583945,-0.115670055,-4.41405,3.9661283,0.16512486271964857,1972.8835749857628,0.050418418,0.11039705,location_A,part1,clip_111.wav
-181.09784,15.43827,0.8465195,-198.44386,-157.77187,44.70769,14.442536,-1.4325883,26.753479,59.213726,-7.2191343,9.852067,0.5457721,-18.82481,5.6088705,9.558489,7.659751,0.23929265,0.13254541,19.234451,-9.620924,5.7120132,-0.100612454,-17.152637,-2.4296012,-1.9000026,5.6590757,0.01927931,-8.971346,5.589406,-7.1271687,6.0448666,0.38776553,-14.226122,0.94115055,-1.0833268,5.397163,-0.34333608,-7.546979,5.6002994,0.8980975,5.4167595,-0.0150792515,-6.3611393,8.138594,3.4174805,5.4068685,0.072797336,-3.4973192,10.538229,0.5661242,4.995983,-0.11191904,-5.716015,6.770445,3.304408,4.909182,0.28804162,-2.6610026,9.978059,2.297111,4.5278115,0.17336898,-3.185734,8.278795,3.0072825,4.428006,-0.4073634,-2.3822832,8.374548,0.46829,4.477942,-0.11681042,-5.4430895,6.2428207,1.1305308,4.047662,-0.013039929,-4.0233865,6.3049994,1.8541999,3.8927453,0.021201715,-3.1086104,6.6560235,1.113272,3.62711,-0.15160091,-3.550448,5.562028,-0.008268099,3.2248042,-0.099192716,-4.0667996,4.232964,0.618286,3.3123813,-0.22742008,-3.8215995,4.7807107,0.17643333166932906,2033.917931674889,0.045430623,0.11264462,location_A,part1,clip_112.wav
-181.33092,20.613821,-0.039434623,-209.05894,-153.025,46.90779,8.713347,-0.43488237,34.519478,57.696247,-13.260156,8.52904,-0.08571476,-24.660553,-2.2147775,8.611931,8.663472,-0.23248813,-2.797441,19.35556,-11.250349,5.546221,-0.08507722,-18.366554,-4.4787507,-0.9738668,6.101312,0.3695944,-8.681398,6.542075,-9.055912,5.1758094,-0.034712248,-16.005053,-2.906167,-0.05988939,5.2861104,-0.4776887,-6.6222067,5.9757204,0.7233607,4.935051,-0.15286787,-5.805511,6.9224734,2.7132874,4.605911,0.18680672,-3.1092699,8.622269,-0.24876328,4.455047,-0.11914298,-5.995606,5.3198986,1.754388,4.202824,-0.11889289,-3.6292057,6.887634,1.1547031,4.0798845,0.20737997,-4.075249,6.3888907,1.7840439,4.3426137,-0.007899398,-3.9431314,7.2989216,-0.388697,3.8671782,-0.0657435,-5.5682898,4.415498,-0.028707346,4.068937,0.42197552,-5.0934095,5.0084066,1.1341149,4.111576,-0.11121128,-4.025414,6.128703,1.9996874,3.909672,0.010918443,-2.7154617,6.990525,-1.0607266,3.9279559,-0.15453689,-6.044695,3.8432474,0.117255956,3.28719,-0.12227903,-3.9924703,4.293359,0.16587210463258786,1943.8637900377605,0.044859413,0.13425331,location_A,part1,clip_113.wav
-232.49698,18.422361,0.254973,-254.26079,-208.92949,56.252964,6.722035,-0.2240972,47.820496,64.33905,-8.320151,7.237721,-0.17778155,-18.413002,0.6204453,13.2976,7.569411,-0.06534574,3.7267988,22.904041,-9.930502,5.995041,-0.51890963,-17.378494,-2.7903204,1.3507891,5.3085804,0.03466902,-5.1246357,7.9085503,-7.4304786,5.23296,0.013808907,-14.133581,-0.5075592,1.5615039,5.0121765,0.054115064,-4.835084,8.249786,1.6107326,4.6732235,-0.1976187,-4.640623,7.523399,2.166499,4.6059947,-0.0040940745,-3.7475734,8.011858,0.21388423,4.82364,0.32989356,-5.658451,6.339217,2.9193492,5.094447,0.2592076,-3.4382858,9.353659,1.2428979,4.4797854,0.22158878,-4.5354123,7.1553555,0.06733019,3.6716413,0.13499938,-4.6256533,4.622906,-3.0130498,4.3382945,0.030914938,-8.459517,2.2706573,-3.006454,4.038102,0.0072202743,-8.1052475,2.0288734,-1.7552071,3.9866147,-0.037216876,-6.8304043,3.4305377,-1.1148003,4.218695,0.06917176,-6.665004,4.3652134,-2.4033506,3.7991219,0.16881132,-6.9687853,2.843827,-1.0342656,3.540824,-0.10388555,-5.4691424,3.5613499,0.12634940345447285,1695.5637319236268,0.024851516,0.093555085,location_A,part1,clip_114.wav
-190.01971,14.599488,0.66740936,-207.26799,-169.71767,45.907925,8.122585,-0.56218445,35.9198,55.725433,-14.677052,7.3618536,-0.12457223,-24.55307,-5.450013,10.361217,7.346798,-0.07774532,0.69232893,19.629623,-12.036875,5.61625,-0.11994147,-19.296278,-4.8654275,-1.8383418,4.9706106,-0.07792668,-8.1625,4.4970655,-10.5413265,5.0365853,0.105757095,-16.789497,-4.2963634,0.37083265,5.151504,-0.28511497,-5.8647556,6.9793463,-1.6012584,4.468677,-0.12554312,-7.323511,3.9557183,1.816344,4.811021,-0.083843246,-4.367815,7.948921,0.83592325,4.8639073,0.12796266,-5.4549165,6.702362,1.6737186,4.3607717,-0.26744646,-4.162203,7.1584015,0.63787115,4.559531,-0.2045521,-5.1070848,6.6031156,1.4044502,4.3268547,-0.30899745,-4.3737226,6.687221,-0.321123,3.7723324,0.06178569,-4.9687166,4.6135902,1.0477328,4.087359,-0.11436489,-4.0747504,6.0591345,0.86354053,3.6229756,0.1783827,-3.7483065,5.439006,1.3168356,3.4408088,-0.017289134,-3.0130756,5.5854797,0.04801771,3.3084342,0.14380924,-4.2262974,4.1622896,0.9715379,3.232162,0.1106262,-2.9708002,5.078812,0.17088595746805113,1971.4695578070753,0.044036873,0.14053701,location_A,part1,clip_115.wav
-195.26434,19.167057,0.39731884,-218.56921,-166.56291,46.12748,8.642925,-0.035202064,35.286453,57.263016,-9.521746,8.986071,-0.27951944,-21.433867,2.269656,8.420381,7.2724633,-0.13688935,-0.6430013,17.699343,-10.068238,5.6929636,0.039379172,-17.285397,-3.1384544,-2.4275963,5.1123276,0.19002438,-8.889324,4.1271615,-8.67992,5.3210015,0.04335953,-15.533297,-1.9472444,1.9040768,5.680103,-0.0458362,-4.992093,8.988365,0.35071015,5.077077,-0.14043558,-6.4671297,6.766615,2.3392568,4.778829,-0.14004683,-3.9613585,8.441523,0.61027753,4.4230714,0.036856297,-4.990633,6.239358,1.6130427,4.2833624,0.07699363,-3.9579215,7.3184276,2.6256845,4.144774,0.08740468,-2.6832473,7.5657864,2.9326272,4.178513,-0.26942024,-2.5084248,8.203978,0.0067269765,4.1426053,-0.023805276,-5.150564,5.3459272,1.8362036,3.870596,-0.05142327,-3.0267866,6.823709,1.9304187,3.6432633,0.15912834,-2.539886,6.616797,1.4983237,3.5848455,0.12593554,-3.105565,6.0321617,0.83732307,3.3130403,0.12168381,-3.3428352,5.1374006,1.1458273,3.2814398,0.06783555,-3.0637164,5.2404213,0.1572265625,1968.8545737202307,0.046870627,0.14382349,location_A,part1,clip_116.wav
-197.71147,14.403932,-0.13916482,-218.05179,-180.9977,46.88986,7.1123238,-0.083912134,37.674385,56.03734,-12.955158,7.924812,0.22487937,-22.615807,-1.7380023,11.538944,7.5748544,-0.17452826,1.7548614,21.592577,-9.658011,5.5961866,-0.35247308,-17.20048,-3.0112753,-2.077552,4.7648625,0.14829977,-7.722715,4.348874,-8.464303,4.874709,-0.10944141,-14.817772,-2.4616008,2.725468,4.847136,-0.11834516,-3.6863842,9.08871,0.53782,5.0560503,0.37538728,-6.040122,7.0491843,3.5700057,4.555508,-0.013531243,-2.403223,9.464344,0.83972996,4.2714834,-0.43683872,-4.477991,5.9720855,1.0831281,3.9460406,0.09088038,-4.0662804,5.8760033,1.3144026,4.199454,0.1795324,-3.8470178,6.731733,2.7810612,3.7897117,0.21198905,-1.9075806,7.5776405,0.015436803,3.6371257,-0.011373078,-4.5090523,4.63258,2.1681437,3.567865,-0.01934202,-2.4242363,6.642748,2.021536,3.7707534,-0.06818611,-2.8385873,6.581115,1.5975838,3.0360875,0.07555132,-2.4333644,5.618641,0.15118526,3.079517,0.12531516,-3.6725943,3.9330072,1.5740014,3.0944777,0.11233213,-2.4504428,5.4335527,0.16257737619808307,1942.3720281141923,0.045615017,0.119027644,location_A,part1,clip_117.wav
-184.74614,14.965275,-0.22619572,-206.40952,-168.2182,49.21747,7.0300884,-0.47895852,39.69724,58.079903,-11.35382,7.02599,0.10414257,-20.202633,-2.6768563,9.497479,6.199715,0.21440557,1.5906734,17.02066,-9.084527,5.4245954,-0.3390073,-16.43541,-2.6719112,-0.94367874,5.274328,0.045812793,-7.5797186,5.996414,-9.564016,4.8018923,-0.28345752,-16.063572,-3.8208847,0.31576005,4.968647,-0.22585063,-5.9715424,6.4447727,-1.6083294,4.3005857,0.055791896,-7.1439543,3.8902202,1.5814788,4.4775043,-0.12150415,-4.0898314,7.18086,0.08603122,4.410632,0.026256515,-5.311042,5.8434587,0.7874003,3.9108388,-0.057438836,-4.3021336,5.7958646,-0.054302175,4.200725,-0.08148565,-5.282196,5.154175,1.8755953,3.7615993,0.0223489,-2.9384732,6.585643,-0.9733538,3.6281986,0.13292347,-5.4805727,3.6147928,1.1703645,3.640819,-0.0062622614,-3.5871859,5.5241323,2.19137,3.402555,-0.24062398,-2.295341,6.3684483,1.8579856,3.265624,-0.30921784,-2.0442464,6.0247774,-0.14846073,3.0214713,-0.046091404,-4.039944,3.7306569,1.2364703,2.9677238,-0.0044927197,-2.4985452,5.1498237,0.1535792731629393,1905.1458598840404,0.04414083,0.15181787,location_A,part1,clip_118.wav
-195.16739,17.033585,-0.0999032,-217.08093,-173.0888,49.11706,9.68642,-0.44728035,36.906807,61.091736,-12.772107,9.373962,0.11635897,-24.778608,-0.55411625,9.2242985,7.789518,0.21942571,-0.2545004,19.590206,-11.744431,7.241541,-0.5480279,-21.174744,-3.2983506,-5.478547,5.2949405,0.50911736,-11.842176,1.0943983,-12.043308,6.1135173,-0.08411385,-19.972446,-4.21097,-2.2862859,5.5314984,-0.5635279,-9.21093,4.3355904,-1.6547588,4.727993,0.092863716,-7.8688087,4.495683,-0.8623218,4.8659,0.010776436,-7.211208,5.424697,-1.0075263,5.0071616,0.13163088,-7.105626,5.318697,-0.0032251684,4.838822,0.09536444,-6.2024503,6.3400383,0.14142172,4.4423623,-0.023472773,-5.424877,5.851299,2.3682692,4.095934,0.024836628,-2.7803097,7.33112,-1.370748,3.600888,0.12043677,-5.8342443,3.4055998,0.19875821,4.1170406,-0.007906591,-4.8106003,5.355262,3.0742354,3.7971737,0.20093304,-1.8606417,8.031527,1.7963123,3.9055054,0.04083398,-3.2048388,6.5372686,0.53984797,3.6679757,-0.1772481,-4.0317183,5.124525,1.4984515,3.5644932,-0.007876945,-3.1592817,6.061993,0.14879786092252395,1890.2902947380517,0.03647906,0.15076533,location_A,part1,clip_119.wav
-225.88892,17.73947,-0.41547427,-251.82852,-206.22604,48.067688,8.190183,-0.40354928,36.899517,58.022575,-7.9198213,8.46939,-0.11852621,-19.171371,2.633855,9.037993,8.148885,-0.24955286,-1.749656,18.8307,-8.644558,5.5145574,-0.2923114,-15.798012,-1.6342609,-2.9464169,4.941745,0.0031435795,-9.339504,3.0094266,-9.380733,4.471871,0.1110577,-14.705095,-3.5809917,-1.5521764,4.7474356,-0.12798494,-7.8136997,4.418148,-1.670865,4.9130583,-0.15985383,-7.8644996,4.593507,1.346797,4.315616,0.26629043,-4.0958977,6.7888737,-0.5648826,4.0831556,0.099483505,-5.7285976,4.770584,1.1402422,4.5346045,0.5156643,-4.2206635,6.4038677,-1.1163379,4.3471155,-0.030658051,-6.8090315,4.22778,1.4696991,3.8882675,0.05088972,-3.5363884,6.312929,-1.1743042,3.939153,-0.11917021,-6.299777,3.7555685,0.69815916,3.8748071,0.13707231,-4.2371736,5.518609,2.7804623,3.9199193,0.27787137,-2.17225,7.509824,1.053538,3.4504573,0.10458153,-3.3864236,5.434923,-1.1883729,3.22935,0.11716429,-5.3075004,3.020122,0.092045955,3.2414336,-0.13243063,-4.1950603,4.0892115,0.1519490689896166,1910.7600505596345,0.045093756,0.04454259,location_A,part1,clip_120.wav
-183.04195,17.225395,0.03888622,-205.91055,-160.76817,48.459316,9.086517,-0.83890206,36.865654,59.162445,-10.8625765,7.659538,-0.25126237,-20.986668,-0.9655963,6.942717,7.2627854,0.52438766,-1.515636,16.25771,-10.190189,6.7619157,-0.43515703,-19.220242,-2.184399,-1.831664,4.911708,0.11574518,-8.167109,4.509872,-9.489811,4.880511,-0.10384957,-15.668341,-3.4663925,0.18269704,4.74299,0.08400321,-5.886964,6.364753,0.5662608,4.4874425,0.08623871,-5.0659633,6.422348,2.2377224,4.7862873,0.010758756,-3.6640086,8.288723,0.9200345,4.923799,0.102623336,-5.0929356,7.4122086,2.52156,4.1579666,0.15900421,-2.7007573,7.8763237,0.80004257,4.1342945,-0.04146634,-4.476903,5.8641796,1.2466232,4.133232,-0.16290987,-4.0374947,6.322847,-1.5670731,3.9493053,0.010119139,-6.4599323,3.315939,1.1928613,3.8251042,0.2548846,-3.57242,6.134675,2.1233943,3.9003694,0.041632548,-2.8284128,7.304035,1.267523,3.4171882,-0.03659268,-2.8871615,5.7386503,-0.9225855,3.3938096,0.019798974,-5.204589,3.5603757,-0.02762997,3.5576746,-0.2144441,-4.209839,4.327425,0.15520323732028754,1908.4796750020116,0.04409786,0.10500962,location_A,part1,clip_121.wav
-195.93802,18.156416,1.2222188,-216.83636,-173.02277,45.221664,9.9718275,-0.8746738,31.769081,56.85093,-8.657071,8.684347,0.09057395,-19.423244,1.2299619,5.7458735,7.142961,0.13986608,-3.3316433,15.187904,-9.59605,6.1532745,-0.28788432,-17.159145,-1.73767,-2.3285558,5.1038184,0.008030145,-8.901478,4.252081,-8.779935,4.814999,-0.010333898,-14.610548,-2.3015358,0.4998151,5.472819,-0.5422431,-6.3181963,7.11335,-0.49842656,4.748155,-0.067689106,-6.6894407,5.3745565,2.1090164,4.2701936,0.18872009,-3.247636,7.74108,1.3331944,4.2850323,0.1646498,-4.069438,7.0900526,2.950825,3.9594278,0.12674363,-1.9673464,8.128905,2.4875586,4.367967,0.011131088,-3.1352794,7.971089,2.0117133,3.7354743,0.1671852,-2.7654848,6.9096227,-0.06268484,3.7392406,-0.080722556,-4.7140512,4.755921,-0.029265672,3.5159302,0.11748643,-4.5383506,4.3812447,0.70192635,3.3496275,-0.010591483,-3.4160893,5.014414,-0.05979427,3.4321,0.12713628,-4.200489,4.44989,-1.1726918,3.1170812,-0.094309926,-5.143122,2.760074,0.4800774,3.1983387,0.23313111,-3.6626148,4.5442114,0.16426686052316294,2010.5086255299977,0.05617536,0.05994497,location_A,part1,clip_122.wav
-239.9103,24.987057,1.1753303,-267.71,-209.24547,44.400505,12.776029,-0.9165617,26.351507,57.76152,-9.741935,9.663983,-0.58630747,-22.803814,1.8045111,9.379939,7.8740206,-0.07621718,-1.0407382,19.616013,-10.974237,6.183004,-0.2657556,-19.127836,-3.634274,-1.3728334,5.1685624,0.13908127,-7.617729,5.2437115,-9.067462,5.337757,0.26586208,-15.6515875,-2.3873184,1.0162448,5.2350154,-0.030030673,-5.6741858,7.737263,-0.18862277,4.995803,0.06895748,-6.5355086,6.354912,0.16445816,5.1955066,0.036993008,-6.750531,6.6174717,0.6285276,4.6308317,0.07637624,-5.1076307,6.8575363,0.45255995,5.3485913,0.18273304,-6.2102776,7.2616634,-0.19232559,4.524615,0.049376484,-5.8640747,6.015134,3.3224945,4.546354,-0.0852149,-2.5470371,9.145593,-0.7493813,4.1528716,-0.023286153,-6.0080976,4.486377,0.116947666,3.9225802,-0.06812317,-4.7753468,5.2076902,1.8400836,4.248708,-0.23008227,-3.5802073,7.0218573,1.5784158,3.7740011,0.29826444,-2.9694932,6.3282204,0.19190982,3.285389,0.23230922,-4.0375385,4.3685856,0.8974309,3.432242,-0.07306039,-3.427209,5.27304,0.17724141373801916,2057.6045154848034,0.054264884,0.0324575,location_A,part1,clip_123.wav
-202.89064,17.786318,0.9731045,-224.41241,-183.3863,49.3387,9.756665,-1.0939175,38.601196,60.110214,-8.420552,8.886476,0.2794657,-19.79074,2.2135103,12.042019,7.7647204,0.027468529,1.4867758,21.532516,-10.664505,6.2006,-0.33264387,-18.606663,-3.0825,-4.9202137,5.3126564,-0.047502387,-11.807407,2.1132002,-9.265209,4.962255,-0.07266094,-15.436306,-2.8176992,-0.5597249,5.208586,-0.27069902,-7.064926,5.998801,-1.8705465,4.813124,0.23565462,-7.880377,4.582048,-0.5681746,4.870408,-0.19417454,-6.5592775,5.5393624,-0.8624559,4.421273,0.10905699,-6.1790705,4.82271,0.10331551,4.1969376,0.07765269,-5.2171955,5.7275276,-0.9478046,4.2499213,-0.15305917,-6.13505,4.4050198,2.681179,4.127971,-0.09800043,-2.7643955,7.6137953,-1.0912533,3.7487805,-0.031614542,-6.092297,3.7162592,-0.7439313,3.847824,-0.068539545,-5.6868587,4.375806,2.840292,3.8431437,0.12725914,-1.955297,7.809925,2.0430107,3.9109669,-0.03722131,-2.964614,6.7919006,-0.38877937,3.4213998,-0.02496622,-4.7903004,3.862399,1.3880594,3.454908,0.25235713,-2.8532658,5.6923776,0.1517447084664537,1892.769193145628,0.04033383,0.09041865,location_A,part1,clip_124.wav
-218.5505,17.295517,0.21050246,-241.61835,-195.5961,47.46942,8.658456,-0.33432627,35.987457,58.30804,-10.374608,9.108073,0.070060365,-22.188501,1.189794,10.737398,7.948437,-0.09920776,0.4936567,20.48957,-10.019492,6.924218,-0.22231829,-18.783432,-1.7936285,-3.919387,5.6439586,-0.23674461,-11.508032,3.2144113,-10.489704,5.645597,-0.021642745,-18.076868,-3.390799,-1.0083117,5.249333,-0.12478853,-8.1403885,5.3993244,-2.5517733,4.7878256,0.14026637,-8.579197,3.7532434,-0.5379977,4.750986,-0.1140432,-6.309676,5.324042,-1.1533833,4.586403,0.12748383,-6.813005,4.663529,-1.6529365,4.3405776,-0.07592666,-7.2162175,3.742559,-0.6059713,4.3982167,0.00060731894,-6.252122,5.3059406,2.1458743,3.828725,0.0045557735,-3.041348,7.132892,-0.9377643,3.6731296,-0.09086289,-5.8369226,3.8079367,0.39706573,3.7340183,-0.018081538,-4.341969,5.117893,1.6683002,4.236023,0.13948593,-3.800487,7.2737827,1.2259544,3.666939,-0.17611617,-3.6041071,6.006295,0.4224932,3.4333541,0.10800056,-3.935235,4.624046,1.6417615,3.761595,0.07655927,-3.2774606,6.4034247,0.15555735822683706,1944.4646199828437,0.04033599,0.09718293,location_A,part1,clip_125.wav
-182.67603,13.604487,0.0012363296,-199.98407,-164.34297,49.624866,8.965461,-0.4491989,37.16254,60.69498,-11.818518,9.102541,0.06299501,-23.685955,-0.45366177,9.796573,7.370386,0.39211997,0.6463118,18.673058,-11.72452,6.4234834,-0.05173967,-20.323341,-3.466667,-4.509557,4.872218,0.13134049,-10.373133,1.6419395,-10.824318,4.763346,-0.20484243,-16.92834,-4.9871826,-1.3477832,5.360301,-0.04737436,-8.401644,5.4198465,-1.5844812,4.960667,0.13475528,-7.9475174,4.9778914,-0.25289634,5.0830936,0.19180593,-6.7727876,6.514194,0.21304505,4.7865577,0.0015103671,-5.521428,6.35579,0.029664686,4.451358,-0.09771604,-5.691285,5.4828486,-1.0435706,4.7109385,0.027603654,-6.83024,4.9350147,2.920308,4.140367,-0.041271314,-2.4736853,8.247831,-1.3550541,4.1039042,-0.04558306,-6.5208244,3.7040186,0.16742249,3.6634858,-0.17018451,-4.8105526,4.8681283,2.6171858,4.2592125,0.12505725,-2.6474519,8.201626,0.75170493,3.9079735,0.008050463,-4.1283298,5.911248,-0.14913124,3.6246364,-0.15268993,-4.8457427,4.2975674,1.2766594,3.2175627,-0.19200431,-2.8588254,5.4311256,0.15208010932507987,1880.2859806772544,0.03608519,0.16048194,location_A,part1,clip_126.wav
-240.33409,16.262512,0.51361924,-260.4919,-219.49701,45.650295,10.806582,-0.5172768,29.744522,58.292854,-11.178803,9.449105,0.5988615,-21.758617,1.9452412,7.862026,7.0204864,0.06530566,-1.1773819,16.853363,-12.948853,6.1281443,-0.023320463,-21.089703,-4.8222637,-7.2844753,5.8604264,-0.31120127,-15.310715,-0.17536461,-13.159032,6.0134354,-0.29437903,-20.68187,-5.5398664,0.11919907,6.03093,0.45278051,-6.83742,8.100761,-1.3433444,4.933501,0.07986359,-7.648774,4.900258,1.0799052,5.0363727,0.03714803,-5.1563497,7.751439,-1.1370463,5.1353726,0.25807583,-7.635343,5.0098925,0.12722598,4.7244515,0.15804446,-5.685017,6.2383623,-0.80397934,4.7954855,0.06533116,-6.7306747,5.3016148,1.2373542,4.2521567,-0.0552144,-4.138698,6.746063,-2.075786,4.0688925,-0.051055346,-7.154938,3.005851,1.0392551,4.0204463,0.23734261,-3.854062,6.227518,1.749553,4.2616234,-0.038539283,-3.4249954,7.168128,1.0648855,3.848426,0.104865365,-3.7237172,5.8333635,0.43949464,4.080114,0.26942396,-4.5745983,5.7086663,0.6387812,3.7835763,-0.06381089,-4.390294,5.4211187,0.15653704073482427,1973.1939885408867,0.040754914,0.09152465,location_A,part1,clip_127.wav
-222.7899,16.728775,-0.26223734,-246.67644,-203.32338,45.749084,7.9102845,-0.48216212,34.932713,55.36177,-15.106889,8.823548,0.19305296,-26.035198,-3.1130087,6.086651,9.59671,0.11432806,-5.5450354,17.31238,-14.385927,7.3919168,-0.64282334,-24.692951,-5.850374,-4.6702166,6.854894,0.38114473,-12.958934,4.803384,-13.230532,6.2178216,-0.027566593,-21.444275,-5.4604797,0.019431451,5.333488,0.019573767,-6.7518225,6.65684,-2.2707367,5.43032,0.14158939,-9.099561,4.80369,1.3383157,4.813567,-0.0325131,-5.0216427,7.4233284,0.19394818,4.5591354,-0.05514236,-5.883321,5.9889717,-0.16182935,4.59204,-0.152235,-6.0697975,5.649255,0.36108446,4.7644067,-0.10619867,-5.799711,6.369112,0.96056944,4.8909035,-0.17346482,-5.548831,7.19779,-2.2630367,3.9597683,-0.14051715,-7.376057,2.7635226,0.53521705,4.2545867,-0.12997572,-4.9608254,5.8865447,1.7089269,4.6152544,0.18215293,-4.1078663,7.988064,1.285953,4.3202558,-0.00283663,-4.226928,6.890091,0.85987365,4.279912,0.18815908,-4.48207,6.501825,0.29062003,3.6965177,-0.042616397,-4.5381784,5.069069,0.15990820936501599,1953.1030631703493,0.033865307,0.11575098,location_A,part1,clip_128.wav
-205.88199,19.636818,0.584498,-229.73448,-181.37274,47.383133,8.810647,-0.2158999,35.84064,57.766186,-13.252509,9.6359825,-0.25921673,-26.369816,-1.7600507,8.672587,8.718618,0.0022442543,-2.754193,19.038155,-12.156889,6.8351717,-0.48630622,-21.582415,-3.8556547,-4.9171042,5.8949633,0.037279088,-12.110518,2.784398,-11.737468,5.1706367,0.062182702,-18.340996,-5.0863113,-1.1764805,5.1369357,-0.31390896,-7.942239,5.286523,-0.5142556,4.93602,0.1164021,-6.928236,6.0555067,1.3825613,4.7781835,0.2737663,-4.5668564,7.34696,-1.3518827,4.4136176,-0.12942182,-7.1404104,4.199897,1.7050713,5.00561,-0.37021393,-4.7881327,7.8380136,0.30936983,4.515511,0.07952756,-5.3443847,6.252311,2.823342,4.314934,-0.04963769,-2.8294523,8.35285,-1.9880162,4.3271613,0.058834955,-7.7431326,3.5047905,1.094086,3.7000184,-0.16774951,-3.5780704,5.59142,2.3978543,3.850354,-0.13280492,-2.6399207,7.332528,1.1672859,4.1597433,0.21250245,-4.2211356,6.576838,0.45677194,3.9302168,0.12259725,-4.60149,5.758284,0.81578,3.603989,-0.21915784,-3.8993962,5.336282,0.15482415634984026,1910.9554114129712,0.03606923,0.11721056,location_A,part1,clip_129.wav
-178.77197,19.305336,0.4905298,-201.51865,-155.84619,42.293556,11.2917185,-0.49533612,26.888594,55.551743,-6.2833056,8.715278,-0.18334165,-17.006886,5.0704327,10.864932,7.320785,0.17881338,1.2177112,20.262926,-9.725114,5.649106,-0.04300373,-17.143711,-2.5564353,-2.6096773,5.36441,-0.18654935,-9.810291,4.216563,-11.539361,5.311933,0.05422032,-18.33892,-4.5655866,0.9387446,5.3782716,0.13540809,-5.842553,7.765629,-0.16767766,5.5605397,0.07201368,-7.0707817,7.2367105,2.5113027,4.9128413,0.2111042,-3.6677532,8.963356,1.7018557,4.7197065,-0.0024995236,-4.228287,7.7510357,2.4742212,5.1114006,-0.07567909,-4.4884605,8.815831,1.0140833,4.2738066,-0.037599113,-4.5064015,6.4527135,3.252773,4.306124,-0.122247376,-2.2429235,8.701647,-0.19352691,3.7867281,-0.13362992,-5.0853257,4.564742,0.6472802,4.3943233,0.352952,-4.68412,6.1172323,3.2774954,4.1512704,-0.08131911,-1.9740126,8.643762,2.0540435,3.5750716,0.10107682,-2.4887862,6.6787424,-0.27455777,3.8676498,0.37343094,-4.9268384,4.360153,1.8000125,3.763905,0.15090379,-2.527471,6.1636624,0.17204816044329074,2099.9566385608578,0.05482591,0.067754686,location_A,part1,clip_130.wav
-171.76627,14.065841,0.44208208,-188.53326,-153.10007,46.412113,8.667357,-0.4538813,33.81701,56.8316,-11.530188,8.545163,0.11457952,-22.505222,-0.39465523,9.59331,8.710009,0.22244355,-1.5184186,20.760235,-12.919677,6.422378,-0.07004282,-21.199966,-4.564825,-4.0262704,5.920104,-0.16098322,-11.782727,3.6775014,-10.496209,5.1220417,0.18886575,-16.944366,-3.611129,-1.0763903,5.347784,-0.076494046,-8.033106,5.568156,-1.5129241,4.6145,-0.023235755,-7.4226503,4.417118,1.8425361,5.0773,-0.06899846,-4.834715,8.17294,-0.47072488,4.6308546,-0.11732182,-6.4525695,5.1636577,-0.25356406,4.1746545,0.12995528,-5.5700865,5.029567,0.33318314,3.9206429,0.005862788,-4.5812283,5.401757,1.4790242,4.0359507,0.16276224,-3.734116,6.631238,-1.4776106,3.8136783,-0.22705513,-6.450684,3.1872773,1.0559264,3.828483,0.060379986,-3.8238044,5.977153,2.2467835,3.8200078,-0.12746105,-2.6872108,6.9326515,0.9646058,3.590067,0.019562766,-3.582696,5.506962,-0.73243076,3.3729887,-0.011958568,-5.040001,3.5744128,0.6807632,3.3847108,-0.055714954,-3.6511817,4.853404,0.163362058206869,1969.396310570777,0.04304942,0.13579643,location_A,part1,clip_131.wav
-227.57893,14.700855,-0.21533754,-245.7356,-208.58804,47.18573,8.533817,-0.43874627,36.578228,57.559753,-16.26663,9.195379,0.040084563,-28.700172,-3.7458334,9.5085945,8.262549,0.44836003,-0.5888055,20.10862,-14.045011,6.271772,-0.3454189,-22.484924,-6.242053,-5.3182306,6.412924,0.09522147,-13.460873,3.072609,-11.557248,5.684399,0.09184969,-18.603912,-3.8946629,-1.1695553,5.7078023,0.046973508,-8.443149,6.3202467,0.5231376,5.198382,0.20139499,-5.9549947,7.331876,0.07277409,5.245379,0.45896664,-6.26248,6.394844,-0.9584436,5.5420513,0.23213573,-8.052896,6.1319017,-0.41841832,4.4672785,-0.029027076,-6.30433,5.443345,-0.27417347,4.4388733,-0.03484581,-5.9470797,5.388983,0.49215612,4.4697123,0.08107395,-5.093433,6.3060784,-2.291815,4.1642814,-0.20382583,-7.661606,2.8115296,0.9784048,3.9633055,-0.0041684657,-4.1002874,6.122488,1.0676851,3.9060836,-0.077621415,-4.1916885,5.9914055,0.51616216,4.141942,-0.019117873,-4.7604585,5.820526,-0.28610152,3.7832549,-0.24496661,-4.9609804,4.3669825,1.2242543,3.486777,-0.0374238,-3.264676,5.7134314,0.16508118260782748,1916.544462324434,0.034636304,0.113750376,location_A,part1,clip_132.wav
-184.1713,16.326653,0.36592233,-205.09288,-164.30162,49.048748,9.849438,-1.0220877,37.445343,60.57907,-10.774674,8.079099,-0.26046613,-21.100677,-1.5317292,12.247705,7.6379175,0.00033658446,2.8556995,22.353912,-9.869736,7.3272243,-0.36208656,-19.001024,-1.0422347,-2.010114,5.3801394,-0.27148542,-9.267613,4.737509,-9.401821,5.6912684,-0.16453858,-17.002308,-2.6111617,1.62463,6.123322,-0.26890534,-6.167264,9.159971,0.094476566,5.4417114,-0.15463187,-7.023591,6.9907756,1.8269856,5.526676,-0.18593082,-5.0387363,8.675434,0.9560476,4.780187,-0.039809275,-5.26791,7.1155806,0.3258871,5.0022807,0.11781699,-5.9772873,6.751216,0.45425153,4.400381,0.11069021,-5.009672,6.0914545,1.9270135,3.8285027,0.0016135357,-2.9648128,6.9301577,-1.3897084,4.0527616,-0.14858429,-6.779104,3.6879802,0.32290742,4.0335774,-0.11126541,-4.9445734,5.558119,1.479408,3.8306868,0.101751454,-3.3827825,6.3619847,1.2849176,4.0026436,0.118594974,-3.7353022,6.265067,-1.0206527,3.8498883,-0.064256646,-5.902978,3.7409055,0.66620123,3.6903946,0.092743345,-3.909017,5.428956,0.15493179662539935,1891.8514225402737,0.03829501,0.1352891,location_A,part1,clip_133.wav
-195.78473,19.232258,0.25680658,-221.01534,-171.30724,45.374447,10.332138,-1.0340011,33.80887,57.252266,-8.156496,8.301225,-0.75699174,-18.287832,0.7574979,9.192322,7.0182047,-0.6320607,-0.55399394,17.42946,-7.73115,5.350052,-0.06711139,-14.711903,-0.8547393,2.4418526,4.667916,0.020572191,-3.5444448,8.323541,-6.4469447,4.5483503,-0.019124338,-12.180445,-0.6552247,2.0410562,5.0641003,0.03876042,-4.61784,8.261605,-0.34555063,4.339084,0.043083217,-5.969983,5.4186716,2.9585936,4.212303,0.06561131,-2.17729,8.497876,-0.067795835,4.173011,0.29149288,-5.095686,5.2076235,0.6028008,4.2082086,0.090698816,-4.4943166,6.1441956,-0.404349,3.8083165,0.018748734,-5.3384285,4.4609575,0.76541114,3.5049076,-0.009271374,-3.537591,5.2362413,-1.0203383,3.5663493,-0.058911245,-5.465935,3.5620518,0.08728135,3.7486424,0.0071278596,-4.861949,4.5700626,1.2188139,3.5552917,-0.052103523,-3.4156148,5.6414566,1.6528093,3.5987074,0.012518775,-2.9182224,6.246424,-0.3002863,3.2735887,0.048436616,-4.4133086,3.833588,1.2530843,3.267788,-0.15695097,-2.8225307,5.256645,0.17118235822683706,2028.8332310381425,0.0617016,0.068738215,location_A,part1,clip_134.wav
-214.76228,13.2219,0.22856802,-231.6103,-197.52005,50.01786,7.8526673,-0.21804762,39.693707,60.287247,-6.8378644,7.428324,0.040306885,-16.098633,3.2795258,11.139736,6.859781,0.34317437,2.5353093,19.395847,-7.119276,6.650898,-0.32676345,-16.778543,0.8453226,-2.4077494,6.0009656,-0.18835594,-10.117376,4.9248395,-8.899949,5.468853,0.007834356,-15.781557,-1.6245263,1.0830015,5.608445,-0.36308455,-6.0730095,7.8696876,1.2684708,4.9345794,-0.006642743,-5.0359607,7.6145926,1.7387388,4.609055,0.16384315,-4.037841,7.4918113,-0.95937693,4.764497,-0.11965027,-7.2973075,4.9908886,1.2192934,4.2625303,0.07568946,-4.212711,6.5254173,1.035704,4.7884617,0.18747269,-4.7672873,7.2330723,3.5556428,4.030784,0.15302067,-1.7185777,8.931084,0.10938401,3.8518894,-0.1114826,-4.9953575,5.0164967,1.4162829,4.0839586,0.122773364,-3.989788,6.521288,2.2644298,4.2612014,-0.34190023,-3.6449614,7.5287256,1.5575006,4.1895313,-0.44122288,-3.6910057,6.5529656,-0.22521572,3.6344304,-0.29715562,-4.799006,4.38503,1.5753951,3.4627047,0.11601771,-2.8944461,6.076893,0.14240340455271566,1861.3022211888706,0.037567366,0.112594984,location_A,part1,clip_135.wav
-198.50348,17.042305,-0.31410992,-221.37524,-177.31483,47.523434,8.063733,-0.9047667,36.85923,56.665527,-12.180912,8.692286,0.22923139,-22.89478,-1.5959361,7.7808013,7.4559345,-0.26586142,-2.4173825,16.778236,-9.961226,6.695188,-0.3014535,-18.539991,-1.5344539,-2.4620554,5.558925,0.044827,-9.703121,4.494683,-9.925679,5.610683,-0.011198857,-17.194555,-3.0407853,0.2024923,6.0869417,-0.25272095,-7.488062,7.9631457,1.3390695,5.2561913,0.21930778,-5.0708313,8.242605,2.8444436,5.1236887,-0.059436854,-3.903141,9.389935,0.13415353,4.677569,0.020939143,-5.5556064,6.205883,1.7739906,5.0220656,-0.13883111,-4.6644707,8.15024,0.3926488,4.5423317,0.13292709,-5.6005745,6.450691,1.9991938,4.270675,-0.0777048,-3.5676963,7.431142,-1.2599484,4.119781,-0.06213868,-6.758652,3.865118,-0.8368771,3.9541183,-0.044490214,-6.1901197,4.431383,0.299394,4.159348,0.018964777,-5.046652,5.5862484,-0.036129396,3.6380525,0.21810323,-4.4722834,4.780757,-2.130478,3.4498487,-0.010049605,-6.5156302,2.4786181,-0.13196926,3.7681499,-0.22002481,-5.088103,4.6230564,0.15548247803514376,1927.1127016608375,0.040978167,0.12733428,location_A,part1,clip_136.wav
-192.11426,19.389093,-0.18379334,-220.05696,-167.79283,47.764496,8.129605,-0.17767532,37.374428,58.11002,-15.8329,9.187433,-0.52734184,-27.17178,-4.2454724,3.4727435,8.64225,0.32638943,-7.127245,15.304668,-13.225075,7.093435,-0.29352045,-21.969055,-4.2358346,-4.966504,6.0832276,0.054310165,-12.571177,3.1148696,-10.737737,6.202308,-0.07796507,-18.59647,-3.0141416,-0.3578882,5.537008,0.04151832,-7.387927,6.335325,-0.51521254,4.836839,0.074273676,-6.4395394,5.8823185,4.026854,4.987624,0.048890427,-2.0782297,10.29014,-0.18431404,4.5863132,-0.16611314,-5.9440336,5.614462,1.403622,4.772365,0.21098392,-4.486704,7.612541,0.4793525,4.569951,-0.15721287,-5.3590846,6.2718935,1.4426297,4.1886005,-0.25423065,-3.7369366,6.637989,-2.3497877,3.9976108,0.14650331,-7.200944,2.8050115,-0.22386529,4.066373,-0.016870841,-5.3054905,4.627859,0.55825466,4.223972,0.1519783,-4.8236384,5.7495127,-0.38113552,3.8046439,-0.01159748,-5.46192,4.456249,-0.84913605,3.6243162,-0.15010072,-5.732521,3.4594846,-0.88848627,3.9471147,-0.067346685,-5.7739906,4.085498,0.15022058456469647,1891.0646162905966,0.032802254,0.10464585,location_A,part1,clip_137.wav
-207.62459,18.950603,0.5197454,-230.99759,-183.30968,45.943092,12.200237,-0.781456,30.255484,60.281822,-10.498829,10.782577,-0.44419992,-25.77411,2.1551814,5.534804,9.049335,-0.45069772,-4.841025,16.49451,-9.603841,5.657571,-0.12323133,-16.902452,-2.3991263,-3.5031805,5.5011005,0.014497392,-10.594814,3.6377783,-9.755462,5.609839,-0.20524977,-16.812386,-2.9192693,0.6931923,5.6644998,0.22061725,-6.137783,8.345003,-1.1316246,4.5899854,0.12784122,-6.7554345,4.9941244,1.8308464,5.019701,0.1948581,-4.445671,8.373451,-1.8959225,4.802187,0.045234818,-8.248895,4.0848274,-0.08676687,4.8039255,0.10371344,-6.2780523,6.1395082,-0.1630021,4.295486,-0.18945375,-5.557344,5.140547,0.5352845,4.6160026,-0.031238304,-5.5576253,6.4435477,-2.742769,3.945814,-0.0074293655,-7.623949,2.4054961,-1.0973052,4.257523,-0.17579617,-6.57341,4.246348,0.009899524,4.038165,-0.0946567,-5.247979,5.0366864,-0.59739226,3.6339307,-0.0663881,-5.0385585,3.997182,-1.844586,3.9969301,0.07971111,-6.7174973,3.252473,0.47197875,3.5384083,-0.015000264,-4.0145245,5.012317,0.1639236596445687,2029.4335966150384,0.049854912,0.069874935,location_A,part1,clip_138.wav
-225.36987,30.843798,2.0044951,-251.96799,-198.59845,42.963196,12.26178,-0.78899723,26.73668,56.947548,-12.19856,9.082873,0.28524426,-23.458889,0.41059077,8.105603,8.739042,0.34073418,-2.539741,19.866077,-9.973037,6.8386583,0.20277682,-18.67603,-0.93842804,-6.079373,5.3874454,0.05441223,-12.844865,0.8534614,-9.969462,5.9363937,0.07016541,-17.345274,-2.353856,-1.6013974,5.216777,-0.22080676,-8.389862,4.6971297,-0.61197287,5.3397484,-0.09008135,-7.868637,6.092897,1.2059015,5.3190446,-0.030747097,-5.6026587,7.9956794,-2.0124013,4.698168,-0.0017418984,-7.989275,3.9959946,0.48665583,4.3426323,0.13397875,-5.0230675,6.437415,-0.3309374,4.083161,0.2257365,-5.3034606,4.882532,0.799489,4.114243,-0.41630238,-4.1894383,5.925192,-2.6050448,3.95885,0.040695824,-7.834093,2.4486341,-0.25980964,3.7907903,-0.079634346,-5.1332574,4.5502734,-0.7176973,4.407394,0.17526886,-6.1952786,5.0611544,-0.575763,3.9099746,-0.06864533,-5.4949865,3.9863958,-0.1416598,3.5548587,0.026729876,-4.601721,4.386057,0.98505074,4.0749426,0.22262782,-3.979755,6.362624,0.17400440545127796,2065.344756147742,0.05210038,0.031814836,location_A,part1,clip_139.wav
-193.33022,18.973593,-0.1686135,-216.92949,-169.59937,45.28818,9.445964,-0.17427643,32.24225,56.766586,-9.478165,9.319417,-0.2667286,-22.582245,1.9741127,5.60033,8.5486,0.18723173,-5.533934,16.28331,-9.16839,6.1765394,-0.34338534,-17.362839,-1.5821395,-4.069539,5.843195,-0.24264213,-11.550815,3.2491007,-11.166858,5.203229,0.059816822,-17.942417,-4.724049,-0.9839444,5.231702,-0.07972861,-7.415531,5.574454,-0.7560998,5.8450203,0.103240155,-8.214917,6.853232,1.8933531,4.363044,0.13335915,-3.476044,7.45842,-1.6319777,4.7922444,-0.09814355,-7.780299,4.5532613,-0.6591216,4.8593006,-0.06423193,-6.9458785,5.4039483,-0.542795,4.4412336,-0.21435678,-6.2191224,4.9678655,1.3161545,4.3314724,-0.10401771,-4.361252,7.0237722,-2.4813092,3.630718,0.03946054,-7.116058,2.2894392,-0.19497462,3.740669,0.040259983,-5.2210684,4.485891,0.04784077,3.9164608,0.08702072,-4.782552,5.021387,-1.3137988,3.9743052,0.022685435,-6.2836857,3.6989732,-1.0117838,3.5317047,-0.16529396,-5.5366707,3.4390445,0.80716544,3.551181,-0.12461061,-4.0989466,5.2012997,0.15931540784744408,1992.0981412285105,0.04960994,0.11365125,location_A,part1,clip_140.wav
-191.73549,18.39745,0.287098,-215.357,-167.26395,44.6436,8.857335,-0.10242861,33.605076,55.710243,-13.0986595,9.4209585,0.01573805,-25.402756,-0.6942316,7.1256976,7.2404537,0.38309532,-1.4867176,16.822186,-10.889478,6.5012507,-0.40287998,-18.899277,-2.7291899,-2.9456432,6.1745167,0.19990456,-10.652796,5.0464993,-11.375116,5.523348,-0.11656199,-18.438236,-4.268815,0.25915933,5.906394,-0.20703687,-7.180883,7.0484715,1.3035293,5.1925297,0.1738967,-5.239053,7.9294605,2.8594818,4.957628,0.093642645,-3.6472263,9.024492,-1.3404682,4.9019403,-0.0070351954,-7.579438,5.2242184,0.28404367,4.8483496,0.052288573,-6.1479874,6.7098484,-0.5335896,4.1605806,-0.1634257,-5.7476873,4.728658,0.8065875,3.8904984,-0.24788639,-4.543736,5.741765,-3.2004027,4.602262,-0.21028471,-9.199971,2.4057717,-0.9760253,3.9009113,-0.043342587,-5.730947,4.0556345,-0.057164833,3.6608336,-0.1361307,-4.7958727,4.665241,-0.982299,3.4417741,-0.18257667,-5.2071247,3.455368,-1.1633182,3.663793,0.15495951,-5.811759,3.4985442,0.4200859,3.368089,0.031028597,-3.7746444,4.6433196,0.17057083666134185,2014.7767929588786,0.049510695,0.109273285,location_A,part1,clip_141.wav
-183.88422,15.235144,-0.09316802,-203.58954,-163.22775,46.344555,9.8115635,0.060851123,34.577503,59.883827,-11.679178,9.3955145,0.07468499,-24.24633,1.3206993,8.281071,8.657195,-0.12999703,-3.0407681,19.62785,-9.447617,6.3066993,0.15616259,-17.148197,-1.7751005,-3.65101,5.814108,0.17626773,-10.966551,3.463776,-10.158642,5.69218,0.025623584,-17.601128,-2.7495446,1.4915036,5.356527,-0.17000067,-5.1057296,8.36646,0.14239521,4.863746,-0.16255543,-6.3600616,6.1969557,2.4514842,4.8552256,0.09309478,-3.9517705,8.680018,-1.5880892,4.986563,0.1708609,-7.9453,4.9700174,0.7505845,4.3636017,0.025288044,-4.7122726,6.030626,-0.917774,4.866967,-0.19541132,-7.232031,5.2780952,2.3780932,4.3603888,-0.036540363,-3.1499412,8.158634,-1.7965189,4.069277,0.082947016,-7.0408373,3.4241166,0.64859676,4.081725,0.4167756,-4.5169687,5.867009,0.8585024,3.8993492,-0.1023428,-4.337117,5.882924,-0.78009725,3.7503574,0.09450764,-5.627467,3.8470175,-0.96185386,3.30126,0.033684313,-5.2908344,3.1006355,0.31350178,3.6333132,0.2183083,-4.3448987,5.022517,0.16817155051916932,1976.1093000891997,0.04500806,0.13915801,location_A,part1,clip_142.wav
-187.10742,17.008617,-0.027737517,-210.15001,-164.5677,48.52441,8.420779,-0.6331133,38.09401,58.24024,-14.579641,7.977726,0.063444644,-25.147238,-4.129351,7.364978,7.0835214,0.1454478,-1.7949944,16.407017,-10.9314785,7.015097,-0.095999174,-20.014818,-2.1649892,-2.3805027,5.405655,-0.00294397,-9.350829,4.702345,-8.724846,4.9630594,0.096001185,-15.239743,-2.2044187,1.3114367,5.792809,-0.08379362,-5.9141636,8.410194,0.537155,5.4649777,0.08057788,-6.03639,7.5113497,3.737044,5.8243537,-0.06583862,-4.1251802,11.443268,-0.7409022,5.083916,-0.08365921,-7.395297,5.8566055,1.0362464,5.061959,-0.04798358,-5.8913803,7.486709,1.400025,4.788392,-0.2809225,-4.7674885,7.179145,3.0090694,4.648008,0.21357234,-2.877407,8.968026,-2.606073,4.15552,-0.23442875,-8.281741,2.6132631,-0.3799475,3.9682064,0.41427273,-5.1886735,4.8588676,0.16993797,3.4972212,-0.004181242,-4.397082,4.799102,-0.38401204,3.5890832,0.01646273,-4.9943676,4.2693553,-0.99063003,3.8490312,-0.03960424,-6.0500345,3.702919,0.3709497,3.7119973,-0.38154966,-4.2740364,5.033173,0.1602810503194888,1896.4813436072666,0.037856415,0.15750648,location_A,part1,clip_143.wav
-181.69443,21.746311,0.37918484,-208.36267,-150.86075,39.971924,12.040499,-0.5138268,21.366676,53.614704,-7.46008,6.9252853,-0.12766597,-16.287573,1.6162472,7.4672494,5.790289,0.10832951,-0.07071954,14.42843,-8.928589,6.030301,-0.108090036,-16.863285,-1.5715108,-1.4615514,4.698049,-0.22452638,-7.0128016,4.4927163,-10.570788,5.174431,-0.13692422,-17.39896,-3.9306366,1.450739,4.599134,-0.16540802,-4.253777,6.990899,1.2568722,5.0017815,0.22451255,-4.664817,8.013897,2.2038732,4.306123,0.01952264,-3.5204542,7.5934725,-1.1999574,4.2157927,-0.12569323,-6.6305075,4.271205,0.509222,4.3003964,-0.3318066,-5.1262445,5.7956142,-1.2102596,4.234043,0.016337138,-6.4703226,3.993858,1.7171454,4.281657,0.36295503,-3.6629167,6.9985313,-2.0753417,3.6936755,-0.14164303,-6.9426956,2.4323597,-1.8039268,3.8107424,0.07668424,-6.6937237,3.0810318,-0.0038964942,3.4608147,0.07135075,-4.437501,4.356609,0.17855002,3.744599,-0.045349337,-4.6673536,5.1485925,-1.425373,3.2781348,0.009322808,-5.5939336,2.701733,0.24365927,3.3292348,-0.067008756,-3.934288,4.518423,0.19158097044728434,2180.3667113217575,0.0773449,0.10903175,location_A,part1,clip_144.wav
-189.08366,17.234043,0.65848553,-210.38008,-166.54408,44.17034,8.12337,-1.2653905,35.30368,53.302834,-8.6179495,7.474252,0.17076418,-17.859104,1.4472897,7.0359697,6.958351,0.09338402,-1.7756971,16.295763,-6.717917,4.795756,-0.10771484,-13.124022,-0.8404591,-2.4025655,5.0110536,0.09735229,-8.808699,3.7210727,-10.7435,5.110365,-0.30342466,-17.339043,-4.2693768,0.3472502,5.148372,-0.056572452,-5.9198895,6.9102793,0.6570526,4.454009,0.020622997,-5.0820537,6.4939103,3.166229,4.2561827,0.04369692,-2.1458702,8.858442,0.12849997,4.2171345,0.097430475,-5.412597,5.5928574,0.50952214,4.5137444,0.30317825,-5.0933695,6.275565,0.04634315,4.5560694,-0.21998118,-5.945882,5.730342,1.625429,4.063893,-0.11304913,-3.4845762,6.7533593,-1.3846183,3.9778023,-0.03636841,-6.1932163,3.8010082,-0.4117831,3.6439888,-0.16661878,-4.940804,4.2110186,-0.6861786,3.5312438,-0.20643803,-5.2404547,3.679805,-0.015320511,3.377271,-0.06261207,-4.361174,4.294182,-1.2225381,3.4639323,0.11463099,-5.4427824,3.344439,0.49636614,3.4646451,0.44524774,-3.9398901,4.693242,0.1670499076477636,2032.1792018390993,0.055973195,0.10158272,location_A,part1,clip_145.wav
-163.27989,22.773113,0.1555748,-191.52614,-130.67853,41.938267,8.292525,0.06688127,31.700146,53.398354,-7.80127,6.267924,-0.3153008,-15.800718,0.11775246,9.286788,6.4749646,0.030294716,1.1084924,17.957006,-6.0504546,4.7874365,0.0814276,-12.305845,0.09006485,-1.4761144,4.6281157,-0.38523775,-7.3386793,3.8805826,-10.415836,4.6768804,0.10680009,-16.44809,-4.639518,1.5242949,4.6302996,0.03804041,-4.3756385,7.409078,1.7533841,4.338584,0.16787046,-3.639853,7.309263,2.824541,4.2855897,0.0072513395,-2.6540284,8.6087055,-1.0470694,4.168944,-0.09047429,-6.280116,4.357357,1.0801333,4.0566716,0.03344901,-4.12936,6.2316923,1.3028759,3.7855263,-0.14159626,-3.464939,6.0557184,1.6163589,3.733423,0.07343975,-3.2788591,6.4453716,-1.77995,3.8280919,-0.05301074,-6.6017866,3.0647552,-0.11791044,3.2999609,0.013321769,-4.289137,4.1058846,-0.27334592,3.2782815,0.02476242,-4.466028,3.8591452,-0.4005119,2.9835093,-0.1317009,-4.2630744,3.4966245,-1.1648005,3.3141596,0.045948066,-5.4050536,3.076827,0.0030679312,2.964708,-0.108957715,-3.7049427,3.6522818,0.1778232952276358,2108.989042153669,0.06860051,0.12364348,location_A,part1,clip_146.wav
-211.37581,12.329662,0.8339243,-226.19969,-197.8877,50.17313,7.905469,-1.3831073,41.619053,59.044136,-10.439011,7.184094,-0.30415484,-19.613228,-1.7586658,10.259189,7.2099633,-0.24091029,0.8547868,19.32763,-7.788292,5.7918234,-0.07051301,-15.356991,-0.3195269,-1.9106274,5.164859,-0.15893716,-8.598564,4.439354,-9.5604725,5.5092607,0.30564725,-16.448517,-2.5439057,2.7630436,4.9143176,0.23200984,-3.6420329,9.374422,2.6085477,4.4173627,-0.041413214,-3.1237333,8.365505,3.3012486,4.3564453,0.15181786,-2.2773008,8.977464,0.50399965,4.0769567,-0.02324019,-4.6420193,5.8725805,0.9680109,4.3118935,-0.028984783,-4.769637,6.4226513,1.4142253,4.074753,-0.014193981,-3.7862492,6.7123528,2.066402,4.353332,-0.15790589,-3.662469,7.463807,-2.4850686,4.272896,-0.05063652,-7.918912,3.2458098,-1.1244801,3.68008,-0.13465334,-5.5817585,3.3761013,-0.6324082,3.5571306,-0.23526406,-5.2081227,3.755524,-0.639831,3.2249758,-0.123636015,-4.792078,3.5579722,-1.3616666,3.16731,-0.15698281,-5.298758,2.7843401,0.09806994,3.2801251,0.05790554,-4.255788,4.2801676,0.15323607228434505,1848.8856418608998,0.04013249,0.047124602,location_A,part1,clip_147.wav
-197.17595,29.599468,0.78009266,-229.07365,-145.367,50.835644,7.4086785,0.28325462,42.16245,60.00965,-1.9622866,8.750125,-0.16707122,-13.428577,9.760187,12.094325,7.442545,0.16707171,2.4958706,22.326145,-4.098722,5.027227,-0.10864432,-10.616273,2.4588754,2.7365017,5.0836473,-0.0721754,-4.05221,9.01422,-6.51432,4.7689314,-0.04600761,-12.770651,-0.56941915,3.2256405,4.3243976,-0.29472417,-2.6613927,8.65187,2.237003,4.5315814,0.037728768,-3.411265,8.353234,3.3779838,4.5746975,0.07921946,-2.5387237,9.195152,-1.2493278,4.164566,0.18431935,-6.4773703,4.4720936,0.30542108,4.077268,0.04497732,-4.8669744,5.309222,-0.3244043,3.8151352,-0.011339345,-5.2239647,4.3722277,1.0791018,3.5363739,0.082739,-3.376749,5.3809056,-1.598729,3.5965965,-0.046858877,-6.1330843,3.0465386,-0.35932928,3.324301,0.0474234,-4.807209,3.988605,-0.20717005,3.3424351,0.13874115,-4.2980623,4.2317405,-0.073469654,3.032059,0.014409278,-3.8002355,3.8704011,-0.5429069,3.2005827,0.06675078,-4.4534564,3.664414,-0.06765884,3.253241,0.009222448,-4.3568316,4.11955,0.1358638678115016,1830.039469200269,0.04100467,0.091653995,location_A,part1,clip_148.wav
-173.69965,13.739823,0.10559618,-190.4053,-155.29489,45.74562,7.4753633,0.0008735673,36.23393,55.35521,-10.427264,8.592231,-0.40480307,-22.85792,-0.025995662,8.436004,7.7836146,0.086865805,-1.7558748,18.179792,-8.84903,5.8326917,-0.13345313,-16.15831,-1.4947276,-0.54949003,5.1353116,-0.10383127,-7.22017,5.968578,-7.9838777,5.3573737,0.26547256,-14.756062,-1.3534123,3.376437,4.6125712,-0.07025456,-2.6283703,9.109972,1.269192,4.765255,0.28143352,-4.572602,7.4544296,3.1900518,4.493439,-0.112953275,-2.6186635,8.995329,1.7122477,4.4778633,-0.0054872343,-4.1956787,7.2657976,0.6552905,4.385318,-0.038367394,-4.7906675,6.0453897,1.3745826,4.479344,-0.26867032,-4.5474014,7.0998964,1.8857368,4.3123193,0.114984564,-3.4906452,7.177056,-2.2741387,3.5504167,0.1849765,-6.6810527,2.596182,-0.038879212,3.743014,-0.12843698,-4.7809086,4.677044,0.489959,3.605685,0.2017666,-4.077958,4.9901085,-0.5336281,3.4185038,0.018019984,-4.8817406,3.7734225,-0.5502462,3.4672923,-0.044930387,-4.862071,3.8594942,0.52758974,3.2519252,0.18828866,-3.4530003,4.5682917,0.1672371081269968,1980.9284290092858,0.05064272,0.1403748,location_A,part1,clip_149.wav
-181.97568,15.115655,0.1317628,-201.93826,-165.97089,46.55418,6.9737954,-1.0925096,38.424286,54.43092,-9.355022,6.797892,-0.27542597,-18.146233,-0.94623077,9.739863,7.3781304,-0.34608585,0.18555237,18.972565,-7.111465,5.669986,0.3175252,-14.41681,-0.25073367,-1.1686016,4.762711,0.3282431,-6.994557,4.8935227,-8.223859,5.231009,0.05251513,-15.013551,-1.4000931,2.8876674,5.138094,-0.16063581,-3.6539457,9.3289585,3.09613,4.5753007,0.16866627,-2.5682218,9.200039,2.896024,4.45298,0.11665134,-2.9067261,8.674772,0.80806595,4.381925,-0.0016309307,-4.7483873,6.4610662,1.6556622,4.1761556,-0.17335738,-3.6968217,6.9134645,0.7827876,4.0786924,-0.027501442,-4.407031,5.937902,2.186245,3.8225863,0.07873797,-2.7580957,7.0163727,-1.4217178,3.6502535,-0.10207601,-5.9540668,3.0730324,-0.68319714,3.5666163,-0.1819669,-5.283144,4.024788,0.19858727,3.2322745,0.17816179,-4.0973186,4.3608484,0.23452413,3.3589973,0.111110814,-3.9977894,4.5167193,-0.41114533,3.2753692,0.21962614,-4.172709,3.6743329,0.577342,2.8601573,-0.11120973,-2.9886463,4.1975856,0.16299077725638977,1962.4128848598227,0.051729538,0.12950741,location_A,part1,clip_150.wav
-192.80754,16.265657,0.6080864,-212.13095,-171.52408,45.685524,8.276217,0.07274035,34.832214,56.93097,-4.7192125,6.181778,-0.17137495,-12.601816,2.9138408,7.293109,6.2368474,0.06931832,-0.6741418,14.4666,-7.1733065,4.416508,0.09425012,-12.875206,-1.5085735,-0.97641945,5.053134,-0.14570858,-7.600971,5.4499435,-8.545855,4.9757643,0.08656399,-14.757467,-2.3696835,3.8005714,4.189916,0.009568242,-1.9208086,9.233624,-0.23870678,4.4315333,-0.22748367,-5.9977245,5.231562,3.1620314,3.665194,0.15857935,-1.2172221,7.772546,-1.7108394,4.3148646,0.0866052,-7.2067466,3.757373,0.9251094,3.8746037,0.08969113,-3.952619,5.815945,0.18582255,4.106828,0.039225377,-5.024374,5.6134214,2.2170155,3.4887009,-0.03046388,-2.407051,6.6279254,-1.9332178,3.7435155,-0.2824542,-6.9136896,2.6580381,-1.1068178,3.5959253,0.26655027,-5.371019,3.8017378,0.36944363,3.1816783,-0.06551709,-3.704625,4.4030113,-0.5646248,3.0677123,0.13927068,-4.547431,3.44837,-0.2654045,3.0495937,-0.13997181,-4.1559405,3.6147356,0.75896376,3.119207,0.032387886,-3.1366706,4.659292,0.16414674021565495,2006.038011126973,0.060740583,0.04914021,location_A,part1,clip_151.wav
-204.38258,19.574623,0.42438677,-229.52185,-178.33191,47.542645,12.708659,-1.430651,29.209305,60.127224,-1.4014031,9.51497,0.18758236,-12.811407,10.695515,9.919932,6.3824573,0.13926782,1.9915891,18.079184,-4.349349,6.1585526,-0.58290213,-12.081221,3.0191786,3.414479,4.973992,0.12997973,-3.2291412,9.785435,-4.1356087,5.368645,-0.004981781,-11.203392,2.7187216,2.5130417,4.6290913,-0.1329016,-3.453661,8.293676,4.1311145,5.326939,0.4520728,-2.1521015,11.188736,4.8375144,4.8822527,0.07553364,-1.275268,11.161515,1.3865751,4.3910365,0.1997674,-3.6766148,7.163048,3.9624808,4.475805,0.3155317,-1.2321056,9.341936,1.5260376,4.225105,0.08333506,-4.1343746,7.05834,3.2030072,4.050766,0.24811247,-1.7521836,8.359592,-0.8513236,4.227658,0.09592645,-6.201288,4.5882235,-0.7785494,3.6892502,0.13451016,-5.377062,3.9617233,1.6752015,3.7847087,-0.054735348,-2.9565601,6.4857707,1.0757118,3.6132257,-0.19505183,-3.688252,5.566574,-1.2413286,3.6964993,-0.109135225,-6.032555,3.4301872,-0.09253517,3.4476814,0.2949819,-4.407032,4.457844,0.14662009534744408,1947.8376548917702,0.043710556,0.09462064,location_A,part1,clip_152.wav
-220.00699,28.09612,0.82780313,-252.92615,-190.63852,45.40217,15.182286,-1.2269194,20.760115,60.40175,-9.57378,8.551902,0.15509586,-20.549637,2.1293926,11.037618,6.7677236,0.1998229,2.7156813,19.367558,-7.299659,6.290294,-0.07196784,-15.47883,0.65740496,1.0709642,6.207632,-0.17243506,-6.150693,8.041174,-8.716289,5.1099977,-0.15235043,-15.302625,-2.1164517,0.7532611,5.1399946,-0.20944732,-5.7951756,7.115189,1.0651971,5.019816,-0.002253122,-5.41586,7.242796,2.66434,4.630496,0.11071395,-3.2659323,8.7704315,-0.9426626,5.0566316,0.21582562,-7.0899963,5.85113,1.6740569,4.322299,0.3374801,-3.4789886,7.588309,-0.88513374,4.4764104,-0.15353446,-6.696103,4.851007,1.6503053,4.532092,0.0053368974,-4.269805,7.3432264,-2.4375732,4.0035377,-0.13871177,-7.244783,2.5298662,-1.24689,3.957414,0.022949394,-6.0068665,3.883467,0.88627803,3.6040275,0.0055579166,-3.8700376,5.3783712,-1.3093917,3.6151733,-0.100396246,-5.9327154,3.2054172,-2.005512,3.5265677,-0.015019502,-6.2624197,2.5041249,0.35909596,3.402004,0.16304132,-3.8593745,4.8642855,0.17606205071884984,2011.2555531540584,0.0536742,0.0419857,location_A,part1,clip_153.wav
-224.17848,19.613598,1.0153593,-247.80983,-203.12164,47.38667,11.918215,-0.24134047,31.229813,62.684334,-6.629687,6.6390753,-0.15102284,-14.391748,2.0974753,10.504606,7.4181967,0.13166124,1.1975367,19.855923,-6.3035917,6.1786222,-0.22566198,-14.028372,1.4048846,1.7355834,4.785863,-0.34153903,-4.5059805,7.766777,-7.616789,4.8032994,-0.26166883,-13.721895,-1.2923119,0.5050781,4.510756,-0.16982868,-5.3896675,6.4269133,-0.60309505,4.5407386,0.1678738,-6.3832593,5.2040186,2.711734,4.4693117,-0.12688583,-2.6823363,8.08371,-0.9482745,4.3099947,0.0880862,-6.313856,4.550551,0.5396765,4.1153326,-0.15281388,-4.6254997,5.5871525,-1.1710039,4.6485057,-0.3468687,-7.0909986,4.6592617,-0.81085056,4.2462606,-0.18306938,-6.541356,4.630553,-3.1267989,4.1672707,-0.05444015,-8.296126,2.0830176,-2.2660396,3.8010643,-0.10438617,-7.1890306,2.6625917,-0.35464934,3.2033134,-0.1609053,-4.522068,3.512641,-1.5660125,3.2406645,-0.09076415,-5.8783073,2.5498176,-2.1167464,3.1992862,-0.24295515,-6.116882,1.7529345,-0.4212462,3.0501597,0.032906387,-4.3028846,3.4518642,0.1560222394169329,1955.3155078746627,0.056817137,0.036868658,location_A,part1,clip_154.wav
-195.96065,22.29753,1.0202199,-218.92998,-162.26555,43.837257,13.00168,-0.9429316,26.038345,58.445988,-3.6568637,7.481592,-0.5317481,-12.4987135,5.2611976,8.068808,8.370185,0.027881958,-2.5864522,18.97174,-6.346494,6.1443334,-0.42270225,-14.216963,1.0836926,1.0330553,5.4246426,-0.15621513,-5.98172,7.749825,-6.878771,5.456007,-0.62072843,-13.545002,-0.44405937,0.154886,5.454411,-0.15597194,-7.0859528,7.35574,0.45437458,4.627895,0.07992405,-5.615515,6.4461207,1.3400489,4.7856383,-0.124566175,-4.8528337,7.3144007,-0.4462693,4.475776,-0.12359345,-6.347533,5.159761,2.7658324,4.0049148,-0.046943568,-2.4592896,7.863462,-0.14007147,4.364359,-0.14703168,-5.643877,5.331168,1.5960749,4.090193,0.20711285,-3.6021771,6.673417,-1.2560219,4.181223,-0.10842837,-6.665949,4.1498046,-0.25904417,4.0629325,-0.18568124,-5.4983163,4.800886,1.0849649,3.5517123,0.12145728,-3.233374,5.5626545,0.3569029,3.382318,0.017233513,-4.075671,4.65986,-1.6738403,3.2045093,-0.015486975,-5.7252626,2.4983978,0.34090233,3.3944366,-0.18729272,-3.8642612,4.6631365,0.17373296475638977,2076.5908429773567,0.06465939,0.12112216,location_A,part1,clip_155.wav
-218.7515,15.295089,0.4097762,-237.89082,-203.06366,46.889214,9.182067,-0.40924495,35.67276,58.587578,-8.756141,8.579836,0.3571945,-19.26418,0.74939084,8.857999,7.758818,-0.19923136,-2.0345812,18.816448,-8.800601,5.5988,-0.23999666,-16.696466,-1.9861975,-0.86655974,5.6059833,-0.18571194,-8.185972,6.338066,-8.962281,5.8203583,-0.08391028,-16.060959,-1.3664259,0.28395787,5.042862,-0.12142857,-6.200191,6.7393684,0.4064015,4.7180142,0.18321946,-5.6458344,6.6673336,3.3487084,4.6841555,-0.14239417,-2.5432355,9.318764,0.8107368,4.256428,0.10237474,-4.6500807,6.0532613,1.4649869,4.318817,0.23869455,-4.0121727,6.9838543,-0.6027032,4.069687,0.1371324,-5.8743114,4.7743883,0.8395888,4.203748,0.1355567,-4.358809,6.33856,-1.9481374,3.6406806,0.13793333,-6.7982683,2.6881795,0.25386134,3.6423519,0.029407011,-4.3746023,4.7450166,1.1771346,3.6140378,-0.06596908,-3.4770393,5.720248,-0.48311588,3.5078566,-0.27079532,-4.874376,3.9528596,-1.931338,3.3637679,0.0058630593,-6.25778,2.223792,-0.027395524,2.9488504,-0.012642596,-3.9673781,3.6572318,0.16281605680910544,1963.5509057279137,0.050912563,0.081786744,location_A,part1,clip_156.wav
-193.2203,17.99832,-0.1635749,-217.4762,-169.91093,48.797054,9.076234,-0.63977057,37.91765,59.48535,-7.651511,7.9851665,0.033947375,-17.46294,3.073186,8.288631,7.7434416,-0.31738988,-0.9325131,17.741362,-6.8514404,5.950269,0.09170379,-14.75094,0.5791539,-0.15908259,5.065971,0.16392308,-6.5228643,6.5478363,-9.683753,5.0724177,0.038410567,-16.162392,-3.3514707,-0.67163247,4.902289,-0.18973804,-7.0541415,5.429288,1.0145707,4.9249887,0.00045933167,-5.0105524,7.645651,2.7688694,4.71558,-0.058233306,-3.2473407,8.699502,0.48067576,4.578511,-0.14187874,-5.5861597,6.4930353,1.994272,4.475157,-0.055819683,-3.9249825,7.843643,0.09768729,4.2647333,-0.02252786,-5.295394,5.5485153,2.0011463,4.293059,-0.14268911,-3.6156566,7.4296603,-1.2032684,4.4784503,-0.021842072,-6.844466,4.2758136,-0.15417458,3.4414458,-0.09916117,-4.5774546,4.2386427,0.87112707,3.789866,0.07321916,-3.8901293,5.5934706,-0.06260256,3.2123728,-0.11282665,-4.198881,3.8894625,-0.27889854,3.3864207,0.09461878,-4.6173277,4.009763,1.4993005,3.1795104,0.024865577,-2.4985178,5.6665697,0.15025958466453673,1918.4069146247364,0.04551817,0.18261251,location_A,part1,clip_157.wav
-168.49394,18.95966,-0.23089753,-193.85268,-147.49628,43.35307,9.225423,-0.45689365,30.896719,54.471954,-6.711949,7.8285565,-0.19357193,-17.091562,3.292211,10.014996,6.7215962,-0.001776394,1.4822586,18.623444,-6.617456,4.9886007,-0.051248,-13.120537,-0.49675786,-1.0465336,5.2038736,-0.2320469,-7.5811896,5.490264,-9.119143,4.87246,0.013113176,-15.512837,-2.933135,1.2063574,4.6337023,-0.13395895,-4.4970937,6.932787,0.36608997,4.635021,0.1161379,-5.456387,6.2222223,2.8326132,4.432735,-0.016290281,-2.8600314,8.335922,-0.35567114,4.8261995,-0.06460851,-6.216073,5.637373,2.5337455,4.363785,-0.030000549,-3.2636266,7.7243395,0.54079205,4.390939,-0.13826825,-5.1167808,5.9445763,2.1463175,4.1430254,-0.24844652,-3.3485107,7.270689,-0.93815297,3.8218586,-0.38913414,-5.652936,3.9766212,-0.7095437,3.8031332,0.17871056,-5.4282455,4.104122,1.0605024,3.3850582,0.04010394,-3.2486277,5.5332355,-0.09539671,3.3418329,0.118513644,-4.327507,4.1098213,-0.791315,3.1384137,-0.008341136,-4.875054,3.3082647,0.17138372,3.3718386,-0.05186614,-3.9992142,4.1867642,0.1728063223841853,2066.045938306577,0.06284748,0.12387424,location_A,part1,clip_158.wav
-208.89127,18.312067,0.7104887,-229.17354,-183.91273,45.615948,8.493004,-0.3223699,34.534332,56.161293,-9.107932,8.163548,-0.83615965,-20.04016,0.014282078,8.445393,6.2807193,-0.0033788795,0.25991255,15.927861,-7.651076,5.8975315,-0.8299181,-15.063419,-1.2384046,0.705071,4.7549925,-0.37564415,-5.416606,6.4975004,-5.443083,4.203154,0.0941391,-10.5939865,0.21460485,1.6539776,4.7621517,-0.26822758,-4.3012075,7.533966,0.56065845,4.1485,-0.07091706,-4.8454475,5.930978,4.3426576,4.1733217,0.15865299,-0.6988628,9.5430155,0.2762777,3.9680898,-0.16695201,-4.685054,5.29741,2.3371334,4.013232,0.08254244,-2.8199675,7.5444613,1.6011798,3.6895235,-0.04535954,-2.7783492,6.4625673,2.3801372,3.477877,0.07446817,-1.9334853,6.8545156,-1.0149852,3.5450757,-0.11096673,-5.5281467,3.4269156,-0.020692077,3.2747557,0.12078112,-4.202314,4.2639475,0.7772089,3.3936405,-0.21206471,-3.3954582,5.0547814,0.41418663,3.184425,-0.0072169546,-3.5990481,4.4022055,-0.5420591,3.2821972,0.004930073,-4.7927365,3.5849335,0.38989365,3.1681185,0.17819296,-3.5891235,4.5011835,0.16709358775958466,1990.8590386466892,0.062550396,0.041320387,location_A,part1,clip_159.wav
-200.85278,18.68488,0.7054846,-221.4994,-174.093,50.8697,7.322114,-0.5136907,40.755196,59.29883,-7.4718623,8.360513,-0.45900238,-18.778301,2.784556,5.2595997,7.354866,0.08440731,-3.6478202,14.599706,-8.186478,5.5987287,-0.21739921,-15.687325,-1.584843,-1.9783003,4.972806,0.08584342,-8.513625,4.3116193,-8.317848,5.143427,-0.21698195,-15.050941,-1.6575869,0.96288097,5.018533,-0.008070389,-5.35931,7.3790236,0.33809203,5.183333,-0.11614194,-5.7899647,6.8414288,4.149872,5.109228,0.14519665,-2.4467545,10.763572,0.9545951,4.294563,0.15537094,-4.4811487,6.764492,2.162435,4.0207076,-0.013736179,-2.8276587,7.446487,-0.057231404,4.4770703,-0.18839198,-5.7339935,5.0871167,2.3431902,3.8858137,0.063518,-2.3787947,7.3748245,-1.8557593,4.2889614,-0.22908756,-7.2351437,3.5629506,-1.7231169,3.7074902,-0.022187147,-6.544425,3.0142865,0.34372395,3.6434813,0.2962441,-4.0287914,4.7434793,-0.89896494,3.6754575,-0.124386586,-5.628462,3.8390055,-0.7267977,3.7881794,-0.13081126,-5.4359474,3.8861406,0.64286655,3.3377535,0.24039741,-3.5850348,5.065087,0.1394175569089457,1835.4409770450839,0.03901679,0.088436246,location_A,part1,clip_160.wav
-181.13496,21.618052,0.07714594,-208.41472,-150.55876,52.542076,6.4671645,-0.39086694,44.39431,60.255417,-6.2834277,6.7822943,0.47644052,-14.9235325,1.9294069,8.830685,7.6311717,-0.5132965,-0.58691764,17.678257,-8.054972,5.1269364,-0.073098555,-14.420907,-2.0980015,1.3253188,5.631793,-0.103271544,-6.3600335,8.439697,-6.855547,5.243815,-0.1656059,-13.649794,-0.42539787,1.7635397,4.75218,-0.25738773,-4.732752,7.492308,0.9775445,4.153799,-0.01820132,-4.5693007,6.3009033,3.6048272,4.1951876,0.19035038,-1.6495628,9.169552,-1.0838728,3.9670134,0.21635999,-6.1155424,3.8179555,1.0355502,3.9046595,-0.01825534,-3.8581295,5.7534003,0.09974578,3.8582199,-0.20488593,-4.854822,4.9965305,2.100609,3.5340447,0.16301996,-2.2296643,6.5324297,-0.8795842,3.5739741,0.02736909,-5.522526,3.5823827,-0.3128569,3.37436,0.09577701,-4.5484123,3.8920684,0.6716362,3.4528177,0.13410561,-3.8157668,5.009639,-1.1982284,3.1364987,-0.14076191,-5.0643244,2.778142,-1.6854832,3.0303957,0.38203716,-5.2916985,2.0337515,0.26180735,2.8645697,0.067253925,-3.4710536,3.9470222,0.13527418630191693,1786.756789424993,0.038493287,0.15666586,location_A,part1,clip_161.wav
-213.67574,13.997725,1.109331,-230.01073,-196.86592,49.72035,8.584021,-0.8993551,40.658745,59.379868,-4.2373757,6.7397165,0.18107834,-12.309198,3.8578303,11.249715,6.953517,0.6155666,3.0366278,21.08979,-5.9167943,6.984019,-1.2393724,-12.871341,2.0885956,3.38712,4.8299265,0.0968303,-2.7531667,9.588033,-3.6318667,4.735738,0.08831011,-9.74402,2.4907641,3.3514066,4.426882,-0.11570237,-2.5351715,8.752369,1.3158399,4.3525877,-0.1027803,-4.331321,7.068475,3.5935533,3.817071,0.10825933,-1.3917627,8.423224,0.32947546,3.5970733,0.07920049,-4.2836285,5.1629047,3.0312445,3.7649455,0.09192906,-1.5857651,8.153085,1.451076,3.7165558,-0.05076291,-3.3307104,6.212801,2.968884,3.6328785,-0.06516006,-1.8160858,7.563438,-0.3145068,3.6097617,-0.003586207,-5.0430884,4.00706,-0.35510686,3.4199734,-0.047775842,-4.7425184,3.8299303,1.2536467,2.9979343,0.058883842,-2.517283,5.030926,0.09504159,3.3076878,-0.10711078,-4.189953,4.245,-0.6735873,3.038576,0.12737092,-4.5675545,3.2410765,0.5780932,2.8140974,0.042711947,-2.9954793,4.330497,0.13835051417731628,1847.9888560691704,0.048206862,0.035814956,location_A,part1,clip_162.wav
-178.4857,19.591364,0.7672804,-201.7493,-153.68222,43.555264,10.051272,-1.3605924,32.410122,53.764603,-5.3797,7.489665,-0.21028244,-15.202328,4.1981497,9.270309,5.9728456,-0.1231363,1.5579877,17.113892,-6.3778205,5.4593444,-0.4628443,-13.511515,0.106324494,0.55494833,4.651745,-0.2312412,-5.5701675,6.491576,-6.5723543,4.909256,-0.121674806,-12.7877445,-0.67603916,2.4161305,4.3502774,-0.048352964,-3.078442,7.9310007,0.37617502,4.0132346,0.10393216,-4.585801,5.3963003,2.2086887,4.2097692,0.09644961,-3.074989,7.657947,-0.10626875,4.003557,0.12774287,-5.121111,5.1822176,2.254436,3.8922162,0.01686471,-2.6788273,7.1020994,1.2635419,4.143201,0.13663691,-4.076933,6.4750395,1.3645673,4.0725036,0.08762501,-3.8135276,6.7095523,-0.80366963,3.732668,-0.022089135,-5.676055,3.8445122,-0.19781342,3.4498,0.035947576,-4.5767126,4.415387,0.606385,3.2609472,-0.05172811,-3.5584147,4.7024517,-0.054355238,3.2869961,-0.065613724,-4.408412,3.9978402,-0.92078584,3.1292272,0.17711687,-4.7560873,3.2585647,0.1123754,3.1578596,0.043170236,-3.8860931,4.2602816,0.1688205121805112,2058.666948997129,0.06709124,0.115521096,location_A,part1,clip_163.wav
-203.30272,17.492283,-0.06363828,-226.5479,-182.8961,44.57156,9.945285,-1.3360296,33.007988,54.92665,-7.359074,7.535473,-0.08319782,-16.848803,2.43411,9.671758,7.282371,-0.102814026,0.0052543283,18.786734,-6.361793,4.868583,-0.08148779,-12.640465,-0.19900608,1.0235949,4.6777554,0.12854123,-4.8865733,7.211824,-6.8345747,4.446504,-0.23876466,-12.779735,-1.3648943,0.08395632,4.573438,-0.1864624,-5.8164625,5.717201,-0.36286646,4.4994526,0.0016259614,-6.319051,5.366844,3.1661932,4.1434135,-0.0656437,-2.107512,8.373126,0.14692871,3.7102938,0.2660819,-4.2432866,4.9318466,2.2635217,3.8375,-0.059201296,-2.5998244,7.0266647,0.9575095,4.083003,-0.15468696,-4.3815393,6.086586,1.5239524,3.6351604,0.032704152,-3.0313125,6.0641603,-0.62568367,3.702589,-0.27659857,-5.493642,3.759755,-0.38366085,3.5024786,-0.047636583,-4.6438446,4.148283,0.37056607,3.3317373,-0.0038741506,-3.7204819,4.6694937,0.16953893,3.6447327,-0.17100996,-4.22139,4.8351946,-1.1048939,3.54713,-0.03558905,-5.6314507,3.441927,0.12624973,3.2507524,0.020603538,-3.9088037,4.315033,0.16705770766773162,2012.8144564920844,0.0628923,0.06591019,location_A,part1,clip_164.wav
-190.92664,14.5762615,0.4067955,-208.34508,-173.52608,42.952385,11.093581,-0.989194,27.763859,55.234825,-6.1833057,7.008426,0.2980075,-15.162337,3.3812838,8.271076,6.5105286,0.08373519,-0.1752875,16.982815,-8.039221,5.987987,-0.072792426,-15.832066,0.08207686,-0.74026346,4.9864764,-0.10678735,-7.0129604,5.306015,-8.638929,4.789134,-0.1551948,-15.020907,-2.703181,1.1434046,4.8843827,0.285177,-4.8686743,7.7852116,0.3792533,4.8042574,-0.16816321,-5.75854,6.2195735,3.1139393,4.237194,0.046962645,-2.3409324,8.5665455,0.42372167,3.9640357,0.062788226,-4.711459,5.560669,2.9597535,4.027867,0.07686377,-2.1563253,8.269468,1.6408923,3.790212,0.047944847,-3.0453272,6.4198227,2.8439202,3.6894405,0.11613133,-1.8267598,7.53479,0.93888324,3.7511082,-0.1228356,-3.8884883,5.770491,0.24769379,3.7255533,0.028104963,-4.6226935,5.0652294,1.3837072,3.4146569,0.08281002,-2.8843293,5.6189857,1.1041548,3.4323587,0.20001332,-3.2318344,5.523073,-0.5275457,3.1632385,0.10440592,-4.476983,3.4797153,0.5148131,3.019088,-0.10227072,-3.2472138,4.273096,0.17128999850239618,2065.08057208543,0.062741384,0.08072812,location_A,part1,clip_165.wav
-167.16422,17.135344,0.6701088,-187.3738,-143.63416,43.60538,11.028526,-0.43095937,28.129032,56.912643,-2.0003955,8.17356,-0.52253234,-11.86079,8.348684,11.850766,7.564308,-0.0040216455,2.0712376,21.508358,-4.380757,6.0751595,-0.21661055,-11.835366,3.3723536,-0.1314701,5.4340086,-0.17907678,-7.174397,6.3801613,-7.498776,4.924285,-0.024028469,-14.202219,-1.2998958,3.59697,5.038621,-0.18062246,-2.605578,10.04858,1.6473446,4.4926796,-0.014942976,-4.1312327,7.3558054,3.19332,4.7830033,0.13438186,-2.8588207,9.395134,1.0711635,4.483973,0.22746326,-4.57839,6.8616295,2.0683382,4.303575,0.021867462,-3.409331,7.2519646,2.943993,4.2846956,-0.0005623997,-2.7103486,8.444871,1.2468474,3.918634,0.0075724088,-3.6016853,6.366403,-0.83133775,3.6369083,0.14225538,-5.450719,4.0763187,-0.4206468,3.5945323,0.1751018,-4.944985,3.9922588,0.756813,3.6595492,-0.06637883,-3.7350342,5.498987,0.018388823,3.3841927,-0.22652291,-4.329034,4.4067383,-0.96239024,3.2249823,-0.020487595,-4.933974,3.0299234,0.90345424,3.0364745,0.08313573,-2.7916706,4.7895756,0.16401101986821087,2030.387518042684,0.057440065,0.13043651,location_A,part1,clip_166.wav
-180.90204,14.379493,0.29005632,-198.94551,-162.81465,48.343292,10.126181,-1.1158321,35.052856,59.708595,-2.5356648,6.9909954,-0.11503379,-12.107206,5.877433,12.158746,7.2973104,-0.20679003,1.994771,21.350487,-5.8812847,5.7899995,-0.06808432,-13.487522,1.7345606,-0.56210345,5.1017804,0.052001767,-7.3100014,5.692466,-7.2211637,5.04821,0.06588739,-13.4880085,-0.906306,2.9573615,5.8677444,-0.097226426,-3.955965,9.70214,1.7202104,5.109786,-0.30346873,-4.92663,8.037521,3.2380583,4.736503,0.057293236,-2.6396515,9.3832655,0.6322054,4.561985,-0.1586438,-5.544407,6.3898325,1.3188245,4.169524,-0.13491486,-3.88723,6.64925,2.7403574,4.504096,0.056901142,-2.8718338,8.412514,2.7223256,4.469549,0.11637878,-2.873703,8.660349,-0.57578224,4.5399656,0.036930215,-6.224926,5.195653,-0.4057965,4.192584,-0.117894754,-5.887036,4.894187,0.5777078,3.796696,0.09293864,-4.1103973,5.0728645,-0.8464302,3.8224027,0.29526332,-5.778418,4.171438,-1.1364373,3.4293075,0.10518371,-5.60291,3.3688848,-0.43723416,3.3165703,0.003201759,-4.670409,3.8151884,0.14387760832667731,1908.8307445465427,0.04334514,0.15098864,location_A,part1,clip_167.wav
-200.09753,23.449667,0.42189983,-227.02264,-165.1055,44.881485,10.075814,-0.8090312,31.962875,56.41481,-8.93287,9.267666,0.061587404,-20.889303,2.9961493,9.963776,7.8893642,-0.30365312,-0.7324475,19.344204,-8.645312,7.2137103,-0.08433365,-18.24377,0.7283777,-3.4398165,5.774778,0.015190536,-11.152874,3.9717183,-10.3555355,5.250718,-0.35723782,-16.85075,-4.0566354,0.20794636,4.4933352,0.03696619,-5.652603,5.672628,0.12900609,4.540499,0.011470051,-5.742461,6.1919804,2.4527285,4.6283765,-0.011204221,-3.5829346,8.204997,-0.6103221,4.6088924,0.12738031,-6.3361864,5.5892215,0.3768696,4.1248,-0.103436545,-4.882882,5.5870028,0.28503504,4.1386957,0.05641525,-4.5634565,5.4962316,1.6881073,4.1168184,0.12241209,-3.5200431,7.191458,-1.1282496,3.8480806,-0.103873625,-6.1006083,3.6771007,-0.06670563,3.983963,-0.008147437,-5.3416567,5.049339,0.7630748,4.050515,-0.112031475,-4.1643276,6.067938,-0.5834517,3.634721,0.010551096,-5.1384068,3.9537256,-1.2885711,3.615088,0.3834181,-5.760645,3.3756676,0.61296266,3.4428563,0.03421027,-3.8876429,4.9449005,0.16460382138578275,1992.1667769635437,0.049416497,0.09988048,location_A,part1,clip_168.wav
-191.17017,19.590893,0.37640825,-214.91965,-167.0985,48.10456,11.343942,-1.2228807,35.789085,61.438435,-9.034879,8.286556,0.08127041,-20.084755,1.1059028,6.5931206,8.150774,-0.021019055,-3.760908,16.71011,-8.333997,6.516678,0.23067014,-15.851299,0.30278862,-2.3301785,4.9804797,0.052240234,-8.867523,4.0487666,-11.713463,5.1042395,0.1014416,-18.045517,-4.9045944,-0.55125505,5.060098,-0.015790451,-7.052284,6.1127996,0.71365315,5.218707,-0.09749569,-5.9945517,7.376065,2.1476023,4.9002433,-0.08272715,-4.0631948,8.24276,-0.54927075,4.6637936,0.039947826,-6.3229475,5.285556,0.26802227,4.84931,-0.0022132439,-6.052127,6.3872337,-0.28454474,4.496489,-0.2325487,-6.334072,5.4131823,2.396442,4.2574534,-0.19774342,-2.7546225,7.5808725,-1.7825087,3.9003725,-0.22430006,-6.7943583,3.1117768,-0.74247783,4.096067,0.072084405,-6.2022343,4.433302,1.387771,3.6643226,0.25515488,-3.1628332,6.1147346,-0.4352692,3.5341334,0.25602072,-4.7339525,4.014632,-1.173087,3.2070057,0.1515517,-5.134494,3.0677245,0.09449198,3.0699,0.027427362,-3.8547673,3.9386728,0.15428439496805113,1929.2923688853982,0.047140416,0.10102129,location_A,part1,clip_169.wav
-216.95837,20.43257,0.46944657,-242.11462,-189.42047,47.460808,9.525607,-0.78380877,35.41467,58.438538,-9.111492,8.499927,-0.14380918,-20.515915,1.5272348,6.721263,6.7067327,-0.38276994,-1.9398563,15.234051,-7.292716,5.739187,-0.14111362,-14.466374,0.14532642,-1.151514,5.398528,0.2612265,-7.820748,6.0616984,-9.332761,4.823919,0.066169284,-15.241558,-3.3908017,0.65940815,4.5904217,-0.07389525,-4.908104,6.3423038,0.74463964,5.53905,-0.09719124,-6.991371,7.696288,1.7068399,4.6331816,-0.13195264,-4.2870626,7.6448283,-0.6964452,4.32857,-0.21339284,-6.4892635,4.365669,1.0400051,4.2368884,-0.21327224,-4.4499426,6.575636,0.17109029,4.3464084,-0.21127027,-5.472905,5.532921,3.2660143,4.286759,-0.051325217,-2.3362584,8.747596,-0.2869233,4.201771,0.10373789,-5.728028,4.9541545,-1.1854478,3.8671036,-0.12142337,-6.0261955,3.6421995,1.1469533,3.9614453,-0.106710084,-4.028846,6.2644396,-0.12926681,3.820262,0.015522645,-4.989344,4.574791,-1.1546369,3.784506,0.35190916,-5.9087768,3.4328346,1.1073188,3.363385,-0.017704206,-3.2401938,5.5534077,0.15889888678115016,1914.5802905963824,0.04783203,0.04423457,location_A,part1,clip_170.wav
-197.14806,18.509588,0.52442354,-219.2008,-172.93698,46.535385,9.744684,-0.525837,33.114395,58.023705,-9.593666,8.028643,-0.00084323785,-20.0399,0.8993131,7.5319705,6.63828,-0.013468759,-1.2670907,16.16689,-11.47163,6.2830935,-0.14550614,-19.038456,-3.473133,-0.77432907,4.8873677,0.044520605,-7.152192,5.322114,-9.875708,5.276912,-0.17200735,-17.129745,-3.349897,-0.23997036,5.0919347,-0.051106244,-6.7205434,6.4215508,0.69903755,4.4457555,-0.0662519,-5.167213,6.373896,3.836398,4.14187,-0.06691435,-1.6368494,9.065121,2.27308,4.7135563,0.34093076,-3.5691056,8.424107,1.8988831,4.254756,0.06346774,-3.3665595,7.2999544,0.30745617,4.095725,0.07716713,-4.8425956,5.6377373,2.6509783,3.8326838,0.1391222,-2.2252936,7.681137,-1.1603042,3.8405657,0.17151433,-6.00724,3.7551868,-0.8021741,3.7177525,-0.03022224,-5.573138,4.180026,0.55185294,3.8679242,0.019514062,-4.4823227,5.44119,0.07577169,3.2106133,0.10670384,-3.9674819,4.2646055,-1.4200836,3.2848494,-0.050791536,-5.7796507,2.7778974,0.40914008,3.2162626,0.013613775,-3.5967455,4.740345,0.16283165684904152,1971.0584800111292,0.048547868,0.11526618,location_A,part1,clip_171.wav
-167.33275,13.963848,-0.058794603,-187.42683,-148.81487,46.36242,8.782972,-0.62759686,35.371956,56.64759,-9.22274,8.166244,-0.19218579,-20.581535,1.2242817,9.399988,7.5176516,0.22869353,0.15603006,19.24163,-9.670874,6.2327914,-0.03567303,-17.722124,-1.3327565,-2.5694692,5.397099,-0.0509335,-9.546392,4.4526367,-9.087467,5.029733,0.09785233,-15.6058655,-2.3723097,1.3600665,4.469451,-0.12553166,-4.370593,6.972317,1.9012921,4.722779,0.06288298,-3.9226074,7.7709,3.730116,4.7038765,0.026069624,-2.3966637,9.927955,0.7413142,4.3542047,0.0068879663,-4.7393217,6.2565827,2.4523098,4.439958,-0.025689915,-3.2659783,8.3597765,2.9515398,3.9452765,0.0012739067,-2.20062,7.981794,2.8825495,4.162329,-0.06316077,-2.68523,8.069958,-0.40375358,3.7173243,-0.12274587,-4.906484,4.2380104,0.6933374,3.9479744,0.045689855,-4.3118467,5.652503,0.7744942,3.817528,0.00028051613,-3.9301856,5.5368958,-0.22834289,3.5791156,0.19875547,-4.515151,4.273343,-0.8755916,3.2708375,0.18638356,-4.901677,3.207991,0.32759002,3.3369942,-0.10121106,-3.7778049,4.4904566,0.15845896565495207,1947.8751814444147,0.048295964,0.18297476,location_A,part1,clip_172.wav
-207.15656,15.452547,-0.14707574,-230.04364,-188.17227,49.97604,8.807076,-0.67690057,38.589317,60.27871,-4.9338856,7.40016,-0.14883305,-14.272437,4.435354,13.747924,7.2556014,0.018608363,4.2845497,22.552513,-4.508966,6.0942554,-0.41652352,-12.158154,2.7231262,1.5338981,5.120485,-0.09572507,-5.274164,8.029566,-6.6459236,5.86268,-0.26775706,-14.565043,0.49633688,3.012665,5.454337,0.08977826,-3.9941795,10.134316,2.4764953,4.7362943,-0.13604571,-3.6831698,8.262049,3.9399881,4.0848465,-0.030720292,-1.6386647,9.111062,0.8555069,4.1907406,0.14989164,-4.2899785,6.30492,2.7480583,3.9762974,0.09067482,-2.3544254,7.9226837,2.5184133,3.9401789,0.044655837,-2.5109165,7.392554,3.290004,3.8170238,0.04940052,-1.6147926,8.338042,-0.0022229282,3.7028766,-0.1713392,-5.059334,4.6977415,0.29808185,3.843541,-0.043300875,-4.6686335,5.3439913,1.2089767,3.4086354,-0.1791281,-3.432041,5.7352977,0.20858036,3.2570918,0.06610552,-3.7267985,4.314895,-1.4478344,3.253493,-0.06809388,-5.61773,2.5618832,0.3611063,3.2119138,0.11174344,-3.5616674,4.5614386,0.13430542382188498,1844.9431398394838,0.041640922,0.11297876,location_A,part1,clip_173.wav
-170.5542,12.986639,-0.1799124,-188.7659,-154.18362,46.844402,6.7591333,-0.097735964,38.068,54.75038,-11.124912,7.673364,-0.05150161,-21.632698,-1.5459921,8.46267,6.307714,0.18594536,0.5211369,17.024517,-8.42915,5.666634,0.12758353,-15.314264,-0.91047096,0.30872107,5.482569,0.6179344,-6.235689,7.0192184,-8.921361,4.986478,0.056664452,-15.18124,-2.2940898,0.040785387,4.533793,0.074715585,-5.6507626,5.7887583,0.48989087,4.4212236,0.19397546,-5.253761,6.307249,1.9324111,4.780059,0.069315664,-4.220964,7.905139,0.1658113,4.3220572,0.061160192,-5.1519613,5.8734293,0.56323296,4.110026,-0.012254656,-4.803584,5.823909,0.230382,4.6425195,-0.14600697,-5.91817,6.0366063,3.3455417,4.0745,0.05769788,-1.7952247,8.681215,-1.3765916,3.955042,0.065715276,-6.3091054,3.6618505,-0.14384164,3.8472004,0.13487807,-5.0948496,4.925458,1.2870014,3.5029655,0.12624702,-3.0505958,5.8367724,-0.07996246,3.9125707,-0.16545206,-5.2620354,4.833653,-0.6919533,3.5774276,-0.0045516714,-5.3762865,3.7322178,0.71846133,3.425234,0.1697839,-3.5710075,5.1207986,0.1610704123402556,1940.56476037893,0.04675641,0.18681389,location_A,part1,clip_174.wav
-204.29602,14.992067,0.3857866,-223.07701,-186.51852,47.35842,7.5462794,0.020752162,37.534935,57.660423,-10.992628,7.822935,0.05891729,-20.766312,-0.20833206,9.109276,7.3361044,0.32652956,0.08240162,19.402065,-8.440179,6.2156296,0.13089232,-16.614967,-0.7342906,-1.3451027,5.6612935,0.0073355823,-8.707727,5.9619164,-9.109429,5.3298354,0.20181106,-15.720728,-2.5725899,0.074020855,4.6829143,0.11217518,-5.6847286,6.2593536,2.1352022,5.258307,-0.012237845,-4.5406494,8.831795,2.6768782,4.852747,0.04875875,-3.321601,8.647987,-0.45896468,4.4675937,0.014079561,-6.1401353,5.238413,1.0726063,4.3335686,-0.14971928,-4.5353284,6.3696127,0.41880158,4.229783,-0.05508377,-4.904333,5.870062,1.5986491,4.249512,-0.1790807,-3.7414324,6.832048,-2.6792219,4.0317273,-0.014610053,-7.711898,2.448953,-0.5724531,3.6981041,-0.006534335,-5.1850576,4.1760497,0.39442873,3.556685,0.058151096,-4.244034,5.0786867,-0.9811241,3.3673072,0.028622955,-5.4112897,3.6644287,-1.3008432,3.7328627,-0.011368343,-6.1692753,3.4453983,1.1055834,3.4684403,0.10393281,-3.3232102,5.507123,0.15937468799920126,1928.6782288719876,0.04569031,0.04218939,location_A,part1,clip_175.wav
-196.99211,18.931479,0.023337482,-223.17609,-171.8151,47.50638,8.755006,-0.923459,36.988,57.07377,-12.359967,8.122806,-0.041995384,-23.385498,-1.9888917,11.226109,7.8035645,0.15873885,1.2241316,21.282097,-7.3143697,6.3532777,0.13466184,-15.686385,0.7176099,-0.6663017,4.86454,-0.2256884,-6.867631,5.152363,-8.464333,4.8788395,-0.18901996,-14.623568,-2.3992991,-0.5854025,4.9159894,-0.04542915,-7.074709,5.563101,1.0152745,5.8444767,-0.06780792,-6.6593666,8.653276,2.3007104,4.842531,-0.27537692,-3.648248,8.12383,-1.761382,4.939002,-0.09308148,-7.7582364,4.2110367,1.5560621,4.6695375,-0.18215299,-4.4499135,7.368374,0.61525565,4.561367,0.15619941,-4.760044,6.2984753,2.8263156,4.39361,-0.113620915,-2.8362005,8.590553,-1.6817306,4.4464498,0.14531252,-7.2648754,3.8722215,-1.0897471,3.8735313,-0.09873545,-5.811294,3.914998,0.101646155,3.918232,0.11429661,-4.6625633,5.1077127,-0.23031579,4.023922,-0.07172312,-5.353909,4.6908255,-1.6233535,3.4536347,0.18501513,-5.917629,2.9953213,0.83595395,3.443467,0.04707672,-3.30852,5.0819945,0.16440414087460065,1920.9504071312388,0.04117864,0.11410976,location_A,part1,clip_176.wav
-183.49101,18.707788,0.20846556,-207.69412,-158.06694,49.682365,8.07618,-0.45371366,39.944294,59.111725,-11.555665,9.053066,0.2244692,-23.02272,-0.5286356,11.489083,7.973105,-0.5965958,0.9481046,20.696293,-7.115813,6.9323883,-0.03877888,-16.01621,1.8107219,-1.7582034,5.6829104,-0.063505694,-8.918915,5.0662446,-8.523775,5.951559,0.62059224,-15.708658,-1.2479782,0.4679729,4.7789454,-0.09570326,-5.5023413,6.603674,1.1712035,4.68932,0.076055154,-4.868509,7.510406,3.086001,4.7558017,0.22484034,-3.0128665,9.322231,0.20647235,4.4711466,-0.13325949,-5.2901926,5.840968,0.27356622,4.9394097,-0.15546131,-6.27022,6.136229,0.9258603,4.304538,0.2711814,-4.628392,6.58652,2.2828128,4.024684,-0.0016542379,-2.9137902,7.384469,-2.2887952,4.240505,-0.2482147,-7.646337,2.9448643,-0.7839064,3.6814063,0.17450033,-5.234562,4.1086164,-0.028127909,3.8258426,0.1378904,-4.692982,4.9454136,-0.40298522,3.6869752,0.0053729056,-5.376414,4.401829,-1.6957779,3.173973,-0.08389548,-5.762038,2.3843021,-0.004810192,3.67104,0.26121783,-4.6272173,4.5864916,0.15416271465654952,1854.852158328798,0.039778203,0.06504412,location_A,part1,clip_177.wav
-186.68231,16.532244,-0.04238635,-209.66214,-164.12918,49.92916,8.155545,-0.22528861,39.12364,60.431908,-4.855426,7.7699485,-0.25575128,-15.137026,5.1453447,9.843888,7.7142015,0.017546192,-0.37443352,19.84921,-5.855582,6.4145594,-0.07650386,-14.105625,2.4670491,-0.6846603,5.111041,-0.06319773,-7.3713417,5.38478,-6.799909,5.3028054,0.18703274,-13.623289,-0.1416874,1.6048044,4.6838226,-0.051492587,-4.3127337,7.2737083,0.55240655,5.262158,0.31952742,-5.8620462,7.306335,1.7382734,4.83313,0.15142936,-4.2937937,8.356527,0.5329491,4.5371447,0.03410682,-4.756586,6.4691334,2.262036,4.293163,-0.22518638,-3.1751647,7.7511163,1.5697699,4.179658,0.07027472,-3.7268414,6.9912634,2.6394074,3.9829967,-0.024312403,-2.5804224,7.6450715,-2.848425,3.9357383,-0.26433218,-7.8224716,2.3214648,-0.26362807,3.5176766,0.045866355,-4.5945215,4.193162,0.1487086,4.0256166,0.109774075,-4.763585,5.2583027,-0.6976274,3.511523,-0.033427425,-5.0179687,3.5834792,-1.4004209,3.6634111,0.2261156,-6.0008945,3.2032502,0.36761236,3.4523225,0.29359296,-3.7259474,4.799965,0.14111172124600638,1857.0825606396809,0.042402335,0.14381945,location_A,part1,clip_178.wav
-236.95462,24.611504,1.2310188,-263.33975,-207.28741,46.248642,8.869737,-0.6112642,35.09025,57.48787,-10.807768,9.1676,-0.7423301,-20.43504,0.22804856,8.053667,7.9527626,0.4438897,-1.7629434,18.401346,-9.234707,6.1242003,0.03105602,-17.16836,-1.7031741,-1.583577,5.0860357,-0.080288954,-8.411125,4.830691,-8.8637705,5.501449,-0.24012953,-15.200156,-2.319984,1.1328849,4.886062,-0.2414784,-4.7988806,7.1852083,-0.02136456,5.024339,-0.0061549935,-6.4679804,6.422825,1.6656053,5.03213,-0.10633049,-5.0050573,7.8843966,-1.1150239,4.947356,-0.2124065,-7.7356615,4.947099,0.6988104,4.5802083,-0.21489225,-4.873,6.4751167,1.137787,4.491471,0.24496026,-4.4199076,6.7425256,1.7725394,4.5341377,0.23440108,-3.887876,7.6888456,-3.220458,4.2786746,-0.22675358,-8.969894,2.031277,-0.74912184,3.7908351,0.05915119,-5.798937,4.0906606,-0.296174,3.8094807,-0.037795287,-4.9944925,4.5896683,-0.41050202,4.0191903,0.20297015,-5.42841,5.093487,-0.9309187,3.5711603,0.38371763,-5.251754,3.4813566,0.4717893,3.522805,-0.1447162,-4.113334,4.924877,0.16434486072284346,1964.4498233015406,0.048396576,0.03762532,location_A,part1,clip_179.wav
-185.26418,16.413872,0.95864046,-203.53976,-165.04846,45.62259,9.645591,-0.92090344,33.72914,56.3276,-9.361805,8.76852,-0.087526806,-20.37357,0.9809917,8.880065,7.75687,0.028658539,-1.0002375,19.209919,-7.454134,6.1563635,-0.02658323,-15.313792,0.3223717,-1.8049517,5.437473,-0.035011366,-8.734785,5.0159936,-7.9778824,5.249041,0.032737784,-14.660513,-0.95605075,1.2036979,4.393777,0.08447771,-4.2107735,6.833617,-0.15343668,5.1805983,0.093001895,-6.3632193,6.6661196,1.2626568,4.7383304,-0.018230148,-4.594176,7.1694574,-1.766745,3.978758,-0.078822166,-7.124996,3.2266169,-0.39101636,4.6057143,-0.16105631,-6.340606,5.339876,0.052447475,4.08111,0.06910356,-5.139147,5.0906596,1.0014855,4.1595516,-0.15352522,-4.364056,6.213889,-3.0936255,3.8368042,-0.30036494,-7.8230534,1.6414869,-0.75119084,3.5387375,0.18356393,-5.197733,3.9753776,-1.454618,3.7016819,0.29760584,-5.8706665,2.9610734,-0.9922125,3.325707,0.23901927,-5.107189,3.4077425,-1.2635634,3.7320802,0.3880861,-5.8028274,3.6385782,0.2748485,3.2957635,-0.049951684,-3.8990488,4.646387,0.16623714556709265,1978.2525113993586,0.053783227,0.09420677,location_A,part1,clip_180.wav
-203.56755,22.877995,0.92876095,-229.95277,-175.4206,43.438557,14.322622,-1.0685759,21.739414,58.18616,-12.520623,8.50759,-0.15942612,-24.335869,-1.6071645,9.858239,7.8530354,0.38701436,0.42950654,20.298649,-9.594521,6.4282937,-0.0077148736,-17.747171,-1.2978761,-3.0419128,5.5789933,0.21237214,-9.849141,4.3086433,-9.903107,5.371778,-0.028956689,-16.702374,-3.1859965,0.48517302,4.6589065,0.14335209,-5.5260715,6.3647017,0.44789806,5.2114677,0.039096404,-6.446098,7.431617,1.6346127,5.070786,0.022017865,-4.696378,8.231112,-1.0652664,4.9726057,0.004729337,-7.499158,4.812787,0.3983941,5.12629,0.11951501,-6.313561,6.998135,0.27511793,4.579463,-0.2995136,-5.579565,6.2164907,1.4298458,4.4715433,0.1948816,-4.1623263,7.5166097,-2.635038,4.055183,0.12900804,-7.551903,2.6019778,-1.2067407,4.0983195,0.011562236,-6.5567427,4.062567,-1.1178553,3.8167257,-0.040812943,-5.9550686,3.7445564,-0.720097,4.0880733,-0.028549034,-5.93373,4.3395467,-1.7299376,4.1245995,-0.21534191,-6.8744745,3.429372,0.21917784,3.7722852,-0.07832587,-4.705389,4.915758,0.18510071385782748,2048.7394523812427,0.050235458,0.06580524,location_A,part1,clip_181.wav
-188.59789,17.361534,1.0231129,-207.92538,-167.03023,47.044563,8.30756,-0.90129876,37.126266,56.421303,-8.888477,8.053082,-0.11597238,-19.24057,1.3244882,10.049348,6.6455197,-0.2247776,1.2077894,18.411076,-8.451457,6.1063223,-0.07495049,-16.660843,-0.5105662,-1.524235,5.980912,0.29320976,-8.861938,6.225959,-7.680831,5.452199,0.012066208,-14.756953,-0.35395408,2.1537874,4.780697,-0.06833729,-3.821065,7.997401,1.2395483,4.369931,0.0064507313,-4.485984,6.609907,1.644478,4.611045,0.023232108,-4.026951,7.6270466,-0.55187315,4.5163174,-0.108323164,-6.5495915,5.270843,1.7668494,4.4870343,0.06753027,-4.152395,7.651499,0.6964221,4.1192803,0.25391293,-4.564468,5.689854,0.9793523,4.2605853,-0.3465432,-4.5344534,6.509542,-2.249586,4.0333996,-0.049022682,-7.203885,2.9725695,-0.8191435,3.8381517,-0.07432858,-5.616405,3.8589478,-0.77395463,3.9813437,-0.06659524,-6.0297484,4.4407663,-0.33168668,4.0900807,0.008276822,-5.4000263,4.8005943,-1.3166438,3.4884212,0.2757675,-5.497931,3.1101437,1.1150489,3.6207187,0.2030284,-3.6839871,5.649085,0.15696136182108625,1925.017977549381,0.046128828,0.09629416,location_A,part1,clip_182.wav
-191.7772,15.808902,0.40232047,-210.70877,-172.10983,50.568645,7.9396286,-0.47362328,40.28459,60.652035,-8.918895,7.8414383,0.025758581,-17.686607,0.59791756,9.063279,5.88238,-0.19108596,0.82992405,16.29216,-7.203805,5.6015625,0.16767009,-14.214186,0.20763803,1.4078887,4.9875526,-0.008305664,-4.9060774,7.460782,-5.321868,4.594326,-0.059516497,-11.3116665,0.60573167,3.1319644,4.6570497,0.3963072,-2.4462893,8.977568,1.6101633,5.3579383,-0.037208598,-4.964811,8.529537,2.6165738,4.61467,0.22139356,-3.2792635,8.699102,-0.49838966,3.7284076,0.09583559,-5.2158203,4.2084675,4.1811523,4.022962,0.044431888,-0.9493022,9.555691,2.6315093,3.976308,-0.06681802,-2.3058507,7.756671,2.1301737,4.036901,-0.032188997,-2.875124,7.2551737,-1.9827557,3.5320816,-0.033191968,-6.374325,2.5392091,0.05449592,3.505944,0.060578592,-4.4564795,4.484597,0.26639074,3.5103579,-0.039312556,-4.145509,4.647545,0.6473511,3.2959497,-0.048867594,-3.5784569,4.8285956,-1.162894,3.2253854,0.014099736,-5.069209,2.9293427,0.17018998,3.0753438,0.19101436,-3.6192322,4.4366293,0.1434751272963259,1846.9087632861422,0.043152805,0.060826816,location_A,part1,clip_183.wav
-185.76772,13.0700035,0.2419505,-201.72693,-168.24614,48.901215,8.442631,-1.0302663,37.472004,58.1952,-10.951123,7.6417365,-0.2159162,-20.710445,-1.191372,6.5474133,7.049461,0.07491692,-2.2826412,15.599336,-7.7374988,6.4938235,-0.13883072,-15.646706,0.35396326,-1.1882561,4.787253,0.00032290962,-7.0580907,4.7568254,-7.4829645,5.0108223,0.011362901,-13.79251,-1.0760013,1.4884251,4.4376416,-0.018550903,-4.1678767,7.283923,0.02426024,4.406801,0.079002626,-5.665973,5.8107834,1.8249002,4.593538,0.06940988,-3.9345183,7.733783,-1.0703522,4.6926026,-0.021046313,-7.242221,5.0026712,1.3080707,4.1664214,-0.0061448254,-4.045937,6.63795,0.76289845,4.106142,0.050551265,-4.3216963,5.953109,1.6687557,3.897488,0.12552595,-3.1172163,6.47446,-2.428593,3.7703638,0.1280398,-7.135947,2.3955722,-1.1268777,3.985154,0.103553355,-6.0897202,4.0493402,-0.8532293,3.6572833,0.028508991,-5.4465427,4.0938745,-0.21077402,3.3734384,-0.07965169,-4.686131,4.217438,-1.7615685,3.429485,0.019941643,-6.309799,2.597724,-0.23704879,3.441424,0.23205586,-4.439004,4.2934303,0.15419703474440893,1899.1451572005246,0.0444401,0.13172829,location_A,part1,clip_184.wav
-182.89891,13.919698,0.63152295,-199.61725,-164.67209,49.485172,6.7856517,-0.4568702,40.85743,57.617294,-9.956446,7.2273426,-0.39256218,-19.731464,-1.7343571,8.640687,6.936039,0.005926203,-0.27624643,17.672434,-6.622848,5.8128943,0.011823555,-14.117901,0.90420556,-1.5860949,5.1761,0.14334334,-7.895005,5.017872,-8.434725,4.9259577,-0.32954374,-14.752691,-2.2536905,2.1536765,4.7197337,0.011048835,-3.7531595,8.2579975,0.8320464,4.4974833,0.2615448,-4.740979,6.4764814,1.9408342,4.4513264,-0.0239772,-3.797871,7.6438103,0.1304513,4.315316,-0.01759482,-5.129735,5.605094,1.7308874,3.8581011,-0.27594447,-2.9777966,6.6602297,0.7222138,4.6826463,0.062149975,-5.1701384,6.620552,2.8266273,4.015173,-0.028709196,-2.326826,7.701504,-1.9150997,3.8027284,-0.13892215,-6.8883343,2.989307,-1.03695,3.4924731,-0.04069955,-5.5176916,3.3895726,-0.37158197,3.8892753,0.36818993,-5.046155,4.981804,0.22635552,3.507908,-0.028482482,-4.2746706,4.777191,-1.3481145,3.3373587,0.229607,-5.580485,2.977089,-0.064024724,3.5904114,-0.31107005,-4.934363,4.3968444,0.14915978184904152,1868.3794421099644,0.04212555,0.085731596,location_A,part1,clip_185.wav
-177.14392,16.472076,0.096729904,-198.47322,-155.08061,47.45317,9.146164,-0.8702268,35.572937,57.64245,-13.847349,8.90166,0.1036803,-25.37301,-2.013313,10.211558,7.5092115,-0.13542834,1.0048575,19.757343,-9.2719345,6.097371,-0.046745233,-17.287064,-1.6353456,-1.6670755,4.8135552,0.3043127,-7.4984894,4.948327,-9.317014,5.5142717,0.10988041,-16.376015,-1.957515,0.881898,5.2715445,0.06172457,-5.972204,7.772412,1.0453568,5.316323,0.0012944305,-6.0677915,7.7418375,2.0861945,5.1448455,-0.12437478,-4.69454,8.588387,0.45234606,4.3236904,-0.021800047,-5.2348146,5.958194,0.5614576,4.169465,-0.10009072,-4.9385552,5.865633,-0.21385145,5.0016756,-0.25174493,-7.0574813,5.859213,1.984866,4.296277,0.021002062,-3.6381426,7.4326982,-2.4523225,4.064079,-0.26284912,-7.5318246,2.6115475,-0.26924583,3.9708788,-0.055300377,-5.2919064,4.70391,0.40097237,3.713447,-0.14249912,-4.253871,5.032543,-0.1123062,3.5502055,-0.2710673,-4.621167,4.32451,-1.8714086,3.5950742,-0.05445356,-6.364815,2.692603,0.23010898,3.5072005,0.004552179,-4.1958485,4.738434,0.16832599091453673,1949.9497900254275,0.044286158,0.13201419,location_A,part1,clip_186.wav
-174.65575,21.278679,1.1268338,-196.85338,-151.8878,45.97509,11.422183,-1.0837164,30.281914,57.967022,-12.907021,7.936281,0.12139711,-23.243126,-2.340095,8.16446,7.45859,0.09821845,-0.9717172,18.535645,-7.429503,6.2740564,-0.06518486,-15.483572,0.715869,-2.500454,5.6060486,0.07973862,-9.942633,4.501419,-8.421465,4.966047,-0.084114626,-14.824609,-1.8406322,0.34754917,4.6624594,-0.10255954,-5.6889915,6.1376553,-0.7356751,4.7493887,0.005837858,-6.8703804,5.480257,1.4663606,4.443756,-0.04333746,-4.301345,7.001424,-1.2745789,4.4351306,0.08933912,-6.7815685,4.3612723,1.3578434,4.1313543,-0.19306709,-3.8919141,6.5969067,0.2188713,4.2459073,-0.13562995,-5.304317,5.448432,1.1081809,3.9827971,0.16751339,-4.0001397,6.4042215,-1.939214,3.9024146,0.06423025,-6.7996645,3.0054271,-2.0983706,3.730201,-0.13866284,-6.8570833,2.5408137,-0.60327417,3.5613256,-0.21158841,-5.270414,3.9363146,-0.46694523,3.8575501,-0.051039144,-5.4035263,4.522544,-2.6198156,3.6229808,-0.20076948,-7.2600727,1.9163309,0.09497532,3.5941079,0.34833208,-4.333023,4.7607374,0.17748009434904152,1977.6763955816607,0.048644107,0.07964448,location_A,part1,clip_187.wav
-182.91663,18.42596,0.3912985,-205.26247,-158.00124,48.870747,8.57227,-0.3152983,37.257988,59.21627,-12.233062,7.6694746,0.060992774,-21.744392,-2.371861,6.6855955,7.0845737,0.19709045,-2.1744306,15.603359,-8.47496,5.684777,0.27085426,-15.396921,-0.8778386,-2.4676178,5.3726025,-0.10499318,-9.42078,4.5291033,-9.851848,5.3741913,0.13106781,-16.736248,-3.174635,-0.21534745,5.1113567,-0.23475234,-7.017996,6.3660545,-0.22417039,5.0186825,-0.0845103,-6.610707,6.412013,1.6213515,4.6695523,-0.03779696,-4.2067647,7.793463,-1.6046059,4.556831,0.12144733,-7.1852636,4.172026,-0.9111638,4.2067595,-0.097825676,-6.2224493,4.383015,-0.39072725,3.9909608,0.046921644,-5.5593834,4.7920403,1.5403839,4.5485864,0.033764016,-4.6587706,7.419491,-3.153969,3.9786499,0.21101782,-8.0865135,1.731421,-1.3808582,4.0762877,-0.020096743,-6.638975,3.7512355,-0.62834436,4.180533,-0.045530632,-6.1494513,4.8498874,0.29984426,3.6795518,0.32135502,-4.110738,4.968273,-1.1304294,3.4257624,0.15010366,-5.2558217,3.1816103,0.44086182,3.4975948,0.13067545,-4.1415224,4.8718343,0.15311751198083068,1888.3410416822892,0.042860806,0.14816502,location_A,part1,clip_188.wav
-184.08453,19.523474,0.9863425,-206.6826,-162.45445,45.790874,11.829838,-1.4098243,32.542145,58.383472,-10.447799,7.9298315,-0.1525688,-20.899515,-0.3722942,6.008646,7.97396,0.0045914743,-4.491105,16.321663,-7.5896907,6.4327765,0.005359361,-15.726627,0.9622169,-1.7368346,4.745548,-0.17561582,-8.074654,4.115123,-8.383874,4.984762,0.0832069,-14.898012,-1.9655471,-0.034911986,5.235316,-0.16736858,-7.2547283,6.300794,0.47558042,5.121513,-0.30649322,-5.911392,6.733229,2.2054348,4.573558,-0.08901443,-3.7573354,8.107174,-1.3758836,4.2862473,0.06338703,-6.8874607,4.071872,1.2412112,4.258247,0.058503933,-4.1289115,6.6271944,0.18685783,4.218024,0.028514152,-5.1318135,5.612088,1.38744,4.374425,0.0343775,-4.3127413,6.891185,-2.2715855,3.8918843,-0.3419441,-7.5433702,2.467152,-1.4658024,4.0610847,0.13972813,-6.5545025,3.8263147,-0.069794945,3.6445377,-0.02658068,-4.6416264,4.5894394,0.41933152,3.3493266,-0.02382178,-3.935968,4.6419535,-2.001608,3.3567007,-0.016432142,-6.2468305,2.246872,0.6984723,3.342037,-0.10411439,-3.7014413,4.910101,0.1664103060103834,1997.0044369188158,0.055914596,0.06368896,location_A,part1,clip_189.wav
-231.35358,19.89292,1.2088594,-254.27826,-207.54071,48.89832,9.364051,-0.6002915,36.881855,59.18588,-10.524954,7.992891,-0.048493706,-21.016035,-0.84912765,7.1761413,6.884117,-0.34172076,-1.7200238,15.878077,-6.1962423,5.937137,-0.37288198,-13.687271,1.366829,-2.537275,5.2948647,-0.008911923,-9.443214,4.3497353,-8.936054,5.337704,-0.09428158,-15.8377075,-2.1559386,2.910109,4.7364573,0.09615645,-3.1017952,9.019951,0.7070042,4.461018,0.18510565,-4.6116467,6.582926,2.0812614,4.6847796,0.09140341,-4.012662,8.189196,-0.9717531,4.518619,-0.33624676,-6.592919,4.6125927,0.4529352,4.2046404,-0.0045636618,-4.8341727,5.868428,1.3055309,3.9985676,0.11564511,-3.7240567,6.4740577,1.3150192,3.9727256,0.06605682,-3.702488,6.571041,-2.064912,3.8739648,-0.03798745,-6.8874454,2.4978967,-0.54885775,3.7185326,0.13468756,-5.2794247,4.3536553,-0.43600145,3.7634766,0.08922642,-5.2888985,4.5389752,-0.56917137,3.9957232,0.1293611,-5.554261,4.525923,-0.8438964,3.5021527,0.20342979,-5.1265535,3.4523177,0.0060960613,3.4047604,0.18645234,-4.3046484,4.355172,0.15530931759185304,1889.0483519963716,0.04525523,0.028846262,location_A,part1,clip_190.wav
-180.03578,16.9086,-0.005525944,-202.9463,-157.58606,48.39587,7.7642636,-1.0696527,38.808792,56.79779,-9.992946,9.11871,-0.11411649,-21.41343,2.1644235,10.103412,6.514898,0.3816396,1.891415,18.721947,-6.643232,6.353315,0.26017666,-14.521985,1.0065842,-2.4309828,4.9345183,0.07709819,-8.760255,4.043364,-8.494242,5.333855,-0.18378371,-15.309877,-1.7287562,1.8727881,5.3470955,0.23410125,-4.6750813,8.682205,0.31261182,5.1512675,0.113899685,-6.3756413,7.27406,2.998634,4.5714707,0.042183664,-2.7543962,8.899827,-0.5781922,4.409389,-0.040358078,-6.180049,5.1515465,0.24277541,3.7616715,0.19540109,-4.444996,5.181305,1.066313,4.4573755,0.0787717,-4.722208,6.415991,1.5202945,3.8578575,-0.17083454,-3.5162208,6.15138,-2.6338782,3.9048278,0.12710729,-7.550974,2.2321591,-0.7265637,3.526592,0.062875904,-5.216817,3.8403509,0.4807764,3.8276887,-0.08071796,-4.3870535,5.2805834,0.17087188,3.75644,0.005667177,-4.6361904,5.075111,-1.8436698,3.5163953,0.024981957,-6.356553,2.7926517,0.17323491,3.573015,0.21685499,-4.2419105,4.8289423,0.15378987370207667,1897.1974489910526,0.04269974,0.15548646,location_A,part1,clip_191.wav
-179.9352,15.012415,-0.23269038,-198.73175,-160.5487,52.084,7.037363,-0.19431785,42.69062,60.827766,-12.351026,9.210114,-0.003353848,-24.193844,0.13755584,10.881646,7.435542,0.00018210722,1.4844851,20.81374,-7.7211084,6.4954147,-0.078012586,-16.49049,0.5831635,-3.7164557,4.915016,-0.027056677,-9.77343,2.1282735,-10.905815,4.816437,-0.07905354,-17.31342,-4.7932243,1.350754,5.193954,-0.06512929,-5.4146814,8.093452,1.2104679,5.0214243,0.20297725,-4.830491,7.475086,3.0254228,4.6676626,0.066278264,-2.8663015,9.019518,0.8510602,4.855808,0.04411183,-5.5556808,7.0968,0.15784682,4.2798576,-0.12266504,-5.408653,5.598879,0.7973635,4.932999,0.033250093,-5.3997407,7.0535545,0.8684739,4.1151404,-0.08788208,-4.588125,6.2610855,-2.33476,3.9210432,-0.07754638,-7.4370885,2.7111363,-1.073498,3.805961,0.09630586,-5.958474,3.8622763,-0.6478931,3.9323215,0.011514986,-5.7843065,4.332486,0.2621548,3.748094,0.089169756,-4.3753633,4.896059,-1.4008706,3.7892647,0.25003943,-6.0472803,3.1154878,0.04330638,3.4229362,-0.09046627,-4.4235773,4.3947825,0.1433690470247604,1800.5424799446876,0.032160714,0.14162114,location_A,part1,clip_192.wav
-197.94171,14.586032,0.23660918,-215.9966,-178.72397,50.900707,9.634401,-0.39314523,37.69742,63.10771,-7.5554476,9.728662,-0.06567355,-20.158443,3.7546926,11.973934,7.6089406,-0.087819844,1.8122756,21.889103,-7.10109,6.8281465,-0.026142854,-15.984067,1.4373554,-3.0832014,5.3598766,-0.015329485,-9.953827,3.848462,-11.357124,5.4751663,0.0057496508,-18.221035,-3.8487954,-0.23488657,5.2636538,-0.12061411,-6.836148,6.745839,0.97038835,5.779557,-0.0926884,-6.381853,8.307234,2.731166,4.8328214,-0.21841998,-3.4967403,8.9226265,0.14175946,4.6739116,-0.029957598,-5.9422684,6.0071535,0.90009624,4.6401615,-0.0018108375,-4.9891133,6.7494593,-0.56993055,4.5643487,-0.20621113,-6.589875,5.2696643,2.4412687,4.51109,0.07957556,-3.2337637,8.303655,-3.5757928,4.4443746,-0.11737377,-9.361069,2.0147872,-1.3097851,4.1597357,0.0842222,-6.3993196,4.028163,1.6860092,4.278866,-0.03472419,-3.8803878,7.3137836,0.35234752,4.3188534,-0.079408064,-4.8196874,5.5905647,-0.5609512,3.8215582,0.1724392,-5.442025,4.32432,1.1726179,3.421357,0.19615781,-3.0686111,5.5293665,0.14275128544329074,1836.6426375751694,0.03324895,0.13316222,location_A,part1,clip_193.wav
-219.73265,25.522436,0.110318504,-253.18112,-185.72293,48.02098,7.693271,-0.23210874,37.903255,57.847847,-11.289331,8.631289,0.14175382,-22.371773,-0.54321337,7.8574977,9.266971,0.23654123,-4.0333657,20.699158,-8.276981,6.403456,0.05144308,-16.759956,-1.3589859e-05,-2.7864056,6.4362307,-0.63036406,-10.076305,4.7388277,-8.423746,5.3878207,-0.07242174,-15.127733,-1.9890468,1.929496,5.5365624,-0.0738439,-4.9364014,9.236588,2.370046,5.183982,0.1395644,-4.190221,9.568483,2.7302399,5.3225307,0.0871887,-3.8186476,9.639931,-2.1835709,4.7352433,-0.12183215,-8.073756,3.9848135,-0.2996015,4.495943,0.09967048,-5.953826,5.824107,-0.30740276,4.1064205,0.022559663,-5.488852,4.7636957,1.3172228,4.29639,0.10284931,-4.2667794,6.6223564,-2.07504,4.090947,-0.090173714,-7.361996,3.097526,-0.05967543,4.032677,-0.09464856,-5.0962577,5.3113103,1.3311056,3.648801,-0.0087781735,-3.3714395,6.2074995,-0.19650827,3.7833629,-0.07148464,-5.306429,4.6373796,-0.78378516,3.5182285,0.072357625,-5.1032076,3.9199047,1.5747795,3.6755295,0.022082811,-3.0629396,6.4041843,0.15352623302715654,1884.0581193452006,0.039662924,0.09949698,location_A,part1,clip_194.wav
-166.271,15.204419,-0.036061965,-185.98419,-146.87991,45.11005,10.106066,-0.7865597,32.955475,57.2498,-6.240916,9.175779,-0.021491867,-18.135828,5.203169,9.908991,8.800573,0.58139545,-0.6260163,20.682495,-7.065428,5.710749,-0.09098824,-14.9155445,0.05140257,-1.708512,5.878165,-0.20918722,-8.810564,5.6215677,-7.312377,6.095955,0.08283811,-15.320258,0.6213716,1.8848549,5.4776483,-0.006343913,-5.255716,8.59336,1.0133289,4.87317,-0.13261853,-5.25768,7.1617966,2.0616162,5.032226,-0.1917832,-4.606743,8.269562,-0.8402541,4.8647294,-0.1405078,-7.3610363,5.4068384,1.8110783,4.7042174,-0.03289522,-4.250702,7.8672037,1.07537,4.4965925,0.067717955,-4.603676,6.906857,1.1328875,4.543576,0.052951943,-4.4141526,7.275508,-2.1415567,3.9034884,0.16684137,-6.868125,2.9755692,-1.0294864,4.000497,0.072622575,-6.223845,4.005247,0.12855059,4.0723853,0.22746162,-4.7505064,5.5557575,-0.73646873,3.487077,-0.14685261,-5.2562637,3.5334983,-1.4690783,3.3908887,-0.027177993,-5.769127,2.8301497,1.1688117,3.4385607,-0.11261869,-2.9901385,5.6826363,0.16660530650958466,2027.5805645847147,0.054777108,0.1084136,location_A,part1,clip_195.wav
-173.72353,16.465721,-0.34668434,-196.74199,-152.47389,48.711998,8.4609785,-0.50767833,37.965553,58.855015,-10.801722,8.569129,-0.008931788,-21.858978,-0.15276718,8.446668,7.1965632,-0.037813388,-0.73932683,17.977695,-7.9357324,5.8429546,-0.2903361,-15.3461485,-0.80998397,-1.555248,5.260413,-0.07353072,-8.345711,5.09375,-9.01769,4.7174444,0.046778306,-15.125622,-3.082851,2.1808023,5.455229,-0.10257422,-5.113456,9.397599,0.62684387,4.7420635,-0.037275355,-5.369404,6.783328,3.7703168,4.3394976,0.035232488,-1.7108538,9.358364,-0.69346565,4.2820005,0.015434187,-6.2529163,4.766706,1.5798286,4.449478,-0.17531413,-4.0842133,7.174092,1.8272338,3.7456234,-0.02127899,-2.9998717,6.453939,1.2056825,3.9945664,-0.09765127,-4.113453,6.3223567,-1.3840876,4.1250806,-0.08911237,-6.5643387,3.7817245,-2.0278678,3.8216739,-0.10132629,-7.02777,2.7518916,-0.27623498,3.649368,-0.072730355,-5.1185727,4.50134,-1.4696105,3.6694698,-0.016466111,-6.402465,3.3222246,-1.8088912,3.7521255,0.0389537,-6.462786,2.9967513,-0.232655,3.4812982,-0.03341374,-4.75159,4.0974193,0.1558849590654952,1898.2323483171645,0.04279569,0.14569199,location_A,part1,clip_196.wav
-190.11383,17.541727,0.18258543,-213.00345,-167.98099,50.258163,7.9046745,-0.78867143,40.467793,59.218323,-10.522632,8.632535,-0.06960585,-21.217089,0.5148184,9.664086,7.1953464,0.11821611,0.5057583,18.870102,-9.312139,6.6758494,-0.39143103,-18.038486,-0.9498337,-1.3477006,5.12242,0.19015187,-7.9160323,5.1290236,-8.641029,5.4704046,-0.14068753,-15.177637,-1.3780038,-0.353126,5.564134,-0.09143092,-7.5410476,6.294998,-0.9165327,4.992893,-0.12639236,-7.1833916,5.3594217,1.4070456,4.7574863,0.0066627744,-4.83879,7.485874,-0.5673967,4.190412,0.0007173337,-5.9337606,4.815723,-0.05220111,4.843892,-0.19772214,-6.479251,6.002079,0.5852338,4.3433084,-0.17149073,-5.104383,5.943125,1.4081287,3.784925,0.070256636,-3.2365484,6.2430344,-2.736757,4.0379424,0.023616847,-8.04404,2.187818,-0.9133842,3.8802114,0.15661682,-5.6937566,4.025654,-0.21642113,3.576576,-0.05698461,-4.6285496,4.2045417,-0.21444306,3.6163435,0.08044185,-4.7548413,4.467274,-1.3082027,3.4989142,-0.11591256,-5.852572,3.0876403,-0.08433949,3.3527627,-0.11848328,-4.2903433,3.9375534,0.1510770267571885,1844.0654417605904,0.036685593,0.1385305,location_A,part1,clip_197.wav
-167.43182,24.557755,0.80224764,-193.64055,-129.46486,44.05987,12.481183,-1.238393,28.862843,57.40375,-5.7581434,6.8772388,0.12011707,-13.939217,2.2827804,6.4889426,6.0475883,-0.18796405,-1.6660255,14.100832,-7.5907307,5.7743936,-0.0023434858,-15.212301,-0.31518632,0.40654883,5.069347,0.02100051,-5.8896027,6.933537,-6.581134,4.6430306,0.09156262,-12.29579,-0.47070697,2.3257396,4.507897,-0.28855056,-3.5749638,8.012466,-0.15748581,4.8482866,-0.065768324,-6.7003765,6.026022,2.8641872,4.421133,0.05332704,-2.3565335,8.4185705,-0.03885615,4.0572586,0.0011153645,-5.1519246,5.361124,1.074468,4.1597095,-0.11152306,-4.313945,6.525547,0.2848548,3.9899917,0.117391035,-4.826805,5.20648,0.2779788,3.8495433,-0.1177273,-4.364758,5.2359047,-2.9656758,3.4611142,-0.14094235,-7.6739883,1.356366,-0.69464386,3.7485921,0.09390418,-5.3402576,4.165254,-0.13317765,3.397443,-0.021797433,-4.4127846,4.194807,-0.046031546,3.5677352,-0.21708317,-4.6426477,4.5725274,-1.0680935,3.160138,-0.13221234,-5.034735,2.8900015,0.12992309,3.2355769,0.076872975,-3.8339286,4.1055174,0.1697362345247604,2053.3256734471693,0.063726574,0.08323879,location_A,part1,clip_198.wav
-172.0561,16.71025,0.1877826,-191.77045,-153.30423,48.566856,7.6777267,-0.13035084,38.13219,58.36068,-9.95692,7.398636,0.09069005,-19.418566,0.010283589,5.0889764,6.854616,0.09162254,-4.112136,13.477751,-9.938084,5.7072897,-0.02476471,-16.889666,-2.221691,-1.0472991,4.5098205,-0.037856814,-7.027285,4.7484155,-9.372117,5.330023,0.3859399,-15.810207,-2.368338,-0.12792628,5.22879,0.09871895,-6.49182,6.291239,-0.27580822,4.9065166,0.1439033,-6.5490713,6.1012015,1.7981985,4.6919394,-0.04131181,-4.258109,7.6909904,-0.636423,4.4255233,-0.06967533,-6.16723,4.9771476,0.7885268,4.358642,-0.26118007,-4.621145,5.962634,-0.46609485,3.910888,-0.060157314,-5.5070314,4.498433,0.41625848,3.9307754,-0.046587616,-4.315221,5.7009754,-3.0266461,3.9325516,-0.18582407,-7.9085507,1.6888793,-1.1502255,3.5001214,-0.028548235,-5.720708,3.3506184,-0.26483145,3.7417552,0.03007417,-4.6417875,4.327421,-0.77437,3.4354582,0.041069813,-5.0730658,3.6342154,-0.75190085,3.1966188,-0.063060336,-4.867354,3.3504167,0.43520364,3.4087484,0.26760465,-3.7738097,4.9179106,0.15157310802715654,1903.9245539028866,0.0454638,0.12218975,location_A,part1,clip_199.wav
-193.32727,13.72061,-0.08042274,-211.35168,-174.8241,45.409534,8.159147,-0.32619667,34.82004,55.20764,-11.718136,7.4488273,-0.014659702,-21.259855,-2.1327486,6.9993687,6.497628,0.055747725,-1.3567063,15.017868,-8.910646,6.1926527,0.28474128,-16.394335,-0.4582406,-3.2303162,5.4522667,-0.101948336,-10.399458,3.4590883,-10.497518,5.1436963,0.118046634,-16.834772,-4.148113,-0.5261105,5.2249637,-0.14977558,-6.7904463,6.0807567,-0.35585362,5.195411,-0.09021074,-7.2332406,6.163045,3.5240965,4.4705606,-0.0050947717,-2.2540047,9.335633,-0.34303015,4.2845883,-0.073598646,-5.7894154,5.274564,0.5320955,4.4139004,-0.08028771,-5.4701853,5.9655747,0.88685095,4.2582803,0.0035483663,-4.5235662,6.4303603,1.1342261,4.0478415,0.10905359,-3.8285937,6.219075,-1.9248447,3.9964921,0.020492947,-6.940241,3.057767,-0.7466984,4.187583,0.46083844,-5.8134584,4.5912266,-1.599011,3.8666039,0.07848637,-6.559451,3.4573305,-0.27536628,4.0447,0.30310664,-5.3756747,4.8533263,-1.2958463,3.6881406,-0.08015143,-5.7490788,3.2902226,1.2180836,4.0814486,0.101346366,-3.8956833,6.4993706,0.16774566942891375,1980.5816399675166,0.047239646,0.15081005,location_A,part1,clip_200.wav
-202.46301,11.914685,0.972276,-215.99716,-190.01338,48.675816,7.25275,-0.03384737,39.595974,58.329453,-12.701414,6.0754,0.017449683,-20.32153,-5.035781,7.211943,6.074664,-0.0883848,-0.32694533,14.660611,-8.364899,5.6944556,-0.49828455,-15.523128,-1.5525217,-1.0290159,4.77415,0.32033157,-7.1735373,5.161395,-9.809347,4.7446537,0.006472526,-15.757793,-3.9456613,2.0121515,4.793878,0.056674704,-3.767599,8.3028755,-1.0133345,4.7494874,-0.07927751,-7.196595,5.0263677,3.127932,4.4092865,-0.063583456,-2.6610706,8.96153,-1.0435925,4.079379,-0.11093561,-6.5000753,3.9408596,-0.74596596,3.944722,-0.14021468,-5.8533397,4.153481,1.0068399,3.9029982,-0.0399842,-4.072651,5.838859,0.23563293,4.1844134,0.020992948,-5.1249285,5.4859076,-1.9805326,4.0182357,0.05875944,-7.2722044,3.1798425,-1.4975636,3.9716136,-0.13124052,-6.7724657,3.5542283,-0.37837783,4.0153055,-0.033459924,-5.5205517,4.7613134,-0.6535442,3.694179,-0.05330079,-5.28572,3.9988117,-1.9140484,3.4661906,0.101686,-6.044071,2.5337148,1.8466699,3.4894302,0.31039593,-2.4125173,6.08571,0.15557139826277955,1900.0551708410628,0.043899067,0.042775646,location_A,part1,clip_201.wav
-177.27332,12.336408,0.13653852,-191.33347,-160.76927,46.44574,6.9649014,-0.699154,37.3835,54.386482,-14.1206875,5.9540935,-0.07006299,-22.006758,-6.9427214,7.737022,7.036491,0.14704213,-1.3600131,16.743706,-8.1906395,5.8479676,0.020676691,-15.365473,-0.7056247,-0.39123535,5.4008374,-0.023241255,-7.2660437,6.427799,-10.395055,4.915473,-0.05062724,-16.812408,-3.9086852,2.0629916,4.6200037,0.07177754,-4.295642,8.179757,-0.461202,4.3693275,0.027220365,-5.96513,5.130337,3.4720757,4.2596073,0.20228076,-1.8163354,9.004963,-0.16962804,4.3510494,-0.13879035,-5.7756653,5.1651177,-0.22234698,4.1351805,0.018624479,-5.5572176,4.8278484,1.2707651,3.9379585,0.20775717,-3.5408359,6.2006125,1.0552924,4.11052,0.21342501,-4.0247526,6.5165205,-1.7853779,3.910625,-0.105510324,-6.7619534,3.2291288,-0.23391257,3.9266562,0.070029505,-5.3531184,4.5350347,-0.2817707,3.6663861,-0.10519961,-4.993943,4.432089,-0.3005606,3.5346644,0.03137566,-4.754433,4.249778,-1.2601117,3.5833776,-0.026143504,-5.539749,3.288671,1.021965,3.2691944,-0.13370666,-3.1837535,5.06094,0.1648877421126198,1954.9275801651881,0.04701178,0.15091652,location_A,part1,clip_202.wav
-217.51764,25.169115,1.9427211,-240.07613,-195.828,42.786934,13.6264925,-1.86135,26.436722,54.841637,-16.843306,7.0254703,0.12726195,-25.866863,-7.878596,7.396671,6.920342,0.14244325,-1.1470468,16.108932,-10.301979,6.642973,0.029052932,-18.935177,-1.5133605,-2.3557117,5.188616,-0.038862385,-9.01369,4.224172,-11.521927,5.3987494,0.3642142,-18.239672,-4.0948076,0.44419798,4.996095,0.27008608,-5.5177946,6.799684,-0.7723511,4.4968486,0.15540509,-6.364823,4.896433,2.7519882,4.3856144,-0.1222424,-2.7374892,8.181863,-0.4034524,4.3366604,0.059029356,-5.9486494,5.1270895,0.3632462,4.1364603,-0.013669034,-4.961752,5.5064096,0.10765574,4.184996,-0.034609426,-5.1962924,5.3082356,-0.027327241,4.110021,-0.10579872,-5.145855,5.1930523,-1.8099593,3.6979208,0.016707331,-6.755025,2.8906698,-0.4199742,3.937182,-0.102191575,-5.592123,4.6476583,-0.2406767,3.8062925,-0.039544895,-4.6368523,4.626339,0.079610914,3.5596747,0.11740743,-4.3631296,4.8136067,-1.5603354,3.53208,0.14362215,-6.1584215,2.8148115,1.0080318,3.194439,0.1361826,-2.9940596,5.2346373,0.17938797923322683,2035.1817857147723,0.04958007,0.03494532,location_A,part1,clip_203.wav
-169.44069,13.629715,-0.040801525,-186.18906,-152.09991,43.54512,8.329935,-0.7183906,33.34472,53.014866,-13.546532,6.6377172,0.047904518,-21.895256,-5.1313295,6.810879,7.0126357,0.07012986,-2.6052752,15.74758,-9.038921,6.351039,-0.116463535,-16.61164,-0.7364763,-3.2183745,5.471717,-0.16473208,-9.624002,3.7120483,-12.768833,5.1221046,-0.1196347,-19.184704,-6.0832973,0.73083985,5.394304,-0.05825755,-6.0885477,7.8049417,-2.1261756,5.173934,0.27666837,-8.544294,4.6744733,3.5883358,4.5975847,0.0075835027,-2.3854103,9.745323,-0.98856694,4.5974655,-0.057703104,-7.224865,4.9052086,1.0147166,4.6609993,0.15123121,-4.932661,6.9190593,1.4732355,4.688581,-0.4026615,-4.7383084,7.0199356,1.3284736,4.129155,0.10648717,-3.7477567,6.730576,-1.9553181,3.8750944,0.027725786,-6.8875194,2.7793622,-1.109748,4.0416884,0.37886384,-6.028536,4.0231266,-0.7180724,3.840599,0.082702644,-5.5987425,4.096019,-0.94863945,3.67963,-0.013218534,-5.7422876,3.6723242,-1.1202389,3.8760982,0.49189755,-6.0616345,3.8671398,0.93207705,3.7329667,0.061329175,-3.6601262,5.840673,0.17190932008785942,2028.1735048543735,0.047433995,0.12295358,location_A,part1,clip_204.wav
-172.58107,11.865723,-0.07909706,-187.91122,-158.4311,44.427925,7.185919,-0.2468231,35.030552,53.332134,-13.850031,7.2861676,-0.009697632,-23.235664,-4.6913447,6.6005692,6.2256656,-0.11286384,-1.40375,14.600674,-8.864068,5.7983522,0.005692277,-16.017633,-1.70927,-2.2681496,5.3936625,0.05473084,-9.3679695,4.5888433,-11.614725,4.7101645,0.15334134,-17.507715,-5.339863,2.0450554,4.7475185,0.0174915,-4.184227,8.105464,-0.6568221,4.5430336,0.25399336,-6.3535433,5.20637,2.538447,4.2398205,-0.10267639,-2.945528,7.9321446,-0.09986245,4.4559712,-0.025432432,-5.8854,5.586381,-0.30567327,3.997477,-0.044887893,-5.4239826,4.824178,0.8083073,4.080602,-0.084862515,-4.59446,5.8963795,0.6349504,4.0671945,-0.018279834,-4.7398977,5.9924145,-2.2285001,3.862891,0.36639637,-6.9213643,2.5379348,-0.5218621,4.030655,0.10080619,-5.73255,4.4362316,-0.7358185,4.0332584,0.18453334,-5.7530155,4.6842985,-0.77226776,3.8317628,0.183109,-5.428708,4.0168633,-1.5416802,3.4418914,0.013841162,-5.6816416,2.6511974,0.46049872,3.3545012,-0.067993425,-3.7315526,4.762729,0.1703524361022364,2010.1698635558769,0.05075592,0.09050561,location_A,part1,clip_205.wav
-172.9483,17.455963,0.00013647239,-194.80914,-149.45045,46.461678,7.028574,-0.69040906,37.737328,54.963882,-9.73677,6.1949625,0.11394546,-17.157564,-1.3556118,10.840141,6.514326,0.2816979,2.823074,18.566906,-6.473872,5.538481,-0.34318173,-13.789359,0.23200083,0.9003611,4.4461827,0.06871045,-5.0457397,6.692721,-9.202614,4.5608497,0.069961146,-15.309691,-3.5003033,3.5669944,4.675614,-0.09641872,-2.44455,9.633118,1.7336402,4.751561,0.12087924,-4.476165,7.982397,5.5219817,4.5961213,0.20145977,0.02834922,11.213707,2.957788,4.081562,0.06387759,-2.3660555,7.9833527,2.165318,4.4805923,0.070777334,-3.553349,8.13621,2.0116062,4.284955,-0.14822629,-3.4408402,7.446377,2.0321822,4.1072536,-0.011359015,-3.2097688,7.331273,-0.93361115,3.6969273,-0.101816386,-5.711439,3.9012625,0.09735922,3.6117346,-0.069977686,-4.573735,4.6353183,0.9313598,3.338533,0.10258044,-3.4187427,5.0869393,0.23966968,3.3881178,-0.066351876,-4.0996914,4.625334,-0.8401146,3.285747,-0.038798086,-5.0714436,3.218609,1.5409986,3.036487,0.07911215,-2.3168168,5.534273,0.1523889901158147,1974.2607542328055,0.04896986,0.17051359,location_A,part1,clip_206.wav
-197.44826,14.907701,-0.11386,-215.88943,-177.61072,49.748665,6.8798666,-0.50645334,40.579742,57.62014,-11.516392,6.464715,-0.035676785,-19.573048,-3.0598924,7.325541,6.807988,0.15082392,-1.3470973,16.625692,-8.070816,5.679571,-0.1779355,-15.35688,-0.9292611,-3.0626423,5.630614,0.085023254,-10.355783,3.8505597,-9.914008,4.919522,0.165786,-16.345772,-3.3711996,1.3283751,4.8925114,0.029628977,-4.8507032,7.510355,1.0601926,4.649319,0.10602568,-4.7175283,7.2573442,2.4632752,4.5441732,0.09642849,-3.2273235,8.106489,0.9719102,4.366967,0.03355357,-4.558592,6.9093027,1.0612701,4.3927054,0.5258269,-4.2210984,6.3694725,0.39360487,4.4124665,0.058956325,-5.2092953,6.061982,0.99473846,4.0605187,-0.10624009,-4.1524315,6.0772104,-2.534724,3.8569295,-0.009636126,-7.4608974,2.2335546,-0.8201966,3.7746809,0.016545853,-5.626306,4.105239,0.8617696,3.81554,-0.1464448,-4.0748763,5.757168,-0.15346745,3.8942592,0.16967756,-5.1417804,4.6631823,-1.0058432,3.689612,0.632672,-5.452781,3.3835711,0.70264417,3.6507053,-0.14891931,-3.7116187,5.310266,0.1494312225439297,1854.8624631251553,0.039638788,0.15004204,location_A,part1,clip_207.wav
-195.75731,19.054396,1.653633,-216.83725,-176.03654,46.411266,11.391976,-0.95608115,34.431458,59.294167,-12.179628,7.7539544,-0.12924007,-22.293644,-2.5007997,8.928105,7.8276877,0.17345904,-0.82650876,19.469006,-8.4776125,5.7688365,-0.21799354,-16.380302,-1.6986905,-1.6468436,5.4824133,-0.048999682,-8.711793,5.539836,-10.331251,5.0773587,0.023111366,-16.934116,-4.229788,0.50682485,4.606265,0.24847275,-5.1544037,6.2455034,1.3356849,4.3943634,0.0685422,-4.0673666,7.137805,3.5216541,4.7446547,-0.14370692,-2.2450995,9.41092,0.6034123,4.193784,-0.15342338,-4.9792733,5.995245,0.3693389,4.352629,-0.01792091,-5.0838413,5.827713,0.47543222,4.0917006,-0.13359411,-4.8342485,5.7382402,2.0214882,4.156367,-0.07858044,-3.2847776,7.4720826,-3.0342436,3.7673397,-0.067732885,-7.9081173,1.6740311,-1.0031098,3.6809351,-0.037195455,-5.844543,3.5597405,-0.5667853,3.7708213,-0.25004104,-5.1331716,4.1464963,-0.83186454,3.5396383,-0.095223896,-5.5581074,3.6754131,-1.1542203,3.3858879,-0.04593676,-5.483307,3.2041733,0.53487337,3.4284067,-0.039165147,-3.9001708,4.951698,0.16557726387779553,1959.8918065558664,0.05017628,0.04215892,location_A,part1,clip_208.wav
-186.53114,16.330969,1.222993,-206.90178,-169.9169,47.835293,8.495466,-1.0252043,37.695,57.5524,-11.007413,7.689941,-0.13389589,-21.320854,-0.74422276,11.091724,6.8108478,-0.3480178,2.7026303,19.164722,-5.511343,6.2056456,-0.0061837067,-13.468618,2.5295,0.67609525,5.3081527,-0.101904616,-6.394221,7.4423237,-8.189522,5.0551925,-0.21773826,-14.572595,-1.6728134,2.9792807,4.7959685,-0.09451185,-3.08298,9.088245,2.144636,4.62637,-0.015193958,-3.675954,8.02545,3.9125452,4.199504,0.1476349,-1.3171813,9.616461,1.7639174,4.1112037,0.23959158,-3.4301796,7.139472,3.0732856,4.3462973,0.066721186,-2.3138046,8.865328,2.1680365,4.181798,0.0274474,-3.1815455,7.522383,1.5453277,3.9856372,-0.03371116,-3.526555,6.493528,-1.0260241,3.6145992,-0.1720082,-5.8945045,3.334034,0.11602756,3.664762,-0.17591415,-4.577815,4.4423532,0.46618274,3.7220323,-0.2338299,-4.0211105,5.144882,0.5165714,3.6636777,-0.07587939,-4.0741515,5.0972824,-0.8204908,3.1515765,0.1486498,-4.843406,3.2320561,1.1447242,3.1838267,-0.23599328,-3.0820181,5.0592422,0.1566275209664537,1902.2714278276374,0.045971222,0.075432956,location_A,part1,clip_209.wav
-174.54567,12.254068,0.008205013,-190.77121,-157.99171,44.988754,10.213903,-0.27881533,30.58972,58.256416,-8.633982,7.990459,0.23295562,-18.029518,1.7032626,7.116135,6.2718387,0.4720648,-0.8704201,15.09735,-1.6763461,7.197183,-0.12263441,-11.009953,7.3973756,-3.9199543,6.1521926,0.09532361,-12.066678,4.027145,-10.530491,4.8078055,-0.085874595,-16.853455,-4.4390125,0.7927894,4.9269066,-0.037964437,-5.7045674,7.233269,1.864548,4.587885,0.019859686,-3.7787058,8.153507,2.7992983,4.3907886,-0.08113697,-2.4673955,8.233805,0.2122793,4.518098,-0.013498107,-5.753929,5.9139223,0.53498876,4.551437,-0.0799494,-5.2313547,6.0707054,-0.60220563,4.4522905,0.11778516,-6.2225285,5.140325,2.3015409,4.0604296,0.011892421,-2.9284582,7.6992693,-3.3349288,4.248769,-0.12625316,-9.149306,1.8991976,-1.0948701,3.8856695,0.110618494,-6.068708,3.7961397,-2.2072377,3.850579,0.34746757,-6.8344145,2.4257832,-1.2199329,3.4594693,-0.04420514,-5.743854,2.939372,-3.2511256,3.3270495,-0.10123481,-7.4419727,1.1220243,1.2618649,3.1812603,0.012227298,-2.8931603,5.40769,0.16781118959664537,2035.0494819630514,0.05487718,0.17219613,location_A,part1,clip_210.wav
-170.85542,14.544244,0.3410001,-189.44656,-152.80934,49.837646,8.235511,-0.36966345,39.312702,60.083916,-14.8682995,7.7658825,0.12745608,-24.78899,-4.9977503,7.3867335,6.5979776,0.3880445,-0.82412285,15.6643715,-7.210293,5.942118,0.1151846,-14.84005,0.37391067,-2.313325,4.9540515,-0.029446004,-8.428625,3.786076,-9.845575,4.979302,0.064615116,-16.139967,-3.2567153,0.19696505,5.0591474,-0.24861516,-6.686136,6.574271,1.6640252,4.327681,0.1648832,-3.7201095,7.424612,2.1848595,4.5530066,-0.006664867,-3.781578,8.28991,-0.06452398,4.4383364,0.23063436,-5.601694,5.514343,1.0785582,4.180455,0.064758785,-4.242341,6.405273,-0.02315186,4.6744885,-0.06830041,-5.8132415,6.0294914,1.0610266,3.8426416,0.06821247,-3.8213937,5.83897,-3.0489712,3.761714,-0.006359273,-8.032528,1.8342497,-2.1763933,3.981331,0.19740403,-6.997638,2.9561415,-0.78908885,3.8295462,0.04510393,-5.7579017,4.0609026,-1.0508468,3.4392326,0.13049734,-5.366167,3.3079424,-1.7728783,3.6745489,-0.20764345,-6.3659725,2.7369843,-0.18191737,3.5038474,-0.24675286,-4.5067787,4.23561,0.15418299470846644,1866.3192132058005,0.03953902,0.16593193,location_A,part1,clip_211.wav
-184.1938,12.989,-0.22651988,-201.58525,-168.16956,48.900654,8.155199,-0.27069548,38.969143,59.18659,-14.174994,6.662094,-0.016478686,-22.976196,-5.7461843,8.204179,7.1444626,0.18542671,-0.7859731,17.798338,-8.135617,6.3069663,-0.17586815,-16.410137,-0.12096429,-4.229059,5.384637,0.006390074,-11.197898,2.206451,-10.521792,6.1408696,0.19111162,-18.272713,-2.5111885,-0.5963004,6.0165963,0.21657777,-7.9569573,7.159915,1.8093234,5.2105756,0.0449582,-4.5624194,8.815136,2.429951,4.8480873,0.11786292,-3.6227658,8.8246765,0.34672424,4.9502254,0.18961732,-5.673527,6.724676,1.1554022,4.719445,0.04018268,-5.021877,7.751315,-0.17241804,4.691404,0.18109564,-5.9599733,6.0152435,1.4250375,4.1564856,0.024308966,-3.720426,6.712949,-1.0164877,4.2511845,-0.07335687,-6.27721,4.377776,-0.1632893,4.252402,0.32225305,-5.3273687,5.2380657,0.62829965,4.073487,-0.07516126,-4.617864,5.7778306,0.6898217,3.8621356,0.032443773,-4.2651987,5.799303,-0.26763394,3.9331608,-0.105654284,-5.575861,4.8177185,0.9918181,3.7086265,-0.049096428,-3.7264218,5.4876833,0.15015506439696485,1870.3245548391276,0.037425403,0.15542422,location_A,part1,clip_212.wav
-223.52548,102.98673,-2.3104303,-505.96442,-167.19916,48.309376,19.59698,-1.5811361,0.0,65.63089,-6.714433,7.231474,0.042723257,-16.101425,0.8899586,10.794091,8.524171,0.10011674,0.0,21.297703,-3.1349742,5.383774,-0.48662114,-10.078173,2.801775,2.3698707,5.1829047,0.023364715,-4.0466104,9.023769,-4.5009537,5.303089,0.030322984,-11.347944,1.520247,2.2651176,4.915157,0.26360226,-3.9649763,8.628834,3.5525393,4.306763,0.21431431,-1.6367868,9.209541,5.3550253,4.864954,0.1498652,0.0,11.741874,2.1931403,4.4724646,0.40852436,-3.1033206,8.420914,2.8218844,4.247106,0.09540711,-2.2505312,8.123037,1.6069163,3.8130846,0.1792767,-2.9146194,6.798026,2.8807056,4.000799,0.5912282,-1.5447464,8.2945595,-0.80008525,3.7258356,-0.087847576,-5.7095246,3.6442146,-0.43834245,4.0613804,-0.07590243,-5.845086,4.8077497,0.15287806,3.8224094,0.26509863,-4.4915257,5.419761,-0.05071391,3.3020868,0.08207625,-4.276189,4.29288,-0.96498346,3.4288008,-0.1425391,-5.2159963,3.1283572,0.65715003,3.7457964,0.25849685,-3.6787882,5.897313,0.11231353317481885,1549.6985806077278,0.025346166,0.14965372,location_A,part1,clip_213.wav
-176.94609,13.6182575,1.0008034,-193.52266,-160.74141,46.571125,7.875979,-0.5662108,36.16171,55.69803,-9.672117,6.7613206,0.06776868,-18.163958,-1.5055652,-4.8153057,6.171342,0.26244253,-12.423558,3.0086665,-6.457397,5.8303094,-0.18276212,-13.823783,0.67286426,-1.9932511,5.050508,0.030131405,-8.504223,4.290272,-9.172385,4.9699445,0.5127708,-15.258028,-3.025361,-2.5866044,3.9771087,0.02681558,-7.6927443,2.5629053,-3.8340874,4.688307,0.21739383,-9.886925,1.9754934,-1.2231877,4.4210806,0.11699852,-6.436554,4.448832,-0.9625959,4.066346,0.040791314,-6.089114,4.290657,-1.7160184,3.9179225,-0.07901415,-6.7881722,3.3536842,-2.2817776,4.0069838,-0.371198,-7.654575,2.7419367,0.1630016,3.962876,-0.10479486,-5.143044,5.200133,-3.3620076,3.7742672,-0.28742903,-8.034685,1.5561738,-2.0124226,3.6888835,-0.17326148,-6.892334,2.4239638,-1.846252,3.6284842,-0.03759921,-6.3391232,2.6954818,-1.1482894,3.6981928,0.17393193,-5.772443,3.5436172,-1.4663192,3.7789888,0.107684374,-6.2424555,3.1890712,-0.7174631,3.4785135,-0.272506,-5.006488,3.5386167,0.15398019418929712,2004.1428887505424,0.05738659,0.07525139,location_B,part1,public_square-vienna-122-3592-b.wav
-164.5311,12.392049,-0.5849739,-178.87721,-150.35019,34.604683,9.080732,-0.65993905,22.572704,44.9685,-18.416641,7.006418,-0.02955867,-27.532795,-10.173853,7.2918253,7.0159636,0.2643275,-1.3794823,16.433342,-6.5456786,6.2521176,-0.614859,-14.612759,0.88503444,8.376279,5.311248,0.08955155,2.0251052,15.130251,-8.871349,5.044848,0.38423422,-15.33625,-2.610119,-12.185733,4.313056,0.078299806,-17.69096,-6.5796986,-1.4376404,4.409735,0.16821787,-6.841174,4.0407047,2.803667,4.448238,-0.34037104,-3.1354952,8.22418,-6.963271,4.3630643,-0.19677785,-12.4834175,-1.4038416,-2.7243216,4.2347984,-0.087276466,-7.917781,2.3213046,1.6429269,4.0397506,0.15881285,-3.6001077,6.809384,-8.151577,3.7857258,-0.19585596,-13.177169,-3.3088665,-4.40637,4.0865517,-0.19127753,-9.515813,0.3990611,-0.29075885,3.8514376,0.017753648,-4.9969006,4.3978853,-3.1148665,3.6426384,-0.040782914,-7.848307,1.5537243,-3.0877993,3.7459607,0.030526906,-7.9211893,1.6264952,-0.38646346,3.6375844,-0.0063059293,-4.9626317,4.2487197,-2.266045,3.5321856,-0.103896,-6.987976,2.1936636,0.2203224840255591,2279.1585898007847,0.06520487,0.0844677,location_B,part1,public_square-vienna-122-3592-s5.wav
-169.2634,11.411112,1.6316073,-181.13274,-155.61983,21.819649,8.116647,-1.6583067,12.481521,30.918602,-8.725662,6.4769845,-0.3041501,-16.68042,-1.0225381,11.15129,5.1103487,-0.1979524,4.6187124,16.952152,-2.8687963,4.7111125,0.04711213,-8.698967,2.6489506,4.3824067,4.273484,0.07788153,-1.0690587,9.76236,1.6265825,4.1793456,0.2261606,-3.9452717,7.1447377,-2.8206198,4.2506227,-0.093249984,-8.2609825,2.7513032,1.3286794,4.3058834,-0.07377121,-4.0517898,6.8294578,-1.7930104,4.0212283,-0.15692727,-6.7855186,3.322073,3.9349074,3.7201304,-0.08577246,-0.8712332,8.521479,-0.59993154,3.5713327,0.12090834,-5.092704,3.7487996,1.979077,3.6924372,-0.11028484,-2.753922,6.5691648,2.078618,3.2910247,0.032982476,-2.2016704,6.370606,1.5589535,3.3038235,0.2724454,-2.5646527,5.6479506,1.2057576,3.2070875,0.017668048,-2.894198,5.240186,1.1076579,3.0531712,0.03629265,-2.7909892,4.9530582,1.4028971,2.8847113,0.047094807,-2.1673346,5.092163,-0.009124989,2.816108,-0.025078306,-3.706419,3.5019946,1.4092104,2.8340263,-0.038292006,-2.290584,5.1491547,0.2611415485223642,2714.411932185992,0.1639953,0.021272212,location_B,part1,public_square-vienna-122-3593-a.wav
-183.72412,11.975833,0.61599624,-195.50842,-169.9243,28.976618,8.272482,-1.6345489,19.591663,37.65232,-6.1669707,6.4794345,-0.2886753,-14.420754,1.193289,-0.816958,5.225121,-0.24299535,-7.5696807,5.4009075,-7.5414996,4.8452296,0.12695454,-13.62785,-1.6606326,1.9124819,4.4226065,-0.037386425,-3.8722386,7.2363954,-7.5835376,4.2250824,0.17131245,-12.905355,-2.3130174,-2.911012,4.228909,-0.13920367,-8.437119,2.187045,-13.970709,4.335592,-0.09008351,-19.492943,-8.496386,-0.24361376,4.067286,-0.21328314,-5.3894873,4.7159915,0.46971136,3.6517112,-0.050528917,-4.0299654,5.112076,-2.5816376,3.5358655,0.109471336,-7.103544,1.9521992,-1.1150278,3.5818176,-0.07866493,-5.7479744,3.407972,-5.116683,3.3817406,0.0018850741,-9.491343,-0.7897942,2.1495233,3.282682,0.31371966,-2.041697,6.349369,-1.993823,3.1677337,-0.018243503,-5.9274645,2.0231764,-2.313208,3.137804,-0.084444806,-6.243259,1.687453,-0.50076157,2.9552188,0.013087444,-4.040129,3.180837,-3.9401827,2.841725,0.0162807,-7.543348,-0.4505043,0.6050664,2.8733962,-0.041398525,-3.2330132,4.3721027,0.24720447284345048,2626.625271480417,0.12378896,0.022416765,location_B,part1,public_square-vienna-122-3593-s3.wav
-175.29012,11.925242,0.6873689,-186.99847,-161.68277,36.42486,8.3006935,-1.6085964,26.809496,45.326576,-18.803404,6.461971,-0.28854343,-27.242924,-11.350357,6.7535195,5.253287,-0.20615812,-0.12621717,13.059727,-15.487791,4.8780236,0.09503793,-21.616188,-9.527115,11.928073,4.4439673,-0.00992291,6.23911,17.536112,-8.439832,4.214765,0.14917059,-13.870796,-3.274962,-6.2879534,4.1993675,-0.13048658,-11.869728,-1.0022538,-2.041136,4.357788,-0.10013893,-7.507861,3.4401183,-8.738115,4.0501385,-0.23729846,-13.857384,-3.6951442,-2.6336195,3.6485384,-0.07565087,-7.0923066,1.9575775,-1.1587689,3.5397632,0.0918273,-5.674283,3.3890994,-3.1508477,3.5913436,-0.112714656,-7.6658325,1.3279566,-0.90775657,3.39603,0.03729669,-5.268833,3.398524,-2.751387,3.288164,0.30434144,-6.953125,1.3548036,-0.77641976,3.1957479,-0.015377766,-4.761648,3.0992765,-1.6645069,3.1506171,-0.03433256,-5.74241,2.3306012,0.22935994,2.9567354,-0.009172828,-3.5745811,3.9644432,-5.133663,2.8173745,0.045040082,-8.670758,-1.5263323,0.88435364,2.8810058,-0.014504841,-2.7612047,4.617137,0.23754024810303515,2300.772391187172,0.06313258,0.030055238,location_B,part1,public_square-vienna-122-3593-s4.wav
-186.81003,16.85103,-0.84273255,-203.61823,-172.03604,58.391335,8.36528,-1.6072807,48.85495,67.33809,-17.254276,6.4856124,-0.27635965,-25.55872,-9.859814,-0.77557206,5.3103757,-0.22831483,-7.6306696,5.555687,-9.081761,4.877002,0.11644116,-15.33039,-3.2064414,1.7020409,4.46353,-0.030106863,-3.7529914,7.3853393,3.612331,4.253105,0.062784046,-1.8697116,8.926455,-6.757307,4.2127786,-0.16143823,-12.197977,-1.6032245,-1.1828711,4.365642,-0.046629433,-6.579974,4.351196,1.9776127,4.055045,-0.21780697,-3.2058172,6.989476,-6.4454036,3.6709142,-0.06513472,-10.939731,-1.7125525,-5.7340083,3.6586566,0.10477111,-10.552057,-1.1155615,-0.47706714,3.595015,-0.15993267,-4.950382,4.07317,-4.221482,3.3949714,0.030729495,-8.694592,0.1235894,-1.2214572,3.2787325,0.2629074,-5.394939,2.89717,-3.1047132,3.1572323,0.039570086,-7.0036573,0.80637383,-3.065441,3.1682162,-0.104900464,-7.0582438,0.94762117,-1.291032,2.9688,-0.00034609623,-4.9637647,2.5079298,-5.2785535,2.8577673,0.082039855,-8.793421,-1.8097064,0.9085894,2.8873653,-0.08097037,-2.6871364,4.726921,0.1373006314896166,1673.7116998208303,0.028772047,0.058380738,location_B,part1,public_square-vienna-122-3593-s6.wav
-160.69365,11.237141,0.5002961,-174.47481,-145.06732,20.73749,7.8594832,-0.86301196,10.254568,29.54884,-10.699258,6.3500595,-0.15275963,-19.095749,-2.9024904,7.9991946,6.427984,0.34627736,0.5866028,16.063618,-7.4779463,5.070928,-0.017864311,-13.803332,-1.1533723,0.10282207,4.5944953,0.0074503003,-5.62925,5.71614,-1.9666595,4.583494,-0.07155416,-7.7175303,3.7944164,-4.014522,4.2538047,0.2980419,-9.108302,1.3098147,2.3799434,4.5979886,0.101261765,-3.2248242,8.186283,-2.78696,4.320102,0.003735548,-8.251324,2.7757394,3.20366,4.1058455,0.08319983,-1.9557897,8.590575,-0.8104607,4.2914686,0.14513396,-6.2137203,4.615494,2.3641944,3.5518343,0.013148879,-2.0728757,6.958724,0.92725414,4.2188954,-0.0002890158,-3.9921312,6.1404862,0.7428903,4.0228543,-0.049932595,-4.518202,5.427423,1.3248451,3.9230413,-0.04427559,-3.5865273,6.257703,0.5480125,3.3167822,-0.039835386,-3.832735,4.5422196,1.0760958,3.522365,-0.16189522,-3.5775437,5.533168,0.5848366,3.4449592,-0.20346238,-3.7783923,4.875183,0.90487826,3.4936569,-0.020158475,-3.4450312,5.0678873,0.2790550743809904,2773.215542561882,0.1685372,0.09668663,location_B,part1,public_square-vienna-122-3594-a.wav
-141.76361,10.499094,1.3696527,-152.55864,-127.722404,24.109491,7.7046013,-1.0160251,15.183549,32.96405,-11.311953,5.6901608,-0.5521541,-18.182308,-4.6010904,9.2303705,5.137299,0.18659124,2.7057073,15.764685,-5.470572,4.9026866,-0.07677573,-11.685629,0.64117324,4.2942615,4.1571994,0.14386456,-0.69386196,9.526693,0.72578645,4.127565,-0.1286406,-4.7771463,6.0608816,-1.0224253,4.191418,-0.05769552,-6.3325486,4.319979,2.3375223,4.0484695,-0.06368771,-2.8285146,7.579006,-0.58185506,3.857039,-0.14587635,-5.6122317,4.1060214,2.6143506,3.5969558,-0.10870686,-2.1483207,7.1000595,-0.81989366,3.6801937,-0.22984658,-5.565279,3.783477,2.2509482,3.6776302,0.2761225,-2.3288188,7.0215597,1.5278535,3.4756255,0.036608353,-2.6668882,5.742643,0.46975493,3.4088905,-0.009268419,-3.7820578,4.8052855,1.1975173,3.1346145,-0.010453042,-2.836275,5.242283,1.5298342,3.4695308,-0.041890994,-2.7650476,5.918825,1.4884759,3.0217552,-0.008025526,-2.284775,5.218566,0.16281721,2.8914847,0.12630291,-3.594056,3.9850273,0.32425898,2.9835088,0.0036059953,-3.3921938,4.1910286,0.26655008236821087,2648.602138818436,0.16045687,0.02497287,location_B,part1,public_square-vienna-122-3595-a.wav
-168.54369,10.371004,0.83848345,-178.8861,-155.64153,50.72425,7.667932,-0.9702268,41.368816,59.301643,-20.913076,5.854616,-0.5250006,-28.022224,-13.780792,14.362496,5.378676,0.084522866,7.014948,21.243872,-6.4473085,4.9708004,-0.121104084,-12.714326,-0.4876895,13.57021,4.3499966,0.1642633,8.30686,19.335083,-9.921457,4.232136,-0.09453502,-15.5998955,-4.5519466,-12.494993,4.0894375,-0.062368542,-18.056973,-7.2278175,-6.063576,4.137668,-0.06388345,-11.479454,-0.74989724,-7.5922084,3.95587,-0.13901636,-12.967464,-2.6572268,6.4908586,3.6422036,0.0055928444,1.8217162,11.172404,2.6782832,3.6114695,-0.24638627,-1.9171038,7.394294,0.8234501,3.7429094,0.21632968,-3.6920912,5.660286,-3.890608,3.5971487,0.08863022,-8.386764,0.68006444,-7.11514,3.519387,-0.0061878692,-11.543272,-2.8123367,-2.3797822,3.2301462,0.07828408,-6.3514757,1.6857814,-0.46444827,3.535357,-0.048834916,-4.8306484,3.825767,-1.8391552,3.0927665,-0.083655715,-5.7582736,2.0106854,2.223084,2.9815826,0.08728536,-1.4691994,6.1188707,-1.6491823,3.0769405,-0.11718011,-5.624171,2.2605171,0.17376884484824281,1874.7759057998128,0.02819213,0.052062444,location_B,part1,public_square-vienna-122-3595-s1.wav
-153.27896,10.69999,0.7176174,-164.28468,-140.34593,37.090153,7.6961293,-0.99672675,28.211601,45.58909,-16.513046,5.791473,-0.5433581,-23.46923,-9.721515,6.7167635,5.3461924,0.0859048,-0.2554575,13.5517025,-3.6275098,4.985983,-0.15052158,-9.8785305,2.2474759,9.101316,4.2097597,0.200225,3.927792,14.27635,-5.287609,4.208259,-0.07734158,-10.70003,-0.03364551,-10.792641,4.273225,-0.06821068,-16.448206,-5.195982,-2.3942034,4.0504746,-0.09518102,-7.45876,2.6911929,2.969623,3.8990235,-0.12052551,-2.1129215,7.9540176,-7.4921274,3.6200907,0.022495316,-12.112227,-2.841755,-2.8404026,3.7098029,-0.18526216,-7.5357246,1.7327554,2.8137755,3.7155862,0.24960858,-1.7290076,7.75397,-6.7106977,3.5331678,0.042133443,-11.136803,-2.141857,-2.6988602,3.5198174,-0.036625426,-7.151381,1.6266477,2.1696978,3.155204,-0.056652777,-1.7389421,6.1304855,-1.5174973,3.5021553,-0.042693425,-6.0405684,2.8153758,-1.9653372,3.0472834,-0.08545291,-5.9047337,1.9050117,0.33224118,2.926564,0.10239679,-3.3664017,4.1737895,-2.725411,3.0193949,-0.071337074,-6.544506,1.1160091,0.209260495706869,2231.7342696141036,0.07516449,0.042882837,location_B,part1,public_square-vienna-122-3595-s5.wav
-177.77878,17.535728,1.2546004,-195.97583,-155.08513,17.351536,10.860332,-0.5062284,3.547378,30.009377,-11.910581,6.722225,-0.696406,-19.379244,-4.256169,8.551076,6.041546,-0.1372002,0.75692934,15.727627,-5.1980133,6.0027966,-0.017706018,-12.913519,1.6819073,2.791303,4.961161,-0.27001873,-3.6030643,8.984283,0.1276136,4.4378276,-0.36284328,-5.608517,5.554311,-1.9073486,4.1081376,-0.12616758,-6.980288,3.2894611,4.4241323,3.9487994,0.35143393,-0.44900477,9.374649,-1.7642744,4.0818276,0.076106705,-6.957122,3.4545383,5.146987,3.9099083,0.0687207,0.42099494,10.220174,-0.99684167,3.829468,0.27892333,-5.7060432,3.973325,3.5164704,3.6708324,-0.08574048,-1.0041215,8.24684,1.6611296,3.634314,0.074044585,-2.9474888,6.228261,0.93540037,3.582289,-0.052276902,-3.806607,5.352692,0.2210136,3.5634887,0.048444726,-4.395444,4.716571,0.55379677,3.3245804,-0.1410525,-3.7632234,4.823298,1.5718185,3.1445649,0.18205917,-2.2982726,5.526623,0.8597341,3.0644362,0.026308075,-3.0466657,4.682453,2.0639012,3.1168578,-0.17128956,-1.9720225,5.8755646,0.29179250698881787,2888.241237250067,0.18708795,0.042597093,location_B,part1,public_square-vienna-122-3596-a.wav
-226.88135,16.624107,0.8453778,-243.71729,-205.84995,42.843655,10.7172575,-0.44530413,29.34338,55.848267,-22.179188,6.84729,-0.7356623,-29.650942,-14.27698,12.683422,6.050411,-0.12258903,5.1023536,19.776875,-6.9309773,5.9228992,-0.14019617,-14.291942,-0.22534293,11.094573,5.0840254,-0.26228276,4.516777,17.645323,-11.350285,4.493578,-0.3197509,-16.972813,-5.7716093,-14.053651,4.0448856,-0.051982816,-19.010263,-8.809174,-4.60646,3.9361258,0.3038375,-9.37261,0.608367,-9.639804,4.281002,0.01838704,-15.031149,-4.474062,8.405801,3.927059,0.024121433,3.5142431,13.563641,1.616871,3.742133,0.11741643,-3.108427,6.3214917,1.3463278,3.775477,-0.07316518,-3.344537,6.2232165,-4.616973,3.7024696,-0.023045184,-9.463261,-0.04369752,-7.3536882,3.634348,-0.068215445,-11.942171,-2.6180935,-4.281889,3.6508434,-0.013397587,-9.01676,0.23883924,-1.8791592,3.3197505,-0.18913998,-6.158408,2.3497036,-2.291444,3.1505032,-0.025616555,-6.329234,1.5282462,2.3743339,3.1384509,-0.03724524,-1.5554299,6.2939234,-0.34132183,3.050389,-0.0732535,-4.1886888,3.3628697,0.2002701926916933,2070.6428543479014,0.04097028,0.056714736,location_B,part1,public_square-vienna-122-3596-s1.wav
-178.39386,15.301642,1.2938493,-195.30125,-162.08336,23.452473,9.444971,-1.3022732,12.209601,33.551872,-12.705513,6.709038,-0.15462965,-21.1306,-3.7745838,6.6445603,6.494732,-0.04422551,-2.043737,14.528128,-7.1457777,5.2351394,-0.17814974,-13.8266735,-0.7009202,4.196104,5.0307164,-0.015524253,-2.2592337,10.412537,-0.36031735,4.4562197,-0.049834244,-5.823227,4.9974184,-2.5664253,4.621508,-0.16679324,-8.543157,3.2710745,0.58606195,4.5313096,-0.12775467,-5.338212,6.2386246,-2.698249,4.336433,-0.20389822,-8.145235,2.7362974,2.709091,4.061321,-0.010481763,-2.53633,7.806507,-1.9680483,3.8421032,-0.19154978,-6.907906,2.8875744,0.69964343,3.7785864,-0.2018804,-4.1082087,5.237111,-0.4522369,3.7914124,-0.012185808,-5.1669903,4.4977093,-0.41416708,3.647077,0.028430814,-5.2123294,4.1948156,-0.17957537,3.5928712,0.03193571,-4.7822313,4.463995,0.8938533,3.5611887,0.3410034,-3.2298756,5.293286,0.9321366,3.3392,0.09398846,-3.4353468,5.0992794,0.593343,3.7326624,0.06769777,-4.056365,5.311027,1.2443938,3.3192356,-0.06648582,-2.878662,5.363946,0.2675453649161342,2683.279987195081,0.15447496,0.02720012,location_B,part1,public_square-vienna-122-3597-a.wav
-228.02716,23.741358,3.4212017,-246.76656,-213.4202,28.510817,7.617646,-0.5656298,19.04985,37.545643,-11.653613,6.7297077,-0.29714888,-21.21516,-3.6645358,8.463758,6.129967,-0.26032618,1.063015,15.818678,-6.8061695,5.6467156,0.06920037,-13.94525,0.1453312,-0.20773456,4.991503,0.22772765,-6.5913496,5.7042665,-0.9203461,4.676729,-0.30977815,-6.876808,4.656409,-4.2327256,4.713996,-0.15922648,-9.951482,1.5364703,2.6580963,3.860493,0.1459222,-2.081594,7.573867,-1.1126856,4.174562,-0.22317123,-6.2529955,4.087338,2.2958384,4.5095243,-0.2791553,-3.47121,7.4712386,-1.6175228,3.9157217,-0.38376182,-6.6582108,3.3254747,0.5631383,3.8596866,-0.11758069,-4.48023,5.1701303,0.6740343,3.7113078,0.06978128,-4.033352,5.458065,0.9417284,3.68561,-0.080614395,-3.522008,5.4085155,0.31168213,3.9683135,-0.731035,-4.1734166,5.2064276,0.7128181,3.5696301,-0.14968908,-3.8943462,5.2384996,0.46195763,3.4608831,0.022734584,-3.750066,5.0225415,0.3851219,3.3322048,0.095209636,-3.790051,4.73979,1.089348,3.1923437,0.07021683,-3.0149727,5.1311316,0.24354314347044728,2511.773551364131,0.13586299,0.022519074,location_B,part1,public_square-vienna-122-3598-a.wav
-225.67989,21.944008,3.3001013,-243.94128,-209.73653,33.309456,8.105934,-0.8792659,23.226963,42.575874,-4.3424253,7.0349393,-0.16982432,-13.9488945,4.5163064,0.6957681,5.972264,-0.47560194,-7.006066,7.7069683,-3.2402527,5.9422812,-0.2656367,-11.137045,4.183429,0.21111366,4.854575,0.13697477,-5.835205,6.343425,-3.0260978,4.6413054,-0.2135515,-9.187195,2.9755387,-1.7020794,4.534702,0.037153378,-7.2981114,4.077627,-0.005577766,4.3158584,0.1711724,-5.37772,5.3766875,0.34888867,4.3809347,-0.64434373,-4.7101717,5.688147,-1.8658098,4.117582,-0.38926938,-7.0112467,2.981983,0.28362212,3.818938,-0.1023746,-4.6165404,5.141711,-1.6740053,3.8936763,-0.3301568,-6.9152474,3.1357167,1.464156,3.704069,-0.12726909,-3.463351,5.8489943,-1.444806,3.6866875,-0.026495475,-6.2828045,3.2103534,0.99004185,3.8277092,-0.22045848,-3.4601445,5.797823,-0.13121097,3.647545,-0.049105864,-4.90584,4.5375547,0.40968737,3.5625994,-0.11757363,-4.1495876,4.9260674,0.9372355,3.457555,0.09343677,-3.4057093,5.319644,0.87384635,3.366072,0.0045058415,-3.043293,5.357759,0.21539755141773162,2474.024587521353,0.1255572,0.021617804,location_B,part1,public_square-vienna-122-3598-c.wav
-282.29025,8.856061,0.7858057,-292.79016,-270.9686,30.213037,7.7657495,0.018074414,20.982597,39.547768,-8.143997,7.2172217,0.20685165,-17.207504,0.33333808,12.021061,5.9982467,0.5186912,4.6321716,19.429531,-1.7748022,4.819888,0.24390367,-7.5955515,4.3936696,7.515043,4.53562,0.1900769,2.0572412,13.540344,2.9444292,4.268876,-0.007589819,-2.5413833,8.238598,-0.31869578,4.226878,0.034640606,-5.336382,4.9832172,4.34319,4.1162066,0.011388964,-1.0087943,9.733024,2.2415566,4.0472603,0.23518208,-2.813586,7.502968,4.5524106,3.6168835,0.018678693,0.1238749,9.187858,0.7507643,3.5411155,-0.21841995,-3.825182,5.1458926,2.32109,3.360706,0.043747302,-2.0874672,6.55917,2.434027,3.3776681,-0.07781847,-2.01657,6.6447535,0.87298614,3.4590385,-0.13958168,-3.483846,5.0576167,2.4447544,3.3260803,0.11185582,-1.8385673,6.804513,1.8482947,3.0803761,0.14131375,-2.0865464,5.9998465,2.4147909,2.9965823,0.14670146,-1.4927802,6.307694,1.392417,3.0932496,0.04333003,-2.6206832,5.3533297,1.9180655,2.912661,0.07516062,-1.7118626,5.61713,0.17692317292332269,2252.6473863892656,0.08474964,0.054048393,location_B,part1,public_square-vienna-122-3599-a.wav
-173.5003,10.265974,0.7189639,-185.80394,-160.42957,36.523148,6.8508782,-1.6255703,29.12253,43.803238,-12.8491,5.5234437,-0.05309282,-19.928797,-5.9815893,6.444811,5.615188,-0.11446909,-0.6511282,13.498329,-6.6403365,4.845081,-0.69759923,-12.3816185,-1.1702567,0.6601364,4.4142494,0.10173123,-4.8321495,6.456104,0.0395228,4.4752126,0.091424406,-5.452107,5.9066944,-2.85884,4.347972,-0.18034211,-8.663494,2.5574894,2.224113,4.123515,0.08462208,-2.861829,7.543827,-0.6611857,3.9508464,-0.011372893,-5.9456897,4.35092,1.3037431,3.8620994,-0.11113314,-3.7549334,6.2080917,0.15115601,3.7573984,0.082676396,-4.4323406,4.809764,1.9111818,3.5328658,0.03912889,-2.5044022,6.546894,0.5779604,3.314437,-0.122376494,-3.6220732,4.635104,1.1872966,3.435471,0.013626567,-3.1771238,5.6536264,1.6481477,3.3977866,-0.060777012,-2.6978557,5.9153767,1.2653645,3.0975592,0.10324906,-2.8045008,5.219547,1.4090972,3.122306,-0.05465188,-2.771328,5.3227444,0.2323548,3.1333528,-0.06998509,-3.891899,4.1082997,1.0187032,2.9576077,0.05383402,-2.7437668,4.812315,0.2038410418330671,2253.30223517713,0.09960749,0.0885267,location_B,part1,public_square-vienna-122-3600-a.wav
-173.1181,16.293158,0.87791044,-191.44534,-150.48158,32.341503,7.6353235,-1.1312587,23.176447,41.246994,-15.786155,6.71455,-0.33951202,-24.681911,-7.7575884,11.092895,6.9298477,0.5265651,2.6847172,20.261177,-8.845492,5.3907967,0.053931516,-15.452335,-2.2204852,-0.3306357,4.898929,-0.16663173,-6.3367796,5.7538366,-0.0504694,4.668136,0.011014618,-5.868931,5.812977,-3.565225,4.505069,-0.100267604,-9.498318,2.0588455,0.419631,4.849318,-0.28690788,-5.7120824,6.413699,0.5195427,4.437657,-0.3387993,-4.7743254,5.8743296,2.3556297,3.9017217,-0.10818928,-2.5404558,7.352234,-0.06741107,4.3714094,-0.3670188,-5.821496,4.9657183,2.0838182,4.3860006,0.3977546,-3.1211019,7.740693,0.94053376,3.863204,0.023207111,-3.6423473,5.813396,0.48592532,3.8276868,-0.41766644,-4.1538644,5.2927065,1.0223774,3.8562486,0.27475128,-3.8211703,5.896099,0.700327,3.395562,-0.17221078,-3.5779357,4.9285154,1.150157,3.4434948,-0.019600451,-2.9461842,5.683556,0.58112305,3.257816,0.37686542,-3.3950524,4.4968157,0.810569,3.386063,-0.18205167,-3.3689477,5.048235,0.23186183356629392,2354.3406501758504,0.10012468,0.064364046,location_B,part1,public_square-vienna-122-3601-a.wav
-194.35733,12.632221,0.83040345,-209.6812,-177.16977,28.094883,6.9481635,-1.1577334,20.227346,35.945824,-15.622961,7.4010377,-0.5242507,-24.649624,-7.6330547,5.638098,7.151712,-1.3596548,-2.420914,12.8327,-6.727679,4.594815,-0.09567387,-12.636463,-1.1296536,4.5065417,8.1530285,1.7868485,-3.0048661,12.692982,0.15198132,5.186408,0.29220667,-6.0966034,6.8653326,-3.837293,4.42689,0.0025709497,-9.529749,1.5103106,0.87827307,4.885622,-0.56793034,-4.8784575,6.5414805,-0.73668057,4.0971684,0.11602653,-5.913553,4.5309286,2.0048897,3.8625524,-0.2036593,-3.1670394,6.8855047,-1.5486035,3.9023707,-0.18577448,-6.456463,3.5205913,1.7074447,3.711452,-0.059299514,-3.0528831,6.342478,1.1010419,3.6932504,0.2196715,-3.550662,5.705017,0.9879741,3.4362605,-0.098989755,-3.63686,5.228663,0.95155674,3.292471,-0.12534721,-3.2427187,5.0147457,1.2090279,3.2174978,0.061208114,-2.9580083,5.315494,1.030437,3.3184793,0.0042099557,-3.1733274,4.9559164,0.6275263,3.1949794,0.13846081,-3.3847873,4.7958407,0.6135147,3.0655923,-0.08660118,-3.2580485,4.403226,0.24114697733626198,2492.051956514959,0.13179742,0.058287904,location_B,part1,public_square-vienna-122-3602-a.wav
-133.2895,16.77183,1.0690812,-151.20709,-108.55056,21.157833,9.225063,-0.6179026,8.720112,32.218533,-12.615628,6.215306,-0.010807472,-20.631598,-4.7642317,8.678272,5.0672355,0.055579007,2.1137884,15.209758,-3.4458961,4.5860105,-0.0658173,-9.391607,2.6706676,6.571044,4.288065,0.024795046,1.1324228,12.144579,0.6967988,4.0744305,-0.07511515,-4.4288616,5.6855593,-0.96534413,3.9556093,-0.04863199,-6.063445,3.9384906,1.7080517,4.1882663,-0.19122462,-3.639538,6.9453425,0.0699555,3.634442,-0.052896474,-4.601782,4.652581,3.2007227,3.9399583,0.07660213,-1.8631651,8.35371,0.534653,3.4645863,0.20849329,-3.8684382,5.043276,2.5023715,3.5233676,0.032121357,-1.8029673,7.0241795,1.3066459,3.3036683,-0.11607119,-2.985269,5.513933,0.60739756,3.4507773,-0.0991187,-3.9365044,5.0875444,0.9167688,3.3177774,-0.012779305,-3.3298664,5.2470636,1.1579834,3.0831714,-0.009180087,-2.896395,5.156595,2.015048,3.0530894,0.15341708,-1.8281219,5.9277787,0.8997138,3.2256699,0.25305888,-2.9918327,4.9248967,1.3697,3.0508502,0.41930017,-2.211259,5.353175,0.26853128744009586,2690.79873630804,0.16604659,0.06267988,location_B,part1,public_square-vienna-122-3603-a.wav
-167.20122,12.960961,0.6598787,-181.7425,-150.85535,36.69014,8.65559,-0.7955887,25.238604,47.027985,-23.210693,6.3711424,-0.034912467,-31.410776,-14.748694,16.037878,5.8470116,0.23900746,8.752131,23.555012,-6.9068356,5.7836027,-0.5056282,-14.865638,-0.0792014,15.251552,5.1765985,0.12532267,8.903798,21.871563,-5.6062317,4.7520432,-0.11389797,-11.626957,0.31286517,-10.515972,5.282435,-0.030673658,-17.189678,-4.038248,0.0066095707,4.391653,-0.029095208,-5.66307,5.6461124,-0.81067175,4.045948,0.13606767,-6.0478315,4.3294888,-6.1579022,3.907427,-0.05622867,-11.16254,-1.4688562,-0.9739411,4.0380793,0.5533048,-5.785922,3.9669347,2.5050604,3.914108,0.25241518,-2.2844548,7.377995,-5.0685463,3.902619,-0.14336607,-9.976473,-0.33423662,-1.6409183,3.815424,0.10613647,-6.356078,3.0955184,1.377559,3.4523754,-0.07082724,-3.0358393,5.758527,-1.252351,3.3542466,0.063319884,-5.6010675,3.0586708,-1.425573,3.5770378,0.15887417,-6.007864,3.2976775,-0.21792284,3.3538623,-0.012313315,-4.776435,3.8677983,0.29782742,3.3870943,-0.094114386,-3.9427786,4.825095,0.2411032972244409,2246.027501753393,0.050936926,0.042198926,location_B,part1,public_square-vienna-253-7594-s4.wav
-146.84802,11.137551,0.6796188,-160.14261,-132.41304,38.04191,7.3062625,-1.8642532,30.242958,45.450085,-24.251888,5.1053824,0.26544926,-30.012934,-18.306131,6.7174134,4.569168,0.31423476,1.1470525,12.548527,-1.6368148,4.6606803,-0.3766289,-7.828001,3.8794432,8.269976,4.3723345,0.015750837,2.8976622,13.723105,3.4579341,3.681268,0.099721424,-1.344022,8.192352,-0.3835106,3.8423135,-0.22244303,-5.2926626,4.307357,3.6030817,3.7453947,-0.13928302,-1.4709184,8.352148,-3.3780646,3.8538573,-0.10846444,-8.247044,1.3362174,5.1658897,3.2444172,-0.045958422,1.1422598,9.16415,-0.6489816,3.4899242,-0.20815897,-5.1371803,3.6720634,3.2625816,3.6868174,-0.071757436,-1.5314105,7.917822,0.40959743,3.2673175,0.073557414,-3.5927582,4.452375,0.9723223,3.5083826,-0.06337329,-3.5785036,5.540053,0.8806196,3.2580156,-0.0009524334,-3.3316522,5.0152717,0.30260146,3.0823064,0.10911098,-3.6810684,4.3949814,1.593113,2.8467922,-0.017725581,-2.001206,5.2554393,-0.32287842,2.9237502,0.009475677,-4.1628447,3.5295973,0.42268077,2.7949734,0.04656799,-3.0732832,3.970625,0.20329192042731628,2168.4396533050613,0.080267325,0.07445807,location_B,part1,public_square-vienna-253-7595-a.wav
-159.25896,11.595874,0.28916383,-172.89658,-144.2829,27.794928,7.518205,-1.9762158,19.591652,35.339333,-43.846943,5.110627,0.37811926,-49.961655,-37.72155,3.6593256,4.68738,0.24866271,-2.3143492,9.741918,-0.3849864,4.663335,-0.3250416,-6.645825,5.2743416,5.0584946,4.3681216,0.10806248,-0.456509,10.448624,3.832784,3.7622554,0.11908525,-1.0751214,8.588508,-13.21845,3.880252,-0.1737464,-18.177902,-8.371732,-2.9902596,3.759554,-0.14164235,-8.025223,1.7422523,-11.836143,3.7769408,-0.1782371,-16.517422,-7.110998,2.0183778,3.2366686,-0.039956912,-2.137804,5.9844456,-7.201739,3.4065099,-0.074965134,-11.5611515,-2.92072,1.515765,3.6088452,-0.016394041,-3.0092306,6.268493,-1.8166518,3.2192023,0.09002541,-5.7433476,2.180616,-1.310555,3.519614,-0.013931226,-5.9003024,3.0345306,-0.7517075,3.296396,-0.00840163,-4.974456,3.3590798,-2.559001,3.1776128,0.0010525433,-6.7531033,1.5289681,-1.8020276,2.8985865,-0.041036908,-5.494356,1.827352,-3.3426237,2.960754,0.038927007,-7.1451287,0.48258328,-1.1220188,2.7901042,0.12851304,-4.4926267,2.4359312,0.22246436950878595,2264.0505176940055,0.045070037,0.0787259,location_B,part1,public_square-vienna-253-7595-s2.wav
-130.02556,10.106003,0.942936,-141.30737,-116.16996,30.623686,8.432293,-1.6567674,20.882694,39.502525,-24.644814,5.787012,0.4761021,-31.828266,-17.6058,4.719298,4.164936,-0.00022432407,-0.49873257,9.9722395,-2.1178112,4.202161,-0.19052856,-7.6508207,3.0812602,8.773102,4.0951834,0.19453749,3.546708,14.168562,2.5633128,4.0125465,-0.11034417,-2.3709342,7.5546727,0.49568078,4.155896,-0.17649521,-4.619867,5.805028,5.3623123,3.7048466,0.015948826,0.24630952,10.237961,-1.5167589,3.5949986,-0.18545786,-6.0978646,3.1472974,4.021669,3.1437666,0.0009187252,0.07128751,8.149728,0.21948598,3.0404172,-0.022989353,-3.7850046,4.1259065,2.3957915,3.239054,0.15320693,-1.7066314,6.6988764,0.6800726,3.1247168,0.04170179,-3.313128,4.541667,1.5420698,3.1026647,0.047210243,-2.2344937,5.44446,1.1517912,3.0672688,-0.062335473,-2.6650915,4.8830204,0.6828833,2.8825016,0.032880835,-2.816523,4.3888383,1.7795005,2.7618318,-0.09465521,-1.7111279,5.261874,0.37506124,2.7560575,-0.032630816,-3.2860787,3.8473325,1.5302669,2.6973276,0.2852402,-1.7789385,4.926016,0.22697278105031948,2359.221057408925,0.110354975,0.048974864,location_B,part1,public_square-vienna-253-7596-a.wav
-229.91718,10.464864,0.8672932,-241.65991,-216.36382,54.316727,8.769041,-0.5601064,45.415882,64.409996,-17.705473,5.5756783,0.86217046,-24.09542,-11.004954,-2.371476,5.2262044,0.50862414,-8.490162,4.1343107,-1.8812374,4.7953525,0.1466251,-7.87971,4.491951,5.5828304,4.7997603,0.19212982,-0.7543357,11.65535,-2.4049554,4.2925377,-0.379124,-8.091891,2.707456,-1.2360669,4.047671,-0.102330394,-6.3261347,3.8881688,-1.0426074,3.584029,-0.14424582,-5.5309224,3.4236603,0.45674327,3.5797582,-0.26408723,-3.9766622,4.785268,-2.1401367,3.3660026,0.22177051,-6.3465753,2.2680278,0.58442515,3.3414812,-0.0053032553,-3.7430034,4.9786415,0.2524111,3.2873762,0.035500545,-3.8954268,4.4208736,0.38204056,3.1853182,0.114785984,-3.535225,4.5509033,-0.67562485,3.1091228,-0.033835378,-4.706521,3.4193215,-0.31324795,2.964137,-0.15076014,-4.109825,3.4248424,-0.6909069,2.9714606,-0.23843557,-4.459403,2.9817913,0.27868605,2.8601315,0.048448347,-3.272362,3.9572816,-0.58396786,2.7655559,0.09514237,-4.037464,3.1253984,-0.05460316,2.7853584,-0.084301144,-3.6389093,3.49539,0.14952794279153356,1774.0278767623379,0.0483243,0.07859208,location_B,part1,public_square-vienna-253-7596-b.wav
-155.7085,15.987195,0.4655495,-175.28195,-135.62311,23.290483,9.830899,-0.480711,9.473091,34.57885,-22.134264,7.905838,-0.1096585,-32.30207,-12.584265,15.987149,7.9116755,0.51574767,6.1186686,26.356823,-7.119205,6.840749,0.09356303,-16.042648,1.6180859,14.022083,6.5409617,0.78201294,6.3969574,21.475838,1.2421427,5.110518,-0.26260805,-5.2546906,7.5726233,0.4543096,5.531737,-0.19782785,-6.7274137,7.16113,3.3018866,4.7548943,-0.11361817,-2.4655674,9.094179,0.18346725,4.526484,0.16727906,-5.596085,6.0096736,3.621586,4.719924,0.13800663,-2.114748,9.865782,-1.4847177,4.804942,-0.063511856,-7.946199,4.422737,2.9705493,4.567283,0.003940629,-2.8876424,8.406744,1.5023919,4.5853252,0.20641337,-4.141237,7.5776596,1.0126905,4.8701673,-0.24333006,-5.785659,6.888444,2.4554791,4.3626933,-0.08271899,-3.0632658,8.105818,-0.06813086,4.222135,-0.16049828,-5.4790897,5.2309237,1.548035,4.336046,-0.22439654,-4.2571654,7.042816,0.65804845,4.303027,0.06543967,-4.89224,6.1933393,0.7391139,4.4292293,0.38813496,-4.7002993,6.453664,0.27683206869009586,2530.0875540245884,0.07461125,0.08382437,location_B,part1,public_square-vienna-253-7597-a.wav
-195.13992,16.210089,0.03627899,-214.54767,-173.39696,53.202717,9.668913,-0.51174986,39.446613,64.41774,-10.797312,8.001589,-0.057488427,-21.06363,-1.1204498,6.891619,7.872288,0.45390248,-2.6005764,16.991646,-16.349464,6.74511,0.07580341,-24.97836,-7.9733925,2.0952294,6.6853485,0.7956319,-5.780036,9.853182,-3.149137,5.1533012,-0.21804202,-9.6021595,3.3042498,-8.083154,5.5451307,-0.20453393,-15.541835,-1.2839122,3.87479,4.7612734,-0.05704298,-1.8632333,9.658751,-1.280908,4.671315,0.13580053,-7.3956037,4.6739798,-2.080418,4.7404613,0.17372435,-7.591165,4.0602603,-7.3188944,4.770362,-0.044622872,-13.699712,-1.2567133,-1.5896361,4.5218973,-0.028364819,-7.4105787,4.1089263,5.051919,4.6652274,0.2470706,-0.8076129,11.12986,-2.4368103,4.8115616,-0.3231398,-8.862183,3.1653752,-0.8870375,4.333199,0.0068613114,-6.385534,4.572349,-2.1859224,4.3057666,-0.2055197,-7.9059715,3.1336725,-1.3789091,4.40263,-0.21931544,-7.3781843,4.213572,1.1935356,4.4774613,0.12339515,-4.508607,7.356291,-1.0630251,4.333823,0.38785902,-6.4120197,4.4594765,0.16460694139376997,1848.0961832785288,0.027067356,0.1357068,location_B,part1,public_square-vienna-253-7597-s6.wav
-148.80528,15.777244,0.45275038,-167.61089,-124.80958,35.56456,7.359587,-1.0228693,26.337717,43.552956,-23.247896,9.006652,0.46382558,-34.12759,-11.453254,11.454291,5.132418,0.12725078,5.027158,17.915546,3.7199764,5.3192186,-0.16813986,-3.2411332,10.310521,12.08127,4.3865423,-0.031541556,6.509385,17.799988,0.002704144,4.4461575,-0.07313062,-5.65604,5.692335,3.6708322,4.202764,0.09771347,-1.9313673,9.22557,6.7561064,4.172192,0.0861946,1.4129937,12.276894,-4.4003215,4.0405426,0.029398654,-9.294109,0.85172105,3.7952282,3.7533813,0.16801219,-1.0687711,8.732286,0.36376318,4.0195746,-0.032801438,-4.7415695,5.542702,2.1668117,3.864954,-0.17104357,-2.7628138,6.7941585,-1.0175917,3.4067118,-0.00073319743,-5.274185,3.3149102,-0.71259344,3.2752237,-0.14156905,-4.926072,3.442542,1.3923674,3.1473825,-0.041352108,-2.5600097,5.441291,0.78243446,3.070594,0.102375194,-3.03657,4.802365,1.205881,3.0992692,-0.045237254,-2.7446797,5.024453,0.5444548,2.7439191,-0.16169983,-2.955421,3.9637911,1.0077727,2.8734615,0.065673284,-2.5410733,4.754118,0.19989423172923323,2157.205461712175,0.06971816,0.07966493,location_B,part1,public_square-vienna-253-7598-a.wav
-157.69958,8.995991,0.31718487,-169.59875,-146.75182,34.842236,8.019908,-0.73967236,24.845556,44.314255,-20.090818,6.272796,0.06263277,-27.870747,-11.825434,7.7202544,5.0943766,-0.07172288,0.8600942,14.384443,1.0528079,4.6565423,-0.101478934,-4.936636,7.0594425,9.424166,4.3970194,0.16263273,3.997462,15.093047,3.539699,3.9259453,-0.09429734,-1.663541,8.592739,1.8070029,4.136741,-0.26594612,-3.7756915,6.7347107,5.4136276,3.9201145,0.105711885,0.52895606,10.179643,-0.17226298,4.049933,0.06499049,-5.310322,5.0446196,4.6885314,3.835372,0.04630693,-0.18020892,9.528025,0.92068136,3.7985067,0.12993357,-3.9457057,5.9285936,3.5348625,3.4242425,-0.090832904,-0.8746562,7.835986,1.8854144,3.3977067,-0.028179472,-2.5594022,6.284296,1.909338,3.1546526,0.029467873,-2.1498706,5.8777843,1.937095,3.0658717,0.09331297,-2.0777557,6.06367,0.2768373,3.0209541,0.112064704,-3.6741695,4.3369675,1.0795157,3.00284,0.08419884,-2.7668388,5.0746202,0.8156935,2.7851198,-0.05480229,-2.6883698,4.5020924,0.83257407,2.8493743,0.0026737847,-2.7002883,4.277585,0.19889582917332269,2232.2969301256194,0.09069488,0.07868271,location_B,part1,public_square-vienna-253-7599-a.wav
-174.07465,15.702655,0.8036322,-192.56413,-153.63327,26.446936,9.533957,-0.61735487,13.626003,37.73948,-19.74977,6.7102184,0.07551229,-28.644772,-11.668078,13.150573,7.347974,0.19911256,4.06048,22.380844,-4.919439,6.951269,-0.34266263,-14.4762745,3.734838,11.083436,5.741257,0.20411648,4.07374,18.213602,0.9944739,5.2346973,0.1170552,-5.531107,7.9099655,-0.011395038,5.138692,0.3017671,-6.2503853,6.2563033,1.271241,4.8560705,-0.3988631,-4.6365924,7.0856133,0.51719093,4.473789,0.027023738,-5.4434385,6.2756076,2.9054184,4.294283,0.34442824,-2.611051,8.30974,-0.83276296,4.435917,0.08025152,-6.5090427,4.837919,2.013177,4.243401,-0.24858473,-3.4977705,7.2711573,1.1785837,4.401192,-0.012400133,-4.645019,6.7958813,1.5737102,4.557155,0.14697859,-4.139411,7.369163,1.5220505,4.2181926,0.43029255,-3.4730077,6.8935146,0.16062653,4.315567,0.27055103,-5.3279204,5.387046,1.9718465,3.919571,0.45449144,-2.7228985,6.9335513,0.31531855,3.6631296,0.29037416,-4.226898,4.6154704,0.8650822,3.6548924,-0.17726554,-3.8356333,5.3646164,0.2611571485623003,2471.6379703413704,0.09058296,0.053546082,location_B,part1,public_square-vienna-253-7600-a.wav
-148.59746,7.294887,0.61617005,-156.97502,-139.15517,41.523384,6.911657,-0.9940359,33.065807,48.690773,-24.95074,4.698617,0.58409303,-30.657248,-18.966406,11.325313,4.0658474,0.078190036,6.051631,16.325764,-0.05617046,3.9787524,-0.19530052,-5.063865,5.0747867,9.323454,3.9391067,0.11832026,4.3062563,14.333891,4.3908553,3.8632686,0.021065513,-0.4076621,9.263977,1.8504988,4.052177,-0.09131011,-3.4937482,7.227721,5.082982,3.3963702,0.0029241524,0.8927209,9.4807,-1.1845928,3.5192442,-0.10644608,-5.7649965,3.345656,5.102745,3.4269228,0.0004875136,0.78424644,9.415421,-0.04466365,3.3914287,-0.07343129,-4.4099593,4.2042565,3.201358,3.1562357,-0.022959126,-0.73945326,7.109584,0.20503789,3.242517,0.004489585,-3.8976898,4.370984,1.2540942,2.9903393,-0.10998939,-2.7205577,5.101307,1.314378,2.962841,0.04617515,-2.442561,4.955222,-0.043625228,2.8535178,0.045062598,-3.661181,3.6406035,0.8239073,2.8586254,0.12562406,-2.8232975,4.597849,0.24965487,2.7914581,0.024975885,-3.2982059,3.7216518,0.3857753,2.652957,0.12777866,-2.942826,3.8266134,0.18945000499201278,2021.399841379619,0.06538686,0.104098216,location_B,part1,public_square-vienna-253-7601-a.wav
-132.356,9.579467,0.7966377,-143.15765,-118.8093,42.099022,5.133785,-0.45775497,35.49746,48.322983,-29.229559,4.0238533,0.33597186,-34.37332,-24.180038,6.727883,3.6140947,-0.015029728,2.0104496,11.146902,-1.5472611,3.6632478,-0.018951938,-6.2886,3.393723,7.3751364,3.735144,-0.061566703,2.4852428,12.321281,4.1590323,3.4676378,-0.03505557,-0.25915295,8.508184,0.881554,3.693588,-0.11563747,-3.7912364,5.567868,5.127473,3.2379994,-0.064885005,0.84326243,9.30867,-1.6417824,3.252303,-0.011673272,-5.8668942,2.3528917,4.8890276,3.264781,0.009736201,0.7551978,9.048463,-1.256545,3.2903647,-0.013890989,-5.230048,3.0730743,4.3850546,3.0564427,0.03422621,0.4334141,8.277405,0.36936885,2.8751621,-0.003894476,-3.3068504,4.0094943,1.4898614,2.9198024,-0.08708125,-2.2305014,5.2365217,1.2727743,3.0024877,-0.042654768,-2.5346363,5.229087,-0.010567466,2.8685794,-0.25714508,-3.6800776,3.6226294,0.91513246,2.6861396,0.09942059,-2.49197,4.5158005,-0.016311485,2.592622,0.033320855,-3.474104,3.2411292,0.7229139,2.5379431,0.087260544,-2.5403528,4.0115356,0.19411441693290735,2005.855847326418,0.060580716,0.10974173,location_B,part1,public_square-vienna-253-7602-a.wav
-199.04605,6.602245,0.4368936,-206.89574,-190.74689,61.04255,5.826765,-0.29038727,54.17543,68.1708,-21.51536,4.7651553,1.0339918,-27.05046,-16.037985,0.5494586,4.2765055,0.6055979,-4.523108,6.0214643,-4.94718,4.0892906,0.3276991,-9.9022045,0.12465596,8.158544,3.845693,0.27141634,3.316585,12.966515,0.21188825,3.7127032,-0.075306386,-4.4708405,4.8493958,-0.38659546,3.7350786,0.2352884,-5.128329,4.39578,-1.298526,3.307579,0.077657394,-5.649639,2.8933392,2.1490307,3.459611,-0.007703329,-2.3848636,6.6174235,-1.7982919,3.2857227,0.21129072,-5.9698467,2.2613053,-0.7157816,3.2540061,-0.06307881,-4.8134546,3.3441,1.7393359,3.0929036,-0.056710325,-2.0423744,5.43964,0.354721,2.9029262,-0.045149934,-3.2548866,3.918912,-1.0554227,2.9174588,-0.037805766,-4.8741016,2.7167463,0.68504703,2.8547297,-0.04934583,-2.993513,4.3396645,-1.6436372,2.873807,-0.039533317,-5.300766,2.0678706,-0.957599,2.7672029,0.113333635,-4.46064,2.4755793,-0.7730665,2.4532828,0.032682247,-3.9634943,2.359468,-0.7442771,2.582458,-0.061014846,-3.9984272,2.6593916,0.13885595547124602,1594.1446216846127,0.028746255,0.09340218,location_B,part1,public_square-vienna-253-7602-b.wav
-159.6997,10.202893,-2.3797722,-169.87807,-145.4214,69.06604,5.3886876,-0.5276267,62.190216,75.61779,-38.454178,4.3494763,0.46205992,-43.938507,-33.203766,12.241003,3.8698633,-0.030196274,7.177201,16.919935,-1.8919,3.7307026,-0.036697537,-6.6250753,2.7705975,16.99652,3.9325573,-0.15643844,11.807216,22.1092,-6.1802998,3.7224636,-0.03787538,-10.789816,-1.624706,-10.06601,3.7599616,0.022112632,-14.924474,-5.103581,-3.1958444,3.4049346,-0.04020773,-7.454791,1.2610717,-8.496923,3.423584,0.0063283015,-12.973824,-4.323974,9.24761,3.3019845,-0.01700807,4.9364386,13.3822,2.4535606,3.2609546,-0.106202014,-1.4997168,6.749735,3.4514694,3.1896152,-0.02157689,-0.6584373,7.668524,-4.5662713,3.0405705,0.0045719454,-8.347434,-0.6977823,-5.665963,2.8550196,-0.0136215035,-9.241102,-2.0237694,-2.2911088,2.990299,0.026913224,-6.0192842,1.6840725,-1.641041,2.8100743,-0.23605001,-5.260401,1.8544735,-2.3932312,2.7646153,0.11406842,-5.7879696,1.2022952,2.4738464,2.7025087,-0.1181926,-1.1583765,6.018816,-0.82483244,2.514049,-0.04709929,-4.0740495,2.4560337,0.15323763228833867,1523.6125508798839,0.008450024,0.18527636,location_B,part1,public_square-vienna-253-7602-s1.wav
-162.6585,16.847523,0.72886056,-182.81546,-138.69695,31.231833,8.379086,-1.2130439,20.476963,40.21737,-23.795662,5.8741627,0.30667928,-30.882952,-16.050047,9.144319,4.868506,0.41848734,2.93298,14.852385,0.10497904,4.367087,0.09491807,-5.0519824,5.32011,7.480411,4.334609,-0.1309106,1.9494183,12.771356,2.5103304,4.661701,-0.7636882,-2.803635,7.8738523,0.9327355,3.9696865,-0.50464565,-4.111115,5.538971,4.693797,4.1830206,0.4256362,-0.42521125,9.788428,-2.024976,4.050452,-0.35621923,-7.4064345,2.829365,4.8269525,4.167614,-0.42614624,-0.72446966,9.716669,0.023142293,3.5951467,0.14586076,-4.5683804,4.50412,2.7495937,3.5030053,-0.15406439,-1.7804518,7.125852,0.29784888,3.384955,-0.024823701,-3.9289134,4.96334,1.9311655,3.0792384,0.24225178,-1.7847812,5.655422,2.194115,3.2685978,0.2168179,-1.8658195,6.3140793,1.2886454,3.0429459,0.14491004,-2.4766338,5.0718,1.6373541,2.7940497,0.037781656,-2.0208519,5.1565976,0.0012817458,2.899994,0.03811284,-3.4694614,3.7255936,0.8079766,2.864256,0.031917207,-2.8264678,4.4273357,0.2226250499201278,2316.158164897244,0.100511365,0.058742832,location_B,part1,public_square-vienna-253-7603-a.wav
-203.13736,12.915009,0.25772145,-216.30899,-186.74486,58.054977,8.5470915,-1.1834339,47.06194,67.41495,-33.10028,5.8483663,0.3101518,-40.24142,-25.304878,14.513476,5.09726,0.38255313,8.641961,20.78758,-0.32851434,4.5423717,-0.10256753,-5.7458797,5.05669,17.130796,4.496177,-0.16236313,11.32818,22.514833,-7.8635273,4.746836,-0.77997893,-13.530317,-2.4642363,-10.177684,3.9871616,-0.4373479,-15.266777,-5.550463,-3.66465,4.2591424,0.4087443,-8.884724,1.48732,-8.975987,4.1849647,-0.3347522,-14.522525,-3.8030932,9.255021,4.2827926,-0.27301094,3.313314,14.530421,3.9649544,3.6207006,-0.011456502,-0.73818654,8.675802,1.9174933,3.6595163,-0.09364874,-2.6090095,6.5138493,-4.604274,3.3850784,-0.07860807,-8.670567,-0.24038398,-5.170761,3.1233015,0.053566363,-8.991904,-1.3198067,-1.3513508,3.3752964,0.20791331,-5.646608,2.8994458,-0.36656544,3.1833057,0.122321025,-4.3605833,3.6753953,-1.4295877,2.8841965,-0.06178399,-5.2504344,2.245429,2.5937266,2.888392,-0.099048875,-0.87167144,6.1658325,-0.5766915,2.8099372,-0.036963403,-4.20288,3.008502,0.16831507088658146,1725.1982485364204,0.016503824,0.10229487,location_B,part1,public_square-vienna-253-7603-s1.wav
-207.02785,18.98406,0.23142676,-230.97241,-181.00424,23.906073,9.943423,-0.77589756,9.557528,35.636375,-28.203054,8.483788,-0.351734,-39.879116,-17.983452,13.130235,7.547696,0.5448261,4.327326,22.969551,-6.602363,6.7715845,-0.36643583,-15.095115,1.7599741,6.743736,6.4487176,-0.4616337,-2.399208,14.501835,-1.7957643,5.9151907,-0.26686853,-9.415878,5.1464443,0.94942075,6.120697,0.11134042,-6.137498,8.732569,0.7367229,4.9327826,0.050004642,-5.5848727,7.1543283,-0.8921857,4.726777,0.056274872,-6.754261,5.2620125,3.3169253,5.273164,0.31235796,-3.0197325,9.923471,-1.0646052,5.046802,0.224889,-7.4068856,5.397256,2.5216396,4.9979067,0.44609907,-3.523806,8.71529,0.3361691,4.841351,-0.16639169,-6.085248,6.3755617,1.0133682,4.236841,-0.1287792,-4.15458,6.202326,2.5600445,4.1490626,0.12071647,-2.8172193,7.8236113,-0.032772746,4.2058806,-0.28869748,-5.3492365,5.272973,0.7867076,4.430925,0.05007703,-4.7787704,6.3552055,1.609508,3.9802656,0.122888505,-3.3756943,6.559491,1.034119,4.304722,0.36371258,-4.3309584,6.229616,0.2615814696485623,2463.253001182866,0.07541461,0.06679431,location_B,part1,public_square-vienna-253-7604-a.wav
-196.81563,13.678837,-1.6168711,-212.10536,-180.27626,13.711025,10.0608015,-0.7861185,-0.13470191,25.447289,-48.240173,8.647053,-0.3536853,-59.73504,-37.66832,10.087854,7.5516863,0.38426915,1.3091891,19.813065,-5.6118526,6.84358,-0.33148658,-14.282253,2.882081,3.5031326,6.6262603,-0.5081973,-6.011282,11.142729,-1.490591,5.9346156,-0.23761643,-9.06781,5.82677,-12.2054,6.0792446,0.085901275,-19.39505,-4.2853584,-5.9887967,4.8508453,0.062142905,-12.288083,0.3432529,-9.851038,4.8835897,0.034704942,-15.7959795,-3.7109258,0.17568582,5.39391,0.40748945,-6.4133444,6.7520585,-8.197216,4.8990955,0.23742533,-14.509842,-2.1437557,0.7657544,4.9046626,0.4476665,-5.2882175,6.9292336,-2.450255,4.6546855,-0.14372128,-8.39397,3.5052128,-1.1387998,4.204011,-0.15172842,-6.223153,4.14032,0.68155074,4.242891,0.10193242,-4.7651873,6.100991,-2.8334029,4.2928743,-0.2532538,-8.141425,2.5664382,-2.844241,4.3896036,0.0650933,-8.688942,2.8115826,-1.6570319,3.8692446,0.18797642,-6.3709946,3.2633343,-0.7911555,4.311765,0.43700638,-6.2484913,4.5847464,0.2598810652955272,2447.1146644458404,0.03780581,0.08409423,location_B,part1,public_square-vienna-253-7604-s2.wav
-152.93675,16.906464,0.3349706,-174.01923,-128.89429,19.768438,9.608911,-0.18517675,7.1402264,32.306847,-21.367437,8.282442,0.18975565,-32.20715,-10.77365,15.138641,8.351699,0.31445867,4.947463,25.91254,-8.859437,7.6287947,-0.12857877,-19.24892,0.6081401,14.181636,7.017789,0.5888851,6.0354176,23.309376,0.12619796,5.33075,-0.16115232,-6.5070724,6.4264235,2.643408,5.189178,0.120268226,-4.06306,9.512205,2.0672834,4.4652724,0.011906994,-3.5775256,7.7023377,-0.05481975,4.837286,0.12656492,-6.11813,6.2253942,3.720748,4.9042816,0.11310147,-2.5748076,10.035362,-0.9640001,4.8155622,0.31283444,-6.743405,5.592701,3.0298893,4.4788613,0.16748706,-2.7043486,8.930532,0.8032972,4.6333036,-0.06468364,-5.174728,6.686391,1.7004218,4.196505,-0.07846296,-3.3999813,7.03405,0.538018,4.1140194,-0.019565117,-4.845296,5.620526,-0.15899764,4.134928,-0.09279497,-5.7700367,5.0083156,1.508135,3.8618069,0.0043235417,-3.3997016,6.530325,0.6708831,4.299662,0.27569294,-4.623018,6.074575,2.0752857,4.1546893,0.09810922,-2.8328543,7.737493,0.2998592876397764,2686.1709598858265,0.09004577,0.071071245,location_B,part1,public_square-vienna-253-7605-a.wav
-166.32452,11.950423,1.0179259,-180.12776,-152.04875,32.095776,8.170689,-0.69311225,21.8278,41.823486,-21.019894,6.657461,-0.3309417,-29.283634,-12.779675,12.427922,6.2327366,0.15859312,4.939649,20.130655,-4.3206177,5.1867247,-0.25768793,-11.041721,2.1348703,8.331993,4.7495937,0.08694395,2.2431426,14.229174,1.7798157,4.586819,0.110626265,-4.0286884,7.789863,-0.10024023,4.5354185,-0.10885394,-5.9373927,5.591649,3.1791806,4.6281633,-0.16966416,-2.7064133,8.773034,0.34143713,4.151833,0.13657863,-4.5699897,5.3513827,2.8476198,4.0402193,-0.3278178,-2.2141004,7.788285,-1.2472233,4.230621,0.20312206,-6.5265813,4.2483697,2.461305,4.002612,-0.104444854,-2.6775324,7.496272,0.39371052,3.7004418,-0.048901312,-4.323616,5.246966,0.5404549,3.914247,-0.1419695,-4.2362657,5.479637,1.2797315,3.5357025,0.010932489,-3.3597069,5.7482634,1.1351854,3.6491206,-0.08280313,-3.6087427,5.8194146,2.0145948,3.5166264,0.059177928,-2.2473788,6.545885,0.9417209,3.2895079,-0.061844423,-3.206487,5.134409,1.1967907,3.3516004,0.12494721,-2.928388,5.3007402,0.22973242811501599,2300.1735624491407,0.08296681,0.0872754,location_B,part1,public_square-vienna-253-7606-a.wav
-204.3267,11.6052685,0.80850446,-216.66435,-191.42696,61.42029,8.371696,-0.80528504,51.089798,70.994156,-9.931141,6.73245,-0.40926826,-18.480415,-1.8310642,2.8733253,6.28806,0.16343401,-4.6865034,10.942438,-13.833541,5.212166,-0.24932604,-20.440697,-7.1934147,-3.929501,4.8022633,0.03368783,-10.148147,2.0705671,-2.9764807,4.474389,0.07358555,-8.521545,2.8663678,-8.81524,4.601355,-0.04761403,-14.532854,-3.0341678,3.1079335,4.6214843,-0.16622303,-2.85465,8.722331,-1.2008897,4.2222104,0.17126168,-6.481276,4.1276712,-3.3484232,4.0939717,-0.2623671,-8.722507,1.5721586,-7.3584366,4.143123,0.21440212,-12.643612,-1.7538655,-2.4182625,3.9736614,-0.12583141,-7.396751,2.6167207,3.369424,3.6749904,-0.042966895,-1.4170933,7.9698615,-3.139467,3.9582753,-0.117459066,-8.266607,1.8424525,-2.5298128,3.5660193,0.010342243,-7.019928,1.9678265,-0.97358,3.5977457,-0.094725095,-5.519028,3.459959,-1.4003613,3.5909922,0.027902415,-5.9022264,3.2637873,1.1515235,3.4351816,-0.01436452,-3.3475907,5.470761,-0.83636236,3.4608095,0.049410608,-5.2743754,3.3309617,0.12179419179313099,1588.752709154716,0.019468011,0.13549598,location_B,part1,public_square-vienna-253-7606-s6.wav
-159.64343,32.39578,-2.767016,-193.98676,-121.256165,3.6619906,15.906042,0.25880572,-15.386564,24.622149,1.4410992,9.888832,0.18763718,-11.079874,13.9639225,3.041365,9.674776,0.6930168,-8.258603,15.130492,0.64635754,6.8674383,-0.8395119,-8.003897,8.615999,0.23824991,6.4287066,-0.14156826,-8.196138,8.501654,-4.0780773,5.5724144,-0.021147314,-10.714565,2.582674,0.85040677,7.1935472,-0.54446596,-8.066164,9.824344,-0.43772987,5.443419,-0.1445952,-8.104078,6.5413194,2.5099869,6.3274455,-0.42031592,-6.0032406,10.306831,0.04643364,4.600687,0.0032926635,-6.0454683,5.8952646,-1.0673558,4.4754214,0.31188175,-6.4636593,4.406124,-1.8228439,4.7239127,-0.44170922,-7.9872704,3.6977262,0.0888685,4.177584,0.023683025,-5.2642255,5.5528536,-1.9599085,3.845146,-0.043646265,-6.5792418,2.8181453,-1.2189552,3.8746862,-0.12729469,-6.006511,3.7669754,-2.1361992,3.7903788,-0.19316186,-7.166605,2.4663746,-1.087194,3.4843318,-0.1989779,-5.6999893,3.1081252,-1.9712301,3.501019,-0.16479547,-6.340973,2.2872458,0.13520092,3.620715,0.16550918,-4.186486,4.6906714,0.4178611097244409,3631.8322223122113,0.22027653,0.08269439,location_C,part1,clip_001.wav
-161.3522,26.31461,0.16221087,-194.66728,-124.63381,-10.127124,14.358606,0.07125683,-28.133093,7.601871,-5.873639,10.7377825,0.32233018,-18.501472,7.9618473,3.50773,8.025307,-0.019469043,-6.77469,14.010051,2.9561489,6.458181,0.10534625,-5.1629424,11.368893,1.0608331,7.55702,-0.08026173,-8.869272,10.787387,-2.3306117,5.3125324,-0.1791814,-9.62468,4.1068106,4.033244,4.9132304,-0.010679123,-1.9720695,10.299406,2.013591,5.049495,0.04148556,-4.374289,8.352989,4.1397777,4.9573913,-0.2095935,-2.5310209,10.1641655,0.76104355,4.266273,-0.13992447,-4.7937093,5.9064837,-1.7258698,4.297034,0.07194521,-7.4445066,3.7677903,-1.4606401,4.067451,-0.028649313,-6.4138794,3.7757485,-0.56540674,3.8897915,0.05571551,-5.423319,4.424944,-1.2300426,3.8976302,0.011567089,-5.8807716,3.6894953,-2.9926856,4.217462,-0.17707469,-8.525381,2.395537,-0.94077766,3.8997965,0.48529193,-5.6679697,3.8339274,-1.1679561,3.6512425,0.10333778,-5.730419,3.5576265,-1.6890898,3.90521,-0.27560657,-6.91859,3.1628122,-1.2925134,3.3209736,0.2684619,-5.316581,2.8402367,0.4576973717052716,3852.0129580014495,0.23062544,0.08971289,location_C,part1,clip_002.wav
-166.12354,28.105644,-0.43908495,-200.63606,-130.46568,-3.858686,13.560327,-0.40457562,-21.755308,12.844818,-2.7768452,9.694607,0.06845686,-14.511276,10.035466,6.407042,7.698178,0.16501918,-3.648007,15.898351,1.8291006,6.412474,-0.43517995,-6.4814777,9.428894,-2.278671,6.4277105,0.18707098,-10.379615,5.8168726,-3.4131021,5.5302415,0.1729322,-10.517528,3.8434374,3.8146758,4.95035,0.06311453,-2.4222536,10.154556,-0.6905698,5.5346336,0.03507653,-7.044755,6.5334063,1.0180306,5.2070494,-0.034770604,-6.105377,8.029322,-1.0394019,4.0923944,0.16999927,-6.082809,4.366601,-1.9982293,4.3960915,0.048764057,-7.6427097,3.687244,-1.986181,4.493074,0.31358433,-7.415827,3.9802923,-1.0706758,3.821279,0.14326836,-5.932184,3.722574,-1.9045235,4.078211,-0.013017355,-6.934785,3.4588597,-1.6675344,3.8232596,0.4059624,-6.2531853,3.1540196,-2.6769462,3.5822055,-0.13562758,-7.337313,2.0160952,-1.0073644,3.434007,-0.07927466,-5.3546743,3.4733675,-0.7178216,3.4130166,-0.098581076,-5.306311,3.6304994,-0.9723004,3.1309257,-0.26296654,-5.1535053,2.9595683,0.43889776357827476,3722.380770000848,0.23737052,0.067261145,location_C,part1,clip_003.wav
-174.47517,25.139889,0.96869224,-203.34198,-147.31316,-7.0901794,13.757388,0.93576765,-22.133419,13.60676,-2.8177834,9.143259,0.02218122,-14.093901,8.490639,2.2358696,5.6462545,0.09325687,-4.867115,9.193321,2.8873074,5.5866365,0.09995417,-4.162359,9.8307705,0.9677744,5.2946067,-0.18390064,-6.113088,7.519782,-1.4274073,4.9226294,-0.17206162,-7.9326916,4.801669,5.7482877,4.6224165,0.19872136,0.044698,11.703493,-0.23570496,4.667052,-0.46276206,-6.2683034,5.419936,2.0081992,4.684371,-0.3144138,-4.1341543,7.8022184,-0.6236123,4.1771574,-0.0010057606,-5.774107,4.867337,-1.2729087,3.983939,0.1034528,-6.5401583,3.6321936,-2.5064461,4.0361347,-0.05169464,-7.594947,2.299808,-1.2160615,3.6697052,-0.055017795,-5.8812013,3.5445404,-0.7261252,3.569966,0.22933905,-5.109098,3.886194,-1.5345392,3.5686424,-0.055267222,-5.873551,2.8947005,-2.0693202,3.563597,0.1548928,-6.428857,2.4257417,-0.67210793,2.9181805,0.011942011,-4.5426874,3.052891,-0.85681707,3.0024805,-0.08262276,-4.9018097,2.890097,-1.5293944,3.08167,-0.07950506,-5.419468,2.4361486,0.46800899810303515,3857.6392299369327,0.27449754,0.059406098,location_C,part1,clip_004.wav
-214.07089,23.935038,0.80275744,-241.59392,-180.99983,-3.9603584,12.146287,0.6738772,-18.013126,10.565321,-5.4389186,7.8962607,0.033373103,-15.306362,4.7762203,1.5682386,7.682067,-0.20643225,-7.51115,11.304326,1.8006784,6.0608115,-0.032675896,-6.34432,9.308197,0.21513622,5.3790283,0.14507023,-6.378603,7.3602266,-0.8405393,6.1063614,0.14146529,-8.570135,7.030321,5.2274933,4.9709153,-0.0353831,-1.014466,11.497652,0.5856531,4.5214133,-0.1176144,-5.358761,6.305085,3.0288794,4.6640997,-0.25866857,-3.2342005,8.560023,0.6013808,4.8898892,-0.22682299,-5.7830048,6.7492456,-1.0869392,4.11512,-0.06934318,-6.4991827,3.9264665,-1.7957294,4.0890656,-0.08301801,-7.164742,3.2458758,-1.4760606,4.235783,-0.14970043,-6.9017763,3.831282,-1.0678757,3.893149,-0.024864424,-6.236654,4.0135207,-2.2425172,3.397158,-0.06267052,-6.780564,2.01084,-2.231072,3.2358832,0.13635743,-6.390727,1.9314041,-0.9769588,3.3596213,-0.06075933,-5.4170322,3.252109,-0.7457775,3.1134617,-0.0944509,-4.563611,3.188713,-1.3384194,3.0709891,0.0428169,-5.2405624,2.654087,0.4432096146166134,3725.49275472052,0.2685628,0.07829153,location_C,part1,clip_005.wav
-153.92282,23.09831,-0.14263643,-180.74814,-124.0827,5.609285,17.810993,0.6505562,-15.2017765,30.303059,0.64273924,7.671215,0.48484385,-8.557295,10.905235,0.7359942,6.9628553,-0.23660141,-9.252815,9.233878,2.527827,5.659603,0.057361927,-4.204529,10.273499,0.30500597,5.2366056,0.19369791,-6.23761,7.0292387,-4.8885617,6.187885,-0.10241669,-12.8708105,2.7825108,3.008302,4.6944575,0.06513169,-2.8116207,9.0773735,-2.204822,4.4555473,-0.06777195,-8.0800295,3.4320967,1.2755086,4.2967024,0.013636902,-4.1246924,6.9511414,-1.314579,4.3064237,-0.045545217,-6.7064123,4.314642,-1.8064466,3.8113918,-0.007152216,-6.7659802,2.9315376,-2.8425803,3.7683678,-0.19315144,-8.056845,1.8514519,-1.4061767,3.6987047,-0.0014202744,-6.1796017,3.3702273,-2.0615299,3.4662628,-0.02981439,-6.6362433,2.1715379,-2.100135,3.5679126,0.014577175,-6.8494463,2.5233102,-1.9369534,3.3127966,0.012039426,-5.9503393,2.255115,-2.136636,3.5174885,-0.1587817,-6.5761976,2.437819,-1.5312389,3.292258,0.017353512,-5.8087206,2.7671592,-0.38054487,2.9830203,0.03134522,-4.2470846,3.324716,0.417240228134984,3587.6870391219945,0.23320578,0.09408375,location_C,part1,clip_006.wav
-160.75887,20.397814,0.20184517,-187.3771,-134.31563,-0.5527316,14.987821,0.37739247,-19.04446,19.912891,-3.7554727,8.459588,0.41031593,-13.955017,7.4603357,2.075826,7.49004,-0.023347653,-8.233295,11.035795,-0.77339274,6.07873,-0.11264917,-8.769392,6.9064455,-1.7364209,5.414103,-0.10681385,-8.528832,4.939378,-5.117769,5.676747,0.110957295,-12.393228,1.9002804,3.0142367,5.0500145,0.093213186,-3.225116,9.288353,-1.1315802,4.291513,0.045916285,-6.5869436,4.3831906,0.15637335,5.221295,-0.09615235,-6.3608894,6.6523066,-1.048426,4.4969835,-0.3564029,-6.66755,4.276045,-1.9751484,3.9465458,0.061950233,-6.991214,3.2960691,-2.7307835,4.031974,0.047294084,-7.679028,2.5777056,-0.59947336,4.086951,0.15410474,-5.7695227,4.7389555,-2.304819,3.4915638,0.035681423,-6.6622047,2.1395528,-2.2026932,3.3969011,0.15762979,-6.477625,2.2936122,-2.8508863,3.5438507,-0.00912723,-7.5148993,1.7360551,-1.6801845,3.3030834,-0.0764628,-5.896739,2.3608775,-1.2116767,3.138628,-0.14856783,-5.186844,2.6677094,-0.79412925,3.24542,0.030723548,-4.992363,3.3102503,0.4242446460662939,3641.8337695572777,0.24314208,0.07496701,location_C,part1,clip_007.wav
-224.08838,34.074406,0.74885935,-261.73593,-181.86497,-6.5990205,13.114644,-0.8208174,-21.615477,8.593442,-3.7768097,8.6278715,0.23608026,-13.880531,6.602019,4.620839,6.988201,-0.36038324,-4.4690104,13.250045,0.33518532,6.436827,0.49533898,-7.650105,8.527164,0.721879,5.7960443,0.5653292,-6.1566257,8.110399,-3.4240923,5.4575477,-0.2665767,-10.389287,3.395907,3.0307577,4.917968,-0.057105787,-3.0565472,9.27154,1.4135479,4.0939927,-0.02651683,-3.9270375,6.6428566,1.7876099,4.5518055,-0.33857247,-3.9984093,7.409444,-1.1053063,4.0084834,-0.14905763,-6.1996984,3.8193629,-0.9832985,4.2296405,-0.2274078,-6.6643353,4.4584675,-2.062096,3.3937035,0.0061119017,-6.323872,2.318429,-1.0409011,3.612786,-0.020439891,-5.807673,3.561068,-2.278748,3.3810215,0.06372773,-6.679378,2.3134103,-0.95921886,3.1470892,-0.14259756,-5.051791,2.8961205,-1.1372014,3.5955343,0.16106674,-5.6662345,3.3859324,-0.52614504,3.046128,0.0021964482,-4.227744,3.3725927,-1.1304185,3.1479316,0.07521662,-5.194907,3.03138,-1.0829073,2.9184752,-0.1357926,-4.756455,2.5300462,0.4559766873003195,3777.2108721702557,0.27145728,0.015103372,location_C,part1,clip_008.wav
-145.44275,21.551071,-0.1934351,-175.62679,-117.81653,-6.170535,13.239669,0.2521119,-22.016495,9.911934,0.1892553,8.89143,0.65661824,-9.913029,11.431774,4.2891555,6.395875,-0.009692845,-3.7172825,12.604125,0.4872406,6.444927,0.3410456,-7.682585,8.956733,-1.182446,5.8372135,0.0278486,-8.875164,6.371384,-1.5394852,5.6576715,-0.0031011002,-8.904741,5.9321537,1.8896822,5.0615544,-0.10692912,-4.253413,8.156974,2.1258678,4.5573473,-0.2558019,-4.0012836,7.729336,2.8572657,5.6658196,-0.39225665,-4.192871,9.879884,-0.81750476,4.1884537,-0.16653585,-6.2124767,4.087556,0.010505135,4.1630864,0.029607518,-5.203562,5.435227,-2.1614563,4.038699,0.024206243,-7.50567,2.9035764,-1.520619,3.7257442,-0.09664226,-6.1717386,3.2158556,-1.2231388,3.8459415,0.118138775,-5.9682426,3.8936307,-0.97511315,3.4973593,0.17808977,-5.362997,3.385055,-1.8685204,3.687694,0.023502873,-6.6620483,2.7382517,-0.78358907,3.4836366,-0.22305423,-5.1989393,3.4321427,-0.71031773,3.103238,0.08300725,-4.5752497,3.4838316,-1.2329386,2.9642808,-0.048777584,-4.9520216,2.4566426,0.4725969698482428,3891.7299923176233,0.27291805,0.05355026,location_C,part1,clip_009.wav
-212.82758,27.041609,0.33433956,-246.93106,-180.98203,-6.2531624,11.825967,0.03445609,-20.307667,8.78513,0.7877642,10.619121,0.3332613,-12.212231,14.286302,6.167712,5.9572034,-0.11853623,-1.2434397,13.745014,1.2882359,7.4330044,-0.3394941,-9.007416,10.18979,1.0721722,6.235257,0.19311677,-6.732345,8.654018,-1.075268,5.931024,-0.050144352,-8.917929,6.7117214,1.8855531,5.5358195,-0.22873892,-5.360359,8.899197,1.9278957,6.020898,-0.60823107,-5.331964,9.37813,4.8525844,5.0712237,-0.036852688,-1.528022,11.389101,-0.00444514,4.8382974,0.14108586,-6.171034,6.335309,-1.7576171,3.9908996,-0.08500687,-6.8515906,3.4616892,-2.8878107,3.9558299,0.1541163,-7.8740864,2.1980226,-2.0272105,4.162299,-0.11022525,-7.266386,3.0859418,-1.7069359,3.4736893,0.045653936,-6.202069,2.5232868,-0.19155198,3.8376796,0.2706875,-4.7525425,4.88805,-1.0695221,3.3313398,0.2152278,-5.170211,3.2292466,-0.35806546,3.2529,-0.08553262,-4.6460686,3.8793073,-0.8115066,3.3574831,-0.30778432,-5.140735,3.2321188,-1.3703438,3.1986542,-0.024513949,-5.3620267,2.7668252,0.4617549420926518,3846.3012758379937,0.26021865,0.04777073,location_C,part1,clip_010.wav
-155.24205,20.739365,0.17924415,-181.12448,-130.06818,0.4719293,12.730498,-0.24682471,-14.819063,16.105034,3.58744,8.507526,0.47632444,-6.8083797,14.738095,6.060525,7.367684,-0.04373209,-3.807589,15.349576,0.6670562,5.4825463,0.12632336,-6.2746305,7.857814,-1.2132689,5.53174,0.08105613,-8.204834,5.6713877,0.4078936,5.3011255,0.07057479,-5.93618,7.030692,2.2343087,5.6830344,-0.021915121,-4.844282,9.428703,0.311779,5.0263495,-0.07487236,-6.2202244,6.6853714,2.9156785,4.8095326,-0.21660061,-3.3158221,8.975021,-1.4519739,4.751739,0.017679125,-7.4683523,4.3752203,-2.2062416,4.1089697,-0.034784567,-7.5604334,3.0955822,-2.5010757,4.137838,-0.030658316,-7.959443,2.883205,-1.9700377,3.679786,-0.09603596,-6.7734795,2.783044,-1.601576,3.8235974,0.012740067,-6.450276,3.2722666,-1.3735573,3.540938,0.074897125,-5.971505,3.115726,-0.90294874,3.3251135,0.056960642,-4.9331474,3.2918837,-0.41033325,3.2975965,-0.17388026,-4.8446946,3.7706325,-0.043582547,3.1546004,-0.20618339,-4.146303,4.067032,-0.55415195,3.3822618,-0.07120551,-4.842184,3.9178116,0.439757325778754,3750.1978546032606,0.26818597,0.046335913,location_C,part1,clip_011.wav
-277.33237,27.014725,-0.0042296057,-311.87097,-242.3055,-4.8450594,14.035054,-0.5492144,-21.655827,12.400656,5.709196,8.312499,0.12934491,-4.506249,16.39642,6.02838,8.5576935,-0.42869827,-5.9201336,16.704584,3.8094563,6.5895,-0.086946316,-4.7865157,11.676254,-0.6449126,6.883227,0.108877644,-9.133881,8.568855,0.3440312,5.2220464,-0.21854806,-6.5226116,6.6774197,1.9377441,5.449083,-0.53662217,-4.779417,8.24103,0.37588274,5.3049293,-0.21400425,-6.4056587,6.488564,2.3004816,5.562204,0.17396703,-4.2692595,9.778903,-0.4385398,5.015117,0.31624863,-6.7194123,5.885166,-0.45938173,4.7946725,0.17794055,-6.2521143,5.7371125,-2.9491377,3.8959908,-0.09558819,-7.84678,1.8839723,-2.3085957,4.2670846,-0.045684915,-7.658053,3.4742785,-1.7227821,3.9797611,0.21058697,-6.3342276,3.3852684,-0.10136093,3.6460245,0.06577959,-4.629416,4.876415,-0.6021372,3.5051203,0.13986586,-5.293263,3.7796102,-0.6207422,3.392831,-0.13650693,-4.8204675,3.5925536,-0.9130596,3.6074393,-0.2445288,-5.4742174,3.2995682,-0.8245304,3.0623407,-0.014721278,-4.6666565,3.1173625,0.4723988493410543,3986.1849539977666,0.25704455,0.012444738,location_C,part1,clip_012.wav
-170.43532,19.420238,0.20985427,-195.36604,-146.6571,-0.9790957,13.656474,0.13144605,-18.5186,17.332245,0.52203166,7.5915613,0.23833239,-8.747412,10.122242,5.385027,7.4987035,0.06877594,-3.9653077,15.392746,1.8746495,7.252961,-0.22467835,-7.2605963,10.776636,-1.9784582,5.5275035,-0.030167237,-9.300941,5.069024,-0.4860949,5.7646875,-0.11687473,-8.056512,6.889962,0.408878,5.678891,-0.1084525,-7.1871486,7.473407,0.47804117,5.0914426,-0.30472273,-6.2021065,6.4800453,1.3388536,6.1403966,-0.33852577,-6.204857,8.743187,-0.6304461,4.7362514,-0.0580351,-6.797438,5.249242,-1.4572008,4.3891187,-0.042781495,-7.13624,4.087216,-3.3773718,4.1402183,-0.04087913,-8.789076,1.7201486,-1.397661,4.2058697,-0.024171513,-6.9273267,4.0119295,-1.843617,3.7008555,0.115649484,-6.541148,3.1457872,-1.3372314,3.443073,0.028679833,-5.950835,3.2022624,-0.38218346,3.3763514,0.03838196,-4.893151,3.9258528,0.21663676,3.4998095,0.018449051,-4.3469706,4.9215927,-0.1008709,3.2299728,-0.10905074,-4.1438084,3.9347715,-0.70530826,3.1476917,0.03237674,-4.709982,3.1677947,0.4403204872204473,3782.1156330381405,0.26097536,0.07265516,location_C,part1,clip_013.wav
-150.0734,23.404108,0.08391902,-178.26837,-122.26804,-1.44285,12.1155,-0.045260128,-16.2817,14.28287,0.41582635,7.3631706,-0.12429721,-9.210974,10.053333,6.293602,7.751034,-0.20583403,-3.989576,16.365099,1.7749394,5.836105,-0.20220469,-6.00644,8.951487,-3.9294577,6.332805,0.2469964,-12.194182,3.6579618,-1.5058787,5.5875673,0.015858985,-8.565622,5.7056804,0.47436455,6.047693,-0.07840205,-7.34286,8.136051,0.12873162,5.7521963,-0.3034267,-7.2442446,7.1575685,0.42326942,5.5706754,-0.07323404,-6.674423,7.453902,-1.1947823,4.387582,0.3761765,-6.7551785,4.247941,-1.3298583,4.445799,0.036521688,-7.089411,4.6407948,-3.2724297,4.0076976,0.019223643,-8.410165,1.950361,-1.234333,3.8569808,-0.008004685,-6.0656366,3.6976945,-1.1668518,3.9894123,0.09395812,-6.190736,3.919942,-0.538713,3.8150141,0.07972502,-5.2618446,4.0131855,-0.99948776,3.4978497,0.09459828,-5.4069796,3.6833067,0.3863842,3.2836514,-0.1179253,-3.9096465,4.5948925,0.14563772,3.4803612,-0.0718575,-4.3087068,4.5318546,-0.9599646,3.1084468,-0.20976079,-4.912075,3.0011601,0.4337450703873802,3773.1676418196416,0.2681039,0.054553766,location_C,part1,clip_014.wav
-176.40858,26.573082,0.3353424,-211.85156,-139.16545,-2.246496,14.92653,-0.048547454,-21.76551,17.112339,1.506081,11.0679245,0.6063256,-11.13451,15.25029,6.1330857,8.699253,-0.16717245,-5.6661296,17.228806,3.6112554,7.1930075,-0.25752705,-5.3490686,12.379158,-2.144028,5.8421636,-0.030687982,-9.288484,5.3470726,-1.7947775,5.506679,-0.11024621,-8.947065,5.2148857,-1.3851444,5.730035,-0.06536665,-8.731579,5.827355,-0.18850893,5.4346237,-0.14941694,-7.564707,6.537832,2.0731254,5.277754,-0.31893873,-5.044931,8.603916,-1.2808396,4.6403394,0.08255509,-7.3138514,4.5763755,-1.3396506,4.1332216,-0.12421579,-6.5598054,3.6537638,-3.0154953,4.2160606,-0.19085012,-8.556391,2.4577703,-1.3074694,4.1913266,-0.17664213,-6.510969,3.8710873,-2.5134192,3.8235211,-0.32573992,-7.5317774,2.129501,-1.241431,3.6953254,-0.19501702,-5.854228,3.3293242,-1.8320107,3.7108657,0.06593445,-6.6260667,2.9503336,-1.0832449,3.5535316,-0.052931543,-5.861019,3.2969055,-0.6923593,3.1975393,-0.073917046,-5.051094,3.1944413,-0.36576608,3.099588,0.0788205,-4.570871,3.4672394,0.4403766473642173,3833.7101764616486,0.24119173,0.031027803,location_C,part1,clip_015.wav
-234.52856,28.569342,0.26381668,-271.11002,-203.04907,-6.0090923,15.7829685,-0.07778158,-25.81746,14.583055,-6.302143,8.358955,0.18320552,-16.378078,4.5356846,6.121615,8.277757,-0.012721142,-4.5621505,17.236038,5.2161345,6.3278213,-0.48078132,-2.7403407,12.866267,-3.082401,7.2735386,-0.30066374,-12.190004,6.2336025,0.6730095,6.295834,0.094951265,-7.420072,8.620347,0.02813983,5.467186,-0.17442231,-7.2803698,6.7791204,-0.15710625,4.9273944,0.18403384,-6.431998,6.2347584,0.37208387,5.131316,-0.1292647,-6.0169,6.9181347,-1.9588668,4.827753,0.21294263,-7.9096913,4.365753,-2.1156514,4.8717103,0.044561192,-8.112443,4.1955914,-2.6984591,4.5948424,-0.16975999,-8.873698,3.2771163,-0.80174595,4.208681,-0.0010553909,-5.9497933,4.6141067,-2.1607275,4.111732,-0.07198209,-7.5948453,3.192875,-0.32942888,3.595815,-0.0009022402,-4.8066225,4.212644,-2.5397723,3.5475442,-0.0047759432,-7.2070103,2.0178342,-0.29886702,3.3261993,0.22721975,-4.288193,3.9262352,-0.64269984,3.2421718,0.038516246,-4.9226065,3.4581811,-1.4672395,3.008988,-0.08169526,-5.47281,2.3963315,0.42921169878194887,3828.0303256172247,0.24396169,0.014141063,location_C,part1,clip_016.wav
-184.75658,26.072344,-1.0106521,-217.443,-156.63126,-3.0320694,18.312483,-0.0392204,-24.940365,21.271223,-0.4536935,10.261007,0.09457273,-13.247582,12.270708,2.0585327,8.578817,0.06949181,-8.588,13.011587,4.369767,7.085579,0.083228186,-4.478825,14.320932,-0.22915268,6.1765027,-0.20340203,-8.236409,7.358447,-2.1963692,5.5702286,-0.04154195,-9.526577,5.128331,0.21622692,5.515491,-0.03694476,-6.863987,7.0095367,-0.66753024,5.0080576,-0.1486726,-7.198322,5.72498,-0.17262101,5.6472816,-0.25685617,-7.573166,6.9311733,-3.086461,4.9847565,0.06734692,-9.553576,3.3660865,-2.4335556,4.84549,0.043676436,-8.570108,3.8105602,-3.0133483,4.080411,-0.0034037486,-7.970133,2.390519,-0.15475336,3.8202295,0.17180565,-4.877732,4.865222,-2.052509,3.805312,0.01872925,-6.9888363,2.9059644,-0.060751535,3.550679,-0.0106261475,-4.584974,4.6919117,-1.7597505,3.5972378,0.043860245,-6.41585,2.750731,0.3918593,3.4855778,-0.25299132,-3.9642682,4.8508673,-0.7321533,3.4636753,-0.037332565,-5.2147894,3.8031359,-0.48010716,3.3328729,0.25641835,-4.642723,3.8286963,0.4522092776557508,3873.593606940583,0.22773002,0.053068236,location_C,part1,clip_017.wav
-196.25464,24.860313,-0.06407954,-230.0337,-167.3041,-0.47678182,13.5733795,-0.10187126,-19.758032,16.700592,3.3467474,10.031924,-0.092922,-10.345209,15.783009,6.196522,7.6734996,0.14139247,-2.7928157,16.366283,5.8891373,6.7935333,-0.2360342,-3.381492,14.161133,1.300797,5.248624,0.23256542,-4.9826574,8.066759,-1.9354268,5.5420146,-0.11193283,-9.402635,5.3487854,0.063866615,5.9964137,0.33415753,-7.298977,8.220852,-1.4125223,5.3149376,-0.09494554,-8.420852,5.009264,2.911092,4.9183836,-0.12588543,-3.5955458,9.086021,-1.4486778,4.399298,0.110922,-7.1325893,4.0907974,-2.5002599,4.38401,-0.120123856,-8.071252,2.9141912,-1.7289908,3.9070265,0.25267425,-6.4518037,3.537939,-0.5528571,4.0351706,0.07796879,-5.505966,4.6767497,-0.59935325,3.7852752,-0.092224956,-5.331168,4.1515417,0.38392833,3.5786982,0.01003945,-4.3441753,4.900337,-0.2920384,3.50908,-0.09288499,-4.6953783,4.2089324,0.17626292,3.2641943,-0.112824485,-3.973361,4.3126063,-0.36634907,3.2710233,-0.029485606,-4.421732,3.693963,-1.1665193,3.1204345,-0.14861843,-5.1143217,2.6046877,0.4463701827076677,3764.958128745883,0.2516788,0.025218775,location_C,part1,clip_018.wav
-185.45822,28.924171,0.04047366,-221.26538,-148.47346,-7.849036,16.188028,0.11639751,-26.117496,14.676549,-1.6246549,10.923712,0.35747626,-14.489035,14.107452,2.8713968,7.065737,0.094406195,-5.9113407,11.861106,1.5061904,7.6884937,0.06480551,-8.464343,11.41864,-0.13237867,4.878232,-0.010596816,-6.1885557,5.6282263,-2.405217,5.217489,-0.19132687,-9.099533,4.2318716,-0.6003362,4.973754,-0.18041976,-7.153804,5.5138936,-1.2497168,4.552963,0.13369648,-7.089447,4.4930744,1.6315961,4.4738584,-0.041128524,-4.0015955,7.658455,-2.5814764,4.3230944,-0.10750121,-8.17648,2.9803464,-1.6894097,4.2347536,-0.09419303,-6.739706,3.5277085,-3.282225,3.508026,0.050044402,-7.858548,1.4370431,-0.7390604,4.2988634,0.2666837,-6.0453935,5.008073,-1.6997459,3.4773235,-0.05269909,-6.0822363,2.6251376,-0.14900525,3.5041602,-0.1322664,-4.793691,4.0387154,-1.5395546,3.3383281,-0.041679636,-5.8262286,2.7861185,-0.25637463,3.3626618,0.070440754,-4.618199,3.9999688,-1.3823851,3.3039083,0.09668772,-5.5745173,2.882198,-0.034797277,2.958047,-0.007914417,-3.8216243,3.8844242,0.4719048861799569,3929.7268514400093,0.2599052,0.03539398,location_C,part1,clip_019.wav
-175.32283,31.284363,-2.3522708,-208.9445,-139.85222,5.171485,18.364243,-0.10795649,-21.495708,26.849566,-2.738415,11.523305,-0.2920315,-16.404339,11.872187,6.4689803,10.270711,0.21696411,-7.1074333,19.417557,-2.1871703,7.4000244,-0.04294347,-11.574568,6.1462393,-5.17086,6.1644278,0.22857408,-13.029266,2.1036468,-7.348619,6.556952,0.36077246,-15.067509,1.1813594,-4.0448403,6.196828,-0.27514827,-12.399563,3.5840828,0.79425454,5.2974167,0.12868975,-6.296073,7.717348,-1.4000745,5.1316075,-0.21972463,-8.414446,4.9004316,-1.7379262,5.170464,0.11202528,-8.136739,5.025384,-1.0547991,5.477483,0.08435818,-8.146551,5.968339,-4.5094085,5.338682,-0.18554518,-11.368226,1.9055365,1.2410482,4.7281575,-0.08971301,-4.720371,7.5204697,-4.499049,4.778552,-0.3923077,-10.132432,1.1275799,-2.8751092,4.2733126,0.15209879,-8.034207,2.6580038,-1.4554147,3.9170697,-0.2165977,-6.695385,3.3649454,-2.5251398,4.0414333,-0.21899867,-7.58925,2.7135508,-2.1546998,3.8853557,-0.05156832,-7.291786,2.7203717,-0.543915,3.4148197,0.050443094,-4.835456,3.8558998,0.3952067317292332,3496.830083132874,0.16701995,0.045448,location_C,part2,clip_001.wav
-186.59113,24.75489,0.16004932,-216.74858,-153.63506,4.1675286,17.708311,-0.35882944,-21.467278,26.68228,2.7436552,10.088173,-0.10591993,-10.060436,15.834717,11.956336,12.087774,-0.093539655,-3.4741192,27.904465,-1.6052588,6.611612,-0.21694852,-9.960783,7.0542154,-4.296314,6.894268,-0.004536636,-13.240774,4.312259,-6.3979964,6.2709203,-0.24494988,-14.933532,1.5090115,-1.4961711,6.0405936,-0.46093518,-9.162944,5.725663,-0.37929374,4.85339,-0.08900437,-6.443363,5.6676493,-3.652,5.989044,-0.22553355,-11.904007,3.8919148,-1.2738197,5.0813394,-0.1604837,-7.621413,5.187675,-2.0315769,4.8553896,0.07439276,-8.10929,4.0972815,-5.3177114,5.4351583,-0.22014593,-12.500394,1.5280421,0.614305,4.3320594,0.07296147,-4.6689377,6.16018,-4.816939,4.8584733,-0.36575678,-11.508848,0.8977433,-2.1430883,4.030308,-0.075981535,-7.2632895,2.9098752,-2.1803508,3.8032625,0.04856882,-7.1014385,2.7617183,-2.3838634,3.9423046,-0.17728359,-7.557238,2.5645938,-0.9602848,4.030783,0.491357,-5.880913,4.384957,-1.4248708,3.8379047,-0.6236454,-6.310814,3.0360265,0.39408040884584666,3508.143433470732,0.16697648,0.103065126,location_C,part2,clip_002.wav
-168.60268,24.190771,-0.13663794,-200.94914,-136.99149,4.9313574,15.918774,-0.18756637,-15.01182,24.549519,3.0505662,11.381925,0.12992778,-11.442047,17.971123,10.1662445,10.890522,0.04983953,-4.7681146,23.961918,0.08905548,8.059263,-0.0234766,-10.133459,10.765818,-5.5644035,7.5546293,-0.24402082,-15.427561,4.015337,-8.9663105,6.765212,0.16569689,-17.902145,-0.59466857,-5.7887173,6.8684807,-0.41464496,-15.258293,2.3467293,-0.02496783,6.993137,-0.1898977,-9.232605,8.68392,-1.2763959,6.0661526,-0.09888168,-9.243381,6.242424,-2.6473377,5.9858665,-0.21936545,-10.287474,5.1949205,-2.3377042,5.413065,-0.5619455,-8.872038,4.0254765,-5.3345485,4.467646,0.056705166,-11.2750225,0.38846844,0.97253394,4.177478,-0.10980835,-4.349167,6.1704893,-3.385392,4.5248365,-0.047432516,-9.275463,2.3554013,-2.8685694,4.1450424,0.15291655,-7.984929,2.522606,-1.3412213,4.04548,-0.033299465,-6.4459295,3.7019105,-1.8849136,3.4965715,-0.07055667,-6.529329,2.4869518,-1.3661072,4.257607,1.0823652,-6.155124,3.201813,1.755753,3.7194326,0.2937024,-2.7962632,6.6398067,0.38906655601038337,3548.0469913609236,0.15834951,0.05342606,location_C,part2,clip_003.wav
-181.73567,23.17669,-0.250863,-212.76636,-155.40451,3.8752866,15.942914,-0.32494634,-19.03481,23.342106,5.3750596,11.982325,0.019003298,-11.211573,20.129808,6.0325623,12.267432,0.30531824,-9.350939,23.095402,-2.4781806,10.317791,0.019313395,-16.04814,10.175375,-7.289828,6.4652076,0.1735409,-15.446756,0.83970666,-9.044665,7.005642,0.21277578,-17.709114,0.30684996,-3.1788797,5.3825006,-0.01280647,-10.156645,3.6964204,-0.48982573,5.5530167,0.08446869,-7.6227326,6.371133,-0.25761938,6.002105,-0.08628502,-7.528165,7.425634,-1.8186344,5.503205,0.03527026,-8.799814,5.191408,-0.79972774,4.945733,0.0015083073,-7.1592827,5.5272717,-3.7821863,4.8530045,-0.37398928,-10.214538,2.356634,0.8460683,4.371699,0.030263545,-4.8450375,6.61328,-4.4476433,4.5759435,-0.13475393,-10.0600815,1.0299414,-2.802111,4.1214104,0.033293,-7.7921467,2.4658303,-0.530667,4.2112956,0.23643506,-5.808092,5.0909357,-2.446632,3.5333629,-0.08101009,-6.835925,1.9388859,-2.405066,3.4849327,0.005121135,-6.9175167,1.7804193,1.3281494,3.499499,0.0022984794,-2.9999485,5.6593103,0.4154852236421725,3691.3112269880285,0.16572164,0.04908325,location_C,part2,clip_004.wav
-148.5132,23.909967,-0.3974854,-182.9115,-119.711334,6.079084,14.689057,-0.10323836,-13.501188,23.890701,0.65387386,10.861666,-0.19837147,-13.19468,13.470757,5.151611,11.979347,-0.110931285,-11.02953,20.116766,-2.7718587,7.285281,-0.40841,-12.605885,6.2643757,-5.930902,6.1115746,0.0016781297,-13.826728,1.9450116,-8.91206,6.7347255,-0.06713624,-17.464727,-0.29935795,-4.2956576,6.998046,-0.3306579,-12.586979,4.2670975,1.1074404,5.613372,0.060919926,-6.171124,8.281367,-2.1057212,5.6058383,-0.14905892,-9.094833,4.920601,-2.0058353,5.118344,-0.10944591,-8.37586,4.324316,-1.3630786,5.046791,0.002750994,-7.8228254,4.8174534,-5.4379587,4.8389535,-0.17931743,-11.654787,0.6233404,0.61954606,4.6269445,0.16692404,-5.165736,6.847187,-3.4025831,4.0742927,0.15273137,-8.349835,1.533179,-2.3668816,3.9561317,-0.21684468,-8.027674,2.5169053,-1.4881805,4.126164,-0.040115226,-6.763561,4.0108905,-1.1011635,3.900218,-0.023105184,-6.394695,3.7960181,-1.1114687,3.575964,0.1428134,-5.6915417,3.5033166,0.5656976,3.4230216,-0.10179954,-3.7899961,4.9356413,0.39414124900159747,3555.565465663877,0.17728914,0.06255321,location_C,part2,clip_005.wav
-164.04031,22.189447,0.0572505,-191.52199,-135.22023,7.1217446,15.79734,0.10415722,-13.281729,24.996277,5.3588166,11.563869,0.37030578,-9.229204,19.786003,5.6512237,11.116535,0.1768452,-8.646628,20.545717,-0.4116387,8.566008,-0.75424623,-10.588859,10.022156,-6.4416943,6.4553814,-0.27174214,-15.341465,1.7730175,-9.0185375,6.8509555,0.0028663576,-18.04703,-0.5743473,-1.6040967,5.3619404,0.16332854,-8.446724,5.659484,1.4808618,5.5474896,-0.043418482,-5.5553617,8.805443,0.9960333,6.5267916,-0.21227026,-7.491981,8.612099,-2.5457942,5.013061,-0.23563541,-9.399876,3.7257695,-1.2611957,4.8218613,0.0136693455,-7.44788,5.025588,-3.650044,4.1994276,-0.011383669,-9.218622,1.5924817,0.5801406,4.1159115,-0.02472234,-4.787733,5.652569,-4.0795355,4.035842,-0.36616033,-9.531035,0.6560762,-2.4321165,3.8487716,0.07323325,-7.370661,2.167903,-0.7450164,3.8803618,0.14437914,-5.890587,4.1432686,-1.8719438,3.6506,-0.30972686,-6.533931,2.7252984,-1.1902844,3.1893082,-0.0009272402,-5.2748365,2.796905,0.43128034,3.275382,-0.014447875,-3.8750582,4.636959,0.3939883686102236,3577.4827299726517,0.18224084,0.07549163,location_C,part2,clip_006.wav
-166.92908,30.796799,-0.037575625,-209.99081,-126.824455,4.940057,14.372344,-0.18924154,-14.132453,24.5256,1.420139,9.575848,0.5280479,-10.57136,13.239494,4.3553796,10.994833,-0.21760568,-8.788416,18.82598,-1.0284677,7.0977807,-0.19720942,-10.179447,7.966628,-5.074111,6.041614,-0.28156576,-13.398146,2.2515955,-8.517013,6.611628,-0.017559916,-17.399315,-0.40745318,-3.0802147,5.308959,-0.1532721,-9.934779,4.009696,0.487693,4.698166,0.011886229,-5.4810066,6.2874393,0.16870601,5.3735285,-0.2989068,-7.450707,6.41865,-2.2609224,4.6938252,0.0053660595,-8.528061,3.7359223,-1.1122342,4.270212,0.26424953,-6.4406447,4.598593,-4.307638,4.6517544,0.027089197,-10.400232,1.6664542,0.4374354,4.0830526,-0.013373146,-4.7398186,5.765671,-4.353122,3.8560145,0.009432139,-9.334071,0.42188442,-2.734254,3.8968537,0.021845197,-7.685343,2.01389,-1.0921928,3.5415103,-0.038317665,-5.7582407,3.5146751,-2.0889955,3.5158544,-0.12532814,-6.7540693,2.3131027,-1.5359211,3.4154186,0.10666719,-5.7892723,2.7158716,-0.74062485,3.1819987,-0.06426354,-4.727659,3.1086102,0.4036385533146965,3590.52584378728,0.19226035,0.067760974,location_C,part2,clip_007.wav
-186.9804,19.605616,-0.08026112,-214.689,-161.95691,4.664917,18.391954,-0.30531916,-21.325333,27.64009,4.953901,14.452108,0.12254188,-13.744971,25.767498,3.6092803,10.6128235,-0.2026438,-10.349732,16.766594,0.016084287,8.836082,0.015486755,-11.432446,11.729313,-3.916367,5.737812,0.013192885,-11.319936,3.569026,-9.002209,6.375083,-0.20351617,-17.402897,-0.84691375,-4.085595,6.8625627,-0.28831157,-12.124935,4.4553814,0.47631747,5.1263084,-0.11164814,-5.702572,6.9923153,-0.35846204,5.528446,-0.21694253,-8.114228,6.2978992,-2.927173,5.090868,-0.10890484,-9.377516,3.6164117,-1.476586,4.7392445,-0.16957724,-7.644935,4.515707,-4.4435716,4.8348074,-0.1750322,-10.586101,1.7275956,-0.36802876,4.843837,-0.2131276,-6.7213774,5.6700354,-4.166192,4.1553206,-0.10300509,-9.302101,1.1330342,-2.6875668,3.9117217,-0.15359658,-7.898694,2.0553098,-0.51867396,4.252019,0.15916875,-5.936405,4.8724914,-1.7052255,4.0192966,0.084676884,-6.759677,3.2163959,-1.694182,3.6169665,-0.12550583,-6.1702614,2.7657738,0.88404405,3.8416219,-0.017397955,-4.074706,5.9607067,0.4310478234824281,3730.1386572387805,0.15289617,0.062876925,location_C,part2,clip_008.wav
-185.0077,22.34045,-0.057293527,-214.20955,-154.30952,10.095216,14.845119,-0.21636105,-8.228435,30.023838,1.268632,12.58379,0.4627049,-14.454545,17.51107,5.4125795,10.938577,0.09695185,-7.7270994,20.33698,-5.7176814,8.139144,-0.27829206,-16.38767,4.485473,-3.9634986,7.57822,-0.08048916,-14.249056,6.030824,-8.2689295,6.434402,0.10766584,-16.493967,0.059013784,-4.233623,6.0654216,-0.10901867,-12.235701,3.4050786,0.41588852,5.882902,-0.21722111,-7.2183695,7.7288065,-0.44210744,6.349211,-0.025589516,-8.490173,7.521167,-1.7631792,5.29273,-0.15236075,-8.334793,4.9999275,-3.2652147,5.1056213,-0.025045665,-9.748728,3.1114264,-4.65836,4.5166526,-0.028140746,-10.550887,1.0815942,-0.17255564,4.089362,0.001594557,-5.266101,4.7517815,-3.8479526,4.1578393,-0.09594987,-9.212377,1.3269262,-2.3176453,4.0277023,-0.17602079,-7.556445,2.9268255,-2.1332555,3.9894168,-0.054728515,-7.204136,3.1447084,-2.176236,3.6985366,-0.17958038,-7.1751704,2.4160984,-1.0848444,3.661155,0.26418418,-5.6061645,3.381205,0.26037604,3.4238613,0.022051688,-3.8597674,4.692705,0.3665744184305112,3384.9170165276737,0.16301489,0.06956901,location_C,part2,clip_009.wav
-159.29211,22.566462,0.22608806,-187.46808,-127.84391,10.145101,14.796028,-0.16383158,-8.7554245,29.237427,-0.55122,12.419781,-0.09533007,-16.304127,16.128502,6.6741004,10.509905,0.016462957,-6.499666,21.000748,-3.1351652,8.094223,-0.30350778,-13.709289,6.8589687,-7.2124715,5.731083,-0.12582771,-14.436968,-0.058482647,-8.104274,6.539076,0.05886358,-16.35694,0.013069987,-4.402624,5.698864,0.019870607,-11.94454,3.369366,1.0652238,5.0783224,-0.13322672,-5.3154216,7.516142,-0.23950677,5.6885157,0.03959288,-7.675409,6.822447,-2.062457,4.8935432,-0.17270406,-8.375754,4.291822,-1.9985058,4.5763474,-0.16958265,-7.6043043,3.6440277,-5.0689144,4.8320875,-0.17642148,-11.114852,0.8978009,1.0942063,4.1957755,0.04573621,-4.3447742,6.433446,-4.13531,3.85661,0.024776107,-9.421749,0.8494406,-2.032349,3.5432556,0.07118091,-6.545541,2.5888257,-1.4269028,3.4465985,-0.010791233,-5.6728425,2.9293356,-1.9194002,3.4913452,-0.14814357,-6.588619,2.4885755,-0.8655673,3.2912447,-0.10779328,-5.325957,3.4143562,0.9327155,3.3111694,0.039689638,-3.145006,5.335182,0.3710843899760383,3401.766086377158,0.17133424,0.05324502,location_C,part2,clip_010.wav
-170.78879,20.16741,-0.6435812,-195.45436,-147.74158,16.689528,17.378033,-0.19933116,-6.3418818,38.086273,-1.9115232,12.56683,-0.44776443,-18.801266,12.760137,10.25635,11.232113,0.44886157,-3.5232086,24.941397,-5.381194,7.479542,-0.5022533,-15.290987,3.5609283,-4.3819513,6.892582,-0.1087256,-13.0959,4.6265287,-7.9171576,6.550718,0.2583039,-16.148737,0.13523018,-4.388451,5.563278,-0.009476186,-11.599216,3.0427215,0.7024077,5.586811,0.038598936,-6.260391,7.9390645,-2.2918556,6.9581037,0.28616783,-10.897103,6.349698,-2.7919009,5.875798,-0.18955705,-10.32181,4.3168583,-0.5634805,5.088074,-0.037641283,-6.974621,6.198827,-5.143093,4.5022197,-0.20346354,-10.879995,0.38412035,-0.2130387,4.565643,-0.055668056,-5.9998446,5.391167,-4.371959,4.413374,-0.27586514,-10.33982,1.0215273,-2.4877396,4.192709,0.034715317,-7.822936,2.8620384,-0.6310079,3.9215846,0.15208293,-5.6568503,4.28419,-0.9676651,3.845378,0.040769596,-5.920805,3.9758086,-1.5797151,3.589913,-0.10500611,-6.161668,2.8244438,0.338575,3.5628047,0.011169019,-4.1218157,5.0907397,0.32795183955670926,3100.5687062075613,0.13922541,0.07188168,location_C,part2,clip_011.wav
-172.21092,25.315062,0.17370939,-203.61084,-136.65984,3.2097237,16.592459,-0.3685763,-18.269318,23.435417,-1.9090824,9.491962,0.47197014,-13.536726,10.626537,6.863079,7.850909,0.21649463,-2.6144054,16.924118,-2.3892293,7.1140757,-0.43335488,-11.899988,6.1157765,-5.645219,6.35747,-0.20020942,-13.707359,2.3317578,-10.559047,5.941164,-0.1271521,-18.407831,-3.3121955,-4.40991,6.42966,0.18888474,-12.505402,3.280242,0.7421836,5.019449,-0.23270257,-5.87402,6.876835,0.6002582,5.335747,-0.121991605,-6.4001083,7.404461,-2.3956304,5.295617,-0.20073809,-9.252422,4.062029,-2.0115626,5.0855184,-0.20895186,-8.691178,4.3298216,-3.7760282,4.818515,-0.18552074,-9.972284,2.2857342,0.91193205,4.5843353,-0.1899227,-4.625715,6.569465,-5.036615,3.9327533,-0.07778324,-10.312252,-0.23167092,-2.3931653,4.0371094,-0.07645317,-7.396371,2.693081,-1.6560173,4.278726,-0.08016315,-7.14574,3.6777372,-2.4686506,3.9557374,0.043581605,-7.546159,2.5465813,-1.7658136,3.3073628,-0.12334287,-6.1611996,2.5586166,0.37860775,3.5497415,0.17868915,-4.133033,5.0052643,0.3867078299720447,3481.292515095664,0.17764184,0.05644575,location_C,part2,clip_012.wav
-173.51888,23.836203,-0.15470915,-204.92978,-143.6153,6.34543,15.385864,-0.04873639,-15.270676,23.29924,-1.1838642,11.293348,0.22814067,-14.916452,14.918573,10.082882,10.188187,0.018053412,-2.6778088,23.79441,1.7403053,7.8420444,-0.27123958,-8.805447,11.410124,-6.487852,6.6661363,-0.24693027,-14.92147,1.8185093,-10.370141,6.622233,0.12957476,-19.063581,-1.9455442,-4.9645433,6.2217073,-0.10113908,-13.201535,2.7532713,0.66033554,5.640752,0.04363302,-6.7094445,7.615464,0.189493,5.5005713,0.35971576,-6.3720484,7.692294,-3.4645193,5.3014812,-0.29461333,-10.248253,3.2830431,-0.30606443,4.552481,-0.13246848,-6.109249,5.090485,-3.6594217,5.4294095,-0.031597618,-10.867369,3.679696,1.299883,4.457193,0.14924255,-4.1031327,7.126934,-3.7791915,4.727634,-0.06901491,-9.92281,2.6012087,-2.5180073,4.267556,-0.12251094,-7.9634566,2.8034096,-0.39805007,3.7096424,0.15873674,-4.9583383,4.437608,-2.28936,3.7032194,0.260998,-7.0270243,2.1934278,-3.1604617,3.387799,0.25612763,-7.337041,1.246017,1.0345514,3.4300706,0.109501936,-3.1412969,5.755331,0.3784912889376997,3428.4721110248074,0.16412531,0.09140875,location_C,part2,clip_013.wav
-161.39926,24.734577,-0.35349146,-194.0506,-133.7066,10.364302,14.37224,-0.2825603,-9.130057,28.754463,-5.492515,12.144521,0.19356114,-20.474869,10.5121,9.792385,10.380307,-0.33975804,-2.6356473,21.474892,-1.4488916,6.849332,0.13773926,-10.112331,7.4384093,-7.3316,6.206208,-0.00747044,-15.450245,-0.04895842,-9.106767,6.5283465,0.09485887,-17.566399,-0.7383112,-8.294765,6.7481513,0.07784425,-16.638,0.885834,-0.13797884,5.3281775,-0.20553726,-6.874511,6.858205,-2.0323956,6.107558,0.25998357,-9.85932,5.97383,-2.6286347,4.994749,-0.00064000126,-9.098725,4.0968175,-0.745932,4.820686,-0.009573918,-7.0203104,5.612247,-6.389459,4.8525715,-0.119882815,-12.805735,-0.3386585,1.4032067,4.624611,0.06011849,-4.2813125,7.581771,-2.4177759,4.5840845,0.11688441,-8.072097,3.0635705,-2.909659,4.2252445,0.056960016,-8.091059,2.3729713,-1.0878516,3.908441,-0.13583685,-6.020685,3.689002,-1.8520622,3.3699048,-0.05699689,-6.070719,2.3668427,-2.691271,3.5522082,0.013309473,-7.152411,1.8440831,1.5173125,3.3257692,-0.023198502,-2.8041477,5.692436,0.35442354732428116,3264.5175768106933,0.14261205,0.067843735,location_C,part2,clip_014.wav
-191.06078,23.665058,0.21456717,-220.39651,-158.90445,5.6274176,13.843741,-0.15895738,-13.637517,23.081985,1.6383456,11.225527,-0.41827413,-12.953962,15.433449,6.7735815,8.158872,0.286481,-3.6607213,18.244781,-0.99376935,7.9342937,-0.21091057,-11.4867325,8.913287,-1.9010988,6.7771196,-0.3470395,-11.220032,6.432563,-5.823802,6.2714863,-0.013020797,-13.976227,2.1461613,-3.4363997,6.1373973,-0.56389517,-12.298721,3.6180696,-1.1018034,5.745573,0.15127505,-8.490451,6.2612906,0.027691577,5.3571353,-0.32109043,-6.7859244,6.687333,-3.3274724,4.5502777,-0.13416359,-9.207447,2.4166837,-0.5558956,4.1926637,0.08863926,-5.931718,4.7753515,-4.235998,3.7122564,-0.024984086,-9.095274,0.4912138,0.15008771,4.1946554,0.41137034,-4.99164,5.4294605,-2.9092543,4.2448735,0.06471167,-8.327902,2.2224112,-1.8847132,3.872899,-0.051262766,-6.949149,3.0558789,-1.2327127,3.8693824,-0.13989547,-6.1253667,3.6433072,-1.2668455,3.3468475,-0.12438619,-5.43559,3.010898,-2.2883089,3.285098,-0.13435043,-6.5978684,1.8097273,0.27504483,3.468916,0.11116669,-4.0234027,4.5643835,0.4029989516773163,3525.485723430092,0.19924463,0.08270895,location_C,part2,clip_015.wav
-171.98143,20.791079,-0.38138703,-198.48534,-147.2163,3.827356,21.774378,-0.24859875,-24.962524,31.796343,2.4783497,14.000463,0.019719213,-15.945934,21.857601,11.141764,11.671642,0.3515667,-3.2642257,26.176647,0.24098448,7.086905,-0.2327721,-8.315823,9.460952,-3.8874211,7.934398,-0.28209192,-13.997953,5.9688587,-5.368179,5.8553677,0.14187881,-12.662045,2.5323715,-2.3650794,5.9354806,-0.25369608,-10.309266,5.0750475,-1.5881562,5.0748296,-0.031982336,-8.0707855,4.695184,-0.21415858,5.4405766,-0.07393919,-7.0688024,6.846204,-3.1885638,5.3312325,0.139355,-9.840633,3.7302852,-1.090145,4.611484,0.12293662,-6.9862456,4.5912504,-5.556348,5.179696,-0.22812246,-12.20085,0.7705902,-1.1527635,4.341691,-0.024001975,-6.516574,4.390231,-3.611009,4.2063766,0.087513246,-9.157751,1.8501316,-2.2007744,4.1112905,-0.15348369,-7.6459937,3.1508915,-1.6521426,3.6409278,-0.16788627,-6.391711,2.7914248,-2.466578,3.7092404,0.033728737,-6.9438076,2.1164312,-2.4568143,3.5626192,-0.08404065,-7.1434526,1.9043278,1.1203096,3.324706,0.09154227,-3.2603981,5.451468,0.3980911791134185,3511.6018850900755,0.15928704,0.04897736,location_C,part2,clip_016.wav
-193.7736,24.95477,0.14686112,-226.61436,-161.13779,7.072804,21.241337,0.05142246,-19.68435,30.870981,4.0478764,11.305392,0.49705702,-9.792815,18.937439,10.447057,12.871312,0.10229358,-4.5264835,28.020403,0.09184358,8.632664,0.13326828,-10.847988,10.873167,-3.4456744,6.8332286,0.04475033,-12.3024025,4.784569,-9.011974,7.633772,0.066181764,-19.324287,0.72316474,-3.7908,6.065601,-0.16475563,-11.254961,3.7877326,0.54026747,5.455146,0.2007241,-6.387511,7.4541373,0.50047946,5.7774544,0.042367995,-7.082366,7.7995076,-2.756833,5.274094,-0.25293896,-9.496925,3.870384,-2.5239973,5.3124394,-0.3211433,-9.739986,4.1606445,-5.506989,4.783057,-0.11134603,-11.440449,0.6015688,-0.417347,4.206961,0.0013378897,-5.8508515,4.738542,-3.530124,4.495873,-0.0027235844,-9.204545,2.1328638,-1.8302498,4.103692,-0.0901388,-7.0284333,3.2956815,-0.7648392,4.0061526,0.25073054,-5.5657897,4.432021,-1.1795238,3.7863932,0.007834577,-5.9114923,3.7085676,-2.293188,3.8348246,-0.28899193,-7.5903745,2.4073718,-0.09277504,3.5366664,-0.35965404,-4.430428,4.191967,0.3874535118809904,3462.715740772446,0.14684196,0.06815945,location_C,part2,clip_017.wav
-185.12985,23.328083,-0.5853562,-213.31168,-157.48314,1.6204464,19.62373,-0.10976738,-24.18003,26.79523,6.0268097,11.677364,0.6231825,-8.662064,19.966364,6.421654,10.937913,0.27911156,-7.34216,20.025639,0.38476795,9.202384,-0.7224373,-11.199497,10.081408,-3.0856,5.8640566,0.054037094,-10.463892,4.301024,-5.7131104,6.556447,0.29614672,-14.063976,2.3722131,-2.1066175,6.0261564,0.16328293,-9.359579,5.5425277,-0.19247898,5.1624675,-0.1293422,-6.8147235,6.3331885,0.4717455,5.4068856,0.29674694,-5.764517,7.405687,-3.508344,4.8829207,0.054789074,-9.621834,2.9721313,-1.0981307,4.7743254,-0.19278345,-7.0820217,4.911778,-4.3713875,4.3367963,0.052626308,-9.948241,0.99130005,-0.37539232,4.221881,-0.04473772,-5.6648397,4.9616346,-2.9258487,3.9766893,-0.37116745,-7.849512,1.9688839,-1.3835133,3.6524298,-0.058491506,-5.9163,3.4319048,-1.0206741,3.4166281,0.047162466,-5.2724214,3.1669874,-0.3470586,3.543665,-0.057817508,-4.9474783,3.9475112,-1.6265274,3.4997077,-0.11131917,-6.0775175,2.7386327,0.6901612,3.2689586,0.13970666,-3.5124097,4.8654065,0.4285440170726837,3804.7478327935637,0.19058919,0.05683046,location_C,part2,clip_018.wav
-173.87296,28.563612,-0.26446724,-212.37685,-138.59784,4.0813694,15.3003025,-0.3717259,-16.987608,20.754322,8.608411,11.550549,0.30050462,-6.2719355,23.84671,5.7332616,11.877675,0.4905847,-8.636238,22.74638,1.6168367,8.80351,-0.48806033,-9.888152,12.839935,-1.9106691,6.3712735,0.057626322,-10.303872,6.199514,-6.8668413,6.60561,0.26280993,-14.923868,1.6066691,-0.30550933,6.0120296,0.092707954,-8.319883,7.16008,-0.936002,4.5577664,-0.20113811,-6.8675838,4.8038654,-1.726982,6.002789,-0.15316868,-9.723804,5.8160453,-2.653382,4.9858365,0.06930051,-8.736614,3.679485,-2.7012734,5.024239,-0.2398997,-9.105091,3.404242,-4.080082,4.7582593,-0.25135034,-10.077796,2.0697408,0.36455113,4.485944,-0.028985457,-5.248702,5.924279,-3.1977477,3.7489634,0.024980528,-7.8999596,1.7931366,-2.1084368,3.7705896,-0.12188543,-7.3380547,2.7481048,-1.0911281,3.6871893,0.014517611,-5.8510723,3.639481,-0.77761865,3.7847295,0.0140563585,-5.5759687,4.111067,-1.1041855,3.2574365,-0.07844485,-5.375464,3.1687436,-0.18378012,3.1138887,0.1618881,-3.974928,3.847606,0.4347231928913738,3805.2478486440546,0.19403037,0.031215237,location_C,part2,clip_019.wav
-155.83644,19.810143,0.3664111,-179.95152,-129.50719,7.9305997,15.64565,-0.20806473,-12.956889,27.986813,-0.8369192,10.545054,0.4404905,-14.033255,12.394788,8.47086,12.096148,0.55222535,-6.38183,23.681576,1.4966786,8.0154,-0.34336877,-8.515434,11.722191,-5.50329,6.527554,-0.07202885,-13.966308,3.072792,-8.185217,7.8507586,0.50644815,-17.18092,2.059148,-5.1954336,7.2870665,0.22174203,-14.13294,4.8390613,-0.858389,6.037476,-0.09496996,-8.673021,6.9804797,-1.812263,6.8522553,0.06558126,-10.689411,6.9599876,-2.7406492,5.5333095,-0.0008135756,-9.892959,4.240779,-3.5301933,4.90418,0.23727135,-9.60426,2.7719092,-6.692095,5.422409,-0.37400302,-13.825861,-0.1778484,0.7892438,4.7054877,-0.21380885,-5.4701147,6.688698,-4.906355,5.263495,-0.052129213,-11.568594,1.7008134,-3.3979697,4.384445,-0.15971448,-8.970326,2.0109708,-1.2940506,4.1438665,-0.010420978,-6.7176695,3.9068542,-2.0032098,3.9218812,-0.16091648,-7.2967315,2.8555102,-1.0476143,3.4516315,0.13443156,-5.243,3.5031657,0.66122067,3.5476816,-0.04083485,-3.844482,5.404418,0.36951814596645366,3448.0150419485662,0.1489866,0.058423515,location_C,part2,clip_020.wav
-181.5253,22.849743,-0.10138464,-212.36592,-154.36969,1.6795257,16.133022,0.01078494,-17.911152,22.678816,-2.731154,9.51553,-0.08860541,-15.746397,9.797675,3.781252,9.948005,0.49628934,-7.75135,15.887731,-0.8056137,6.24609,-0.22046034,-8.665851,6.9475403,-7.6742373,6.4377103,-0.29126266,-16.862171,0.101493955,-9.087344,6.106059,-0.07954499,-17.189175,-1.4176455,-3.5719929,5.521671,-0.22142175,-10.614679,3.5727694,-1.2402989,5.2764797,0.08519868,-7.918485,5.7355576,0.9721484,6.409617,-0.21114738,-6.7141504,9.662687,-1.8250226,4.5651803,0.18987164,-7.5813246,4.205035,-2.4266617,4.851897,-0.089447446,-8.652475,3.495679,-4.144866,4.565687,-0.12534243,-10.031985,1.4703345,0.8284936,4.2726274,-0.04908798,-4.587096,6.08031,-4.731813,4.6935806,-0.20189326,-11.104866,1.1425592,-2.08915,3.8274221,-0.17949457,-6.9273257,2.9509218,-2.7412338,3.6008775,0.05923758,-7.3846083,1.9987892,-2.010758,3.397952,0.09360569,-6.4434166,2.5553927,-1.5823362,3.4685206,0.035805598,-5.833683,2.7551436,-0.19703734,3.6149516,-0.19203264,-4.633638,4.4159875,0.40267759085463256,3611.27249815229,0.19680706,0.07430347,location_C,part2,clip_021.wav
-169.77084,24.225008,-0.39887634,-202.86066,-141.20186,4.153049,17.300589,-0.9180958,-14.677448,24.754967,-4.993483,9.240614,0.22808911,-16.340797,7.4133577,6.9486876,10.033345,-0.16295595,-6.0654497,18.87558,-1.9480007,6.340097,0.017826,-9.615515,6.7374973,-5.7431536,6.5065384,0.24222061,-13.642732,3.0740619,-9.489842,7.2170806,0.41013968,-18.30074,-0.49929017,-4.1794176,5.402268,-0.17362748,-11.538474,2.611261,-0.6860187,5.6316795,-0.13938588,-7.9029474,6.3005924,0.120004,7.139834,0.09520674,-9.255051,9.668256,-3.181586,5.4056363,-0.14607592,-10.403547,3.4765012,-2.5049574,4.124605,-0.067949586,-7.9004464,2.7324357,-3.4167986,4.6271267,0.30954403,-8.84273,2.4017506,1.2160733,4.3842063,-0.2661318,-4.327513,6.6570306,-5.045303,3.4694793,0.0063154628,-9.416659,-0.71621466,-2.8529468,4.3679404,0.11087289,-8.42366,2.7727878,-1.0038836,4.2578497,0.118560515,-6.1283593,4.711872,-1.6441423,4.233056,-0.14463338,-7.1355267,3.6975899,-1.4410863,3.7943974,0.5418389,-5.8318863,3.2849085,0.19910954,3.316212,-0.16810532,-4.3203697,4.311689,0.3627957589285714,3385.795232584865,0.17696807,0.051830612,location_C,part2,clip_022.wav
-210.87416,42.85611,-0.499295,-257.56808,-155.51654,-12.809969,14.8238735,-0.16293271,-31.320778,5.7563057,-1.7460313,9.103746,-0.45141053,-13.443712,8.56588,-4.3477416,8.192156,0.18503632,-14.500098,6.048312,-4.6395426,6.9623103,-0.5158119,-13.824059,3.4559114,-4.8784065,7.1088614,-0.82824516,-14.624189,3.0455728,-6.4026957,5.8079357,-0.24474886,-14.201828,0.8473267,-2.3248246,5.268189,-0.078201994,-8.886095,3.946534,-3.1227684,5.0355163,-0.26675573,-9.418545,3.1086369,-1.8128183,5.1091633,-0.5208745,-8.6249075,4.1170263,-2.5724661,4.137095,-0.26990902,-8.110821,2.5055997,-0.36701477,4.113539,-0.020816147,-5.7036557,4.846137,-3.6034737,4.0888186,-0.027300723,-9.012078,1.6822867,0.52453697,4.340522,0.035822332,-4.9837933,5.9783273,-1.3383155,3.6561034,-0.28788123,-5.9919605,3.0308757,-0.9964284,3.63165,-0.04455559,-5.8741035,3.5297825,-1.6462941,3.8063853,-0.09429903,-6.2500963,3.3776958,-2.2692406,3.4668312,-0.1284467,-6.841815,2.2223785,-2.9209595,3.6342113,-0.028418897,-7.5366826,1.6226287,-1.6404134,3.1465936,0.08207277,-5.6289783,2.402637,0.5074318590255591,4137.915176641224,0.24014382,0.023633463,location_C,part3,clip_001.wav
-175.75433,28.139463,0.34701896,-207.68611,-135.27226,-6.0247293,13.783433,-0.022071702,-25.30642,12.471767,-3.5581875,11.359581,-0.61576074,-18.727324,10.221439,-4.88238,8.237335,0.56059,-14.663019,6.1647606,-6.321093,6.449649,0.11285005,-14.08902,1.800437,-6.7739897,6.021114,-0.45222992,-14.965262,0.69152,-8.78109,5.9884014,-0.096211925,-16.892965,-1.6215394,-5.9971204,5.7152367,-0.31857473,-13.589937,0.9024857,-6.4964676,4.934655,-0.10341919,-12.409475,-0.26821947,-3.3094156,5.843754,-0.4830347,-11.38274,3.4276547,-4.9258857,5.761772,-0.28212273,-12.312527,2.4867501,-3.5983207,4.899029,-0.20085743,-9.708534,2.1803663,-4.6000524,4.660763,0.66908264,-9.519233,0.76855695,-0.9689094,4.5428143,-0.46397108,-6.751925,4.633796,-1.9567794,4.1812353,0.22866431,-6.874157,3.2485542,-0.532003,4.47877,0.23414604,-5.8925514,5.4078474,-1.8528118,4.3302407,0.15928467,-7.173276,3.379232,-2.2143793,3.8650804,0.7983477,-6.6952686,2.373193,-3.2350698,3.6072493,0.0069843894,-7.9005976,1.0806723,-1.0727737,3.612232,-0.085008375,-5.6370215,3.411911,0.4597113368610224,3862.767222678353,0.20959282,0.10178389,location_C,part3,clip_002.wav
-150.22675,20.848938,0.26335213,-177.75731,-121.81035,-5.501013,12.064093,-0.16442177,-20.97071,10.74914,-1.3663527,7.5288568,-0.48977894,-12.212103,7.642624,-4.434819,8.553838,0.008076242,-14.753586,6.1782055,-5.245643,5.222144,-0.003626713,-12.078732,1.1339003,-5.256935,6.55355,-0.55036384,-13.14411,2.8143787,-8.405113,4.5890126,-0.16334382,-14.476894,-2.6577706,-3.2346008,4.454149,0.122560665,-8.813683,2.5839071,-2.129998,5.0946617,0.080361135,-8.75547,4.3253307,0.6184655,4.7171574,-0.25912014,-5.1026654,6.361472,-4.209529,5.11887,-0.1818625,-10.411666,2.1013777,-3.588987,4.2053633,-0.086506866,-8.604248,1.7117335,-4.2049727,4.1255655,-0.23154902,-9.788179,0.9940539,-0.34882164,4.345782,-0.35109422,-5.896799,4.9293203,-2.1423688,3.8006794,-0.11655374,-7.179491,2.6823573,-0.18266785,3.647313,0.1843806,-4.6754336,4.4800525,-1.3996253,3.712687,-0.11418012,-6.1252546,3.1496348,-1.5670414,3.5045662,0.18552443,-5.8383126,2.877645,-2.7828171,3.443725,-0.07417017,-7.195345,1.5913775,-1.6347934,3.4310677,0.14408599,-5.7957625,2.635939,0.4788650658945687,3922.2563439059672,0.23265846,0.07608772,location_C,part3,clip_003.wav
-179.53229,23.636526,0.47208855,-209.62537,-148.86238,-15.855163,18.390207,-0.19950636,-41.632458,7.257477,-3.502154,11.118187,-0.9594743,-16.111685,8.637726,-5.9989977,7.476766,0.18848547,-15.422521,3.9696074,-7.639335,6.557477,0.04757159,-16.114674,0.8175251,-8.849601,7.04819,-0.38551787,-17.695694,-0.11326647,-9.009209,5.762123,-0.055337716,-16.676075,-1.8515334,-5.881447,5.321357,-0.22765829,-12.62115,0.61583114,-4.3208685,5.104953,0.07602255,-10.785286,1.9021816,-1.7301039,5.32189,0.20252435,-8.297207,5.174996,-3.7300713,4.639025,-0.12258398,-9.98146,2.1801703,-3.585592,4.1075106,-0.28278401,-8.776415,1.6106865,-4.862107,4.5854316,0.031818908,-10.489758,0.92766166,-1.667903,4.665001,-0.0035632458,-7.8736835,4.632273,-2.2022285,4.095615,0.08346113,-7.4707737,2.727786,-0.98403555,3.7576277,0.100178376,-5.861349,3.772873,-2.9857159,4.350798,-0.11886639,-8.993541,2.3356233,-1.4275012,3.8902574,0.08693764,-6.3217154,3.6261177,-2.353147,4.6735945,-0.37633985,-9.0327015,3.3914032,-2.0259511,3.628534,0.068266,-6.7139673,2.4990654,0.5076377795527156,4165.572781971014,0.19691814,0.048988484,location_C,part3,clip_004.wav
-139.73068,18.616953,0.00949677,-164.69684,-116.329506,-7.7416573,12.433645,-0.13648923,-24.65139,8.590576,-4.329759,9.098341,-0.15906931,-15.425423,7.2287474,-3.9556692,9.696091,-0.36159226,-16.950848,7.8971167,-6.5773277,7.5448775,-0.17282765,-16.457296,2.8144813,-8.135799,5.6980467,0.14206162,-15.486204,-0.6217962,-8.544318,5.0886207,-0.10943875,-15.275647,-2.1485715,-2.7786174,5.304719,-0.20424995,-9.61765,4.1210003,-2.050315,5.4244213,-0.055593047,-8.722336,5.0513935,-1.0903126,5.202996,-0.005978343,-7.8266253,5.633113,-4.8539705,5.259862,0.0011213075,-11.427054,1.4304211,-2.4541976,4.816694,0.028996067,-8.463389,3.843707,-3.9392767,4.753733,-0.15798174,-9.97868,2.182187,-2.8613305,4.5534377,-0.09020801,-8.809916,2.7928443,-1.8850552,3.9297118,-0.305964,-6.8557196,3.0235882,-0.1422203,3.9249144,-0.38059816,-5.093601,4.641958,-3.2903612,3.9708993,0.21488543,-8.507504,1.722261,-1.398826,3.63064,0.08057456,-6.1203365,3.028653,-3.0864832,3.7616434,-0.151479,-7.9404097,1.6424365,-3.2794843,3.7060342,-0.42058304,-8.024078,1.195227,0.45336056060303515,3879.19392902705,0.20901278,0.09563829,location_C,part3,clip_005.wav
-182.50356,26.020407,0.20809914,-216.99673,-149.48372,-20.111372,16.199564,-0.23981476,-41.302475,0.8848716,-0.58857185,10.606746,-0.7651332,-15.9461,11.382374,-7.938594,8.285334,0.04802854,-19.067081,3.3287413,-7.5795474,6.148401,-0.23525317,-15.364224,-0.41661417,-7.2804933,6.430748,-0.052062504,-15.290384,0.9947599,-8.731597,5.1357293,-0.119496256,-15.462954,-2.3676097,-3.8256834,4.986616,-0.32442406,-10.480173,2.119277,-3.2292058,4.9263854,0.31393766,-9.320011,3.1751037,-2.204784,4.5958695,0.3014109,-8.003217,3.7052982,-2.2971091,4.7278285,0.43583193,-7.8151526,3.7349896,-1.8198764,4.5284243,0.16782579,-7.595843,3.5675056,-4.1590066,4.95889,-0.11789205,-10.256765,2.0372534,-1.1555293,4.7277966,-0.067913085,-7.268802,4.891344,-2.0087512,3.9412718,-0.18793267,-7.149971,2.8710938,0.23914161,4.1022716,0.42135137,-4.9607544,4.869455,-3.2856035,4.7452826,0.35247982,-8.845301,2.1239154,-2.2333374,4.0116205,-0.019217405,-7.424202,2.9883351,-3.409002,3.5428925,-0.051591467,-7.7276707,1.240706,-1.8201791,3.6862295,0.47498095,-6.173773,2.5332844,0.5526033346645367,4361.0204498498515,0.20710798,0.0676946,location_C,part3,clip_006.wav
-183.52943,23.817877,0.4133113,-209.26958,-152.37576,-34.327385,14.41729,0.4375495,-51.111095,-14.495753,-1.1964439,9.262616,-0.5181672,-12.918743,9.828024,-8.666492,6.7550015,-0.08304849,-17.159168,-0.21188137,-7.9064584,5.3523874,0.18114297,-14.4559765,-0.94677955,-8.329412,5.4993367,0.15119778,-15.173532,-0.7833276,-7.209747,6.102811,-0.4488586,-15.62668,-0.00020790845,-3.0462139,4.4701405,0.23293751,-8.520152,3.059682,-3.1638887,4.227669,-0.22014076,-8.610752,2.2734902,-1.843985,4.242919,0.080202095,-7.036503,3.8102694,-2.5236099,3.945646,-0.08701345,-7.513028,2.2354832,-0.8473755,4.1269946,-0.093344696,-6.0445127,4.442817,-2.5525105,4.237865,-0.048980113,-7.706599,2.6729584,-0.23791952,4.176597,0.008582456,-5.6064997,5.077059,-1.5461398,3.8443758,0.14362293,-6.2437124,3.276835,-1.329301,3.970192,0.044728488,-6.245476,3.3726478,-2.897855,3.915605,-0.0341031,-7.804229,2.1461623,-1.1727781,3.2850912,-0.19824077,-5.4938927,2.9318724,-3.5533662,3.6300497,-0.1160844,-8.538248,0.96706784,-1.7435964,3.251755,-0.3037498,-5.938463,2.2095401,0.6156883361621406,4703.921608403379,0.19935606,0.07428934,location_C,part3,clip_007.wav
-165.18347,31.030647,-0.107582875,-206.38504,-126.59121,-13.783315,15.786063,-0.16962698,-32.50812,8.001644,-2.9963815,9.020958,-0.27176577,-14.978039,8.057024,-4.153219,7.8459654,-0.16076683,-14.476472,5.305256,-7.0728526,6.044178,-0.3235003,-15.415328,0.35767126,-7.656997,6.3272276,0.20382947,-15.322171,1.3170033,-9.84916,5.198887,0.20228331,-16.296164,-3.2659822,-3.819556,5.2746887,0.13165486,-10.102783,3.1703296,-3.6921566,4.5797334,0.19114459,-9.460759,2.3790207,-2.222839,4.4166646,-0.04592922,-8.350794,3.4322066,-4.5141287,3.8514793,-0.11470778,-9.372034,0.39038515,-1.7700769,4.5765576,0.07795308,-7.4506936,4.3256445,-3.2240496,3.9173374,-0.079774104,-8.191347,1.7651367,-0.42456287,4.1641517,-0.30728248,-5.9693656,4.678472,-3.058148,3.752023,-0.03598792,-7.87076,1.8729818,-1.4308739,4.0123525,-0.34850785,-6.368661,3.4455972,-2.0202975,4.102539,-0.23556866,-7.340247,3.1748338,-0.87194663,3.405596,-0.030334806,-5.3458185,3.4767902,-1.4929209,3.4238172,0.06954167,-5.7851124,2.9768453,-0.7164731,3.825987,0.5385521,-5.2449036,4.0032763,0.5004149610623003,4059.618969271349,0.22894475,0.08747219,location_C,part3,clip_008.wav
-168.07274,22.817564,0.3719018,-196.8081,-137.77544,-7.269353,11.669678,-0.38618994,-23.211842,6.4934535,-7.119317,11.542595,-0.36832756,-24.921947,6.9743986,-10.558553,9.016652,0.010284789,-22.897953,1.3844525,-8.771254,7.0600142,-0.12871915,-18.045864,0.6879115,-9.879525,7.309562,0.52408564,-18.52866,-0.26045913,-12.545214,6.2344966,-0.27724105,-21.02268,-5.1060305,-6.6847415,5.842058,0.48178354,-13.490637,1.2142179,-2.814434,5.1700864,0.0905365,-9.210468,3.696794,-0.1702109,5.674461,0.2002476,-7.328911,7.586377,-2.8795173,5.7991705,0.21788217,-9.902924,4.6665487,-2.4047008,4.7628894,-0.020604158,-8.506947,3.9030178,-4.1059184,4.7392783,0.26741436,-10.010043,1.8038533,-2.7460809,4.7912545,-0.3218595,-9.275156,3.1834555,-4.0402737,4.4562125,0.014685504,-9.679367,1.5295823,-2.2937374,4.324257,-0.20548423,-7.931282,2.9168553,-2.7826262,4.2508483,0.15426125,-8.135443,3.0638902,-1.5330075,4.1626515,-0.11040437,-6.6451426,3.7298617,-2.3786385,3.9411795,-0.105579995,-7.3545604,2.5177975,-0.98940027,4.56023,0.19631542,-7.019596,4.6616693,0.44858226837060705,3910.00339518117,0.17667504,0.090319715,location_C,part3,clip_009.wav
-190.67699,22.940123,-0.19499002,-223.29988,-161.60791,-11.916579,14.09735,-0.61577386,-27.828238,5.9008207,0.24474975,11.570418,-0.14159928,-15.120522,15.235335,-7.1706457,11.925261,-0.4914906,-24.527342,7.484594,-5.936809,8.311778,-0.36136937,-18.51256,4.256038,-11.483519,5.939285,-0.015566372,-19.13662,-3.738045,-11.614652,6.519081,0.21042472,-20.018845,-2.9195893,-6.1162333,4.701931,-0.009853452,-12.426092,-0.02630353,-4.2208505,5.717687,-0.0626307,-11.819171,3.190536,-0.6899479,5.336093,0.007280683,-7.623206,6.218343,-3.5097954,5.318936,0.25360104,-10.12417,2.7892995,-3.1828055,4.943055,-0.21550554,-9.864382,2.9565756,-3.8358405,4.3168926,-0.12590708,-9.455666,1.8288863,-0.5304818,4.3463664,-0.13336876,-6.3904324,4.749251,-1.9413211,4.254621,0.23593266,-7.070588,3.834836,-0.6154414,3.8814037,-0.30668762,-5.4578223,4.354512,-3.097732,4.707116,-0.21827665,-9.192274,2.5064173,-1.5223522,3.765019,0.09870059,-6.2956896,2.9915767,-3.5761392,3.531225,-0.22745155,-8.1098175,0.66587734,-1.7498556,3.1406453,-0.058826208,-5.6755266,2.1960974,0.5110510682907349,4192.176194289166,0.18767488,0.052609064,location_C,part3,clip_010.wav
-170.17421,23.23641,-0.83340675,-203.98761,-143.98581,-13.129828,13.932632,-0.6670482,-32.34478,2.6534414,1.0275012,10.386725,-0.3456361,-12.656346,14.065905,-5.500558,9.098055,0.2475423,-16.066978,6.6397815,-2.8707454,5.982788,-0.33139336,-10.387224,4.506467,-9.062395,6.294078,0.048666824,-17.176365,-1.1006811,-13.371006,5.992567,0.08111661,-21.131645,-5.4053054,-5.5686398,4.790531,0.19253577,-11.2383,0.88112646,-3.0896103,5.2384048,-0.010647224,-9.896545,3.166505,-1.1819,5.2525144,0.10204972,-7.8822584,5.149708,-2.9715528,4.0922575,0.12407456,-8.253229,2.1799796,-3.3330703,4.6829,-0.34742612,-9.646022,2.3730178,-1.7295918,4.4362755,-0.08330337,-7.646309,4.091865,0.92501277,4.45208,-0.24153243,-4.9805794,6.573051,-2.9976504,3.9142184,0.04139263,-7.9675245,1.9609034,0.122468,4.1394596,0.21304578,-5.1396313,5.3941193,-1.1558539,4.03734,0.19875936,-6.1480484,3.9038725,-1.1188933,3.7281165,0.04453667,-5.7755294,3.5254471,-3.45828,3.482118,-0.13896243,-7.8177433,0.87981874,-1.5674798,3.3878672,0.15202177,-5.789562,2.7577686,0.5270957093650159,4231.759660567947,0.20091577,0.06541314,location_C,part3,clip_011.wav
-137.54506,19.965584,0.103571825,-164.39711,-110.03012,-19.791245,12.22509,-0.23579943,-35.46597,-4.1382995,0.20377304,9.195865,-0.05339833,-11.42458,12.031659,-4.5321207,8.954152,0.12083042,-15.445843,6.070697,-3.8343222,6.25592,-0.20115164,-11.757686,4.030638,-8.559751,4.78731,-0.007854085,-14.338383,-2.533452,-10.835427,5.408513,-0.14761004,-18.05133,-4.2330284,-5.4649167,4.6016746,-0.16275455,-11.426657,0.30925703,-3.2864509,4.7601905,0.025838075,-9.519026,3.056527,0.34667718,4.710779,0.14258996,-5.5758142,6.231088,-3.4232585,4.129835,0.08776853,-8.600398,1.992888,-3.4966834,3.9063458,0.18793559,-8.425253,1.4904225,-3.418153,3.975274,0.057571974,-8.378967,2.0900557,-0.13706829,3.7326288,-0.16091336,-4.8683767,4.549286,-2.2986708,3.746932,-0.3244184,-7.248365,2.38876,-1.3044102,3.7886453,0.0015255885,-5.8597317,3.5802703,-2.096846,3.6321013,0.10955321,-6.5823474,2.5427203,-0.6183084,3.269698,0.078402646,-4.8775587,3.6914294,-3.3746521,3.3799887,-0.28561607,-7.6413984,0.74489206,-1.9531391,3.3260775,0.018128252,-6.2331815,2.213983,0.558289549221246,4382.456754626825,0.23210669,0.0964766,location_C,part3,clip_012.wav
-153.77312,28.99547,-0.38887453,-190.62556,-118.576546,-4.8162346,12.799199,-0.4423392,-23.831627,10.493285,-14.16336,10.361871,-0.10333765,-28.53646,0.0033392906,-4.006357,8.356367,0.28861773,-14.282208,7.085265,-10.484393,6.9371796,-0.46981606,-18.725805,-1.564255,-7.455608,5.8925605,-0.13567005,-15.649961,-0.11395526,-11.436161,5.6487303,-0.10784954,-18.953318,-4.4307156,-5.744218,5.3407536,-0.044151623,-12.801064,1.2980694,-6.89217,6.1328444,-0.18149532,-15.355541,1.0514514,-3.246947,5.86085,-0.005684038,-10.962517,4.5075674,-1.6032249,5.2091746,0.11139251,-8.257673,5.0719023,-3.5606606,4.4319897,-0.017616924,-9.21896,1.751153,-4.6176553,5.0636,0.15706362,-11.030988,1.527317,0.17487164,4.5644965,-0.032263517,-5.9624367,6.2417393,-2.818871,4.0338798,-0.043933433,-7.970237,2.430881,-1.8891611,3.3590057,0.062131874,-6.152131,2.404058,-2.796332,3.645351,0.17745024,-7.342851,2.0361595,-1.9857501,3.5429277,-0.032255597,-6.6982365,2.6024857,-2.0750146,4.050672,-0.251834,-7.084382,2.8947532,-1.102371,3.3027637,-0.20002843,-5.3177266,3.1700013,0.4037305935503195,3513.840696396595,0.1820961,0.07271083,location_C,part3,clip_013.wav
-176.5905,33.15669,-0.093968466,-224.90384,-135.90628,-2.4633687,10.742307,-0.20937662,-17.141176,11.340811,-8.668275,9.280039,-0.10096469,-20.403534,3.0166185,-6.1594715,8.095833,-0.30923223,-17.341759,3.4038749,-7.8519487,6.9270983,-0.08616742,-16.84938,0.9690647,-6.57049,6.103809,-0.43072236,-15.105031,0.4576105,-7.746158,6.50932,0.14896007,-15.752588,1.3240722,-4.071599,5.0667787,0.042556837,-10.691118,2.703217,-5.3199673,5.7483845,0.0986657,-12.813091,2.32307,-1.7160517,5.879824,-0.10973836,-9.248252,5.858749,-1.1904101,4.122481,0.13826388,-6.4197674,4.209981,-2.2586336,4.7781963,-0.11958079,-8.6671715,3.9622736,-0.26349568,5.1330414,0.21782051,-6.8118343,6.2073374,2.7051723,5.263883,0.43807602,-3.9453154,9.5823345,-4.0640564,4.0659075,-0.008776627,-9.2624655,0.98583645,-2.9256783,4.1846013,-0.100696854,-8.411807,2.3525531,-0.13221118,4.779425,0.21683306,-5.84316,5.9586334,2.8178372,4.5750437,0.35521704,-2.4920995,9.267392,-2.3893836,3.6219146,0.045947712,-7.2734814,2.2269883,-2.9875803,4.4510593,-0.25120175,-9.308354,2.456289,0.41051817092651754,3664.8933127463474,0.18302944,0.082880735,location_C,part3,clip_014.wav
-231.08382,31.452015,0.5275593,-271.1692,-191.37949,-10.953769,12.665391,-0.5510746,-29.157251,3.1950936,-3.2584126,9.296286,-0.3550937,-15.174896,8.870165,-1.8402547,8.641742,-0.093906105,-12.5163145,8.724252,-5.5340366,7.903057,-0.2917972,-15.780841,4.520638,-6.2837257,6.2421336,-0.19268058,-14.303347,1.1028905,-10.701153,7.1892447,-0.8262224,-19.590408,-2.2069793,-2.8159184,4.737018,0.12665746,-8.649534,3.4116538,-3.6371002,5.6848955,0.18519504,-10.641139,3.470389,-1.9752134,5.4621844,-0.3167086,-9.10582,4.4426417,-1.6465592,5.4047904,1.0439831,-7.488181,4.623641,-3.0204034,4.347798,-0.21167094,-8.616913,2.3449664,-1.7447879,4.3910513,0.091651864,-7.402923,3.8987212,0.8968816,4.282119,-0.027672142,-4.7612457,6.3237824,-2.4516633,4.5695343,-0.27311724,-8.247073,3.1871028,0.83546925,4.990261,0.7112159,-4.8393965,6.7868066,-1.7384496,4.0962696,-0.1635929,-6.9606476,3.366485,-0.82669,3.8351698,0.5655725,-5.430006,3.6569207,-1.9082624,4.083701,0.16577725,-7.252336,3.1997416,-2.8114865,4.0339603,-0.5623389,-8.204536,1.9930696,0.4766795002995208,3959.9917153924416,0.21711627,0.042306237,location_C,part3,clip_015.wav
-176.80925,34.853962,0.36004788,-217.87695,-123.64578,-17.462967,14.808603,0.28918073,-34.902016,0.9847374,-8.584091,8.029061,0.25635,-18.19517,1.2990813,-6.593305,10.545902,0.04882015,-21.077677,6.995133,-9.599353,6.004625,-0.09659461,-17.744911,-1.9460963,-6.842141,6.966779,-0.16338116,-16.006187,2.6149597,-5.7576065,6.5231605,0.30658394,-13.576912,3.569626,-1.7246711,4.5002317,0.09785645,-7.332253,3.9855158,-4.986137,4.7086115,0.11198668,-10.745259,0.9196575,-2.4817472,5.085157,0.17082945,-9.020153,4.4747305,-4.1057467,4.2602644,-0.27504438,-9.830729,1.048826,0.13328212,6.106481,0.018074464,-7.3603907,8.428041,-3.6771355,4.547195,-0.107703805,-9.546578,2.1309066,-2.821824,4.758012,0.012167932,-9.301655,3.335596,-3.4242504,4.1085997,-0.03852696,-8.750094,1.7999585,-1.6725718,3.738145,-0.029787164,-6.5696516,3.1392517,-2.875398,3.7090278,0.31715283,-7.4701567,1.9391556,-0.26253507,5.0606227,0.0046185483,-6.6054068,6.040016,-1.8484038,3.8554358,-0.4981936,-6.599678,2.7419124,-3.4896812,4.201934,-0.08664187,-9.17193,1.8885643,0.4895323732028754,4015.2955595372764,0.20656314,0.09475939,location_C,part3,clip_016.wav
-144.94057,17.712439,-0.23660773,-168.78918,-121.782646,-10.083772,13.091337,-0.12112113,-27.06733,6.3397045,-6.8473997,5.9169617,0.41470942,-13.802169,0.5834049,-6.4375787,8.795982,0.09379947,-17.292015,5.1567435,-6.5543776,6.0175114,-0.2669581,-14.923679,1.2532026,-7.2237115,6.109406,-0.30692312,-15.996643,0.4195313,-8.988951,5.413769,-0.24876773,-15.451741,-2.1762254,-5.8917365,5.106362,-0.07583193,-12.288886,0.7317769,-4.4184213,4.5609756,-0.16712306,-10.280804,1.4248155,-3.7603145,4.703082,-0.14781007,-9.8793335,2.3757215,-2.0863442,4.9333777,-0.13186471,-8.287134,3.988553,-1.3620542,4.5656075,0.04773722,-7.4499874,4.115307,-4.2810345,4.050059,-0.21334699,-9.455434,0.7559318,-0.88709885,4.454991,-0.53654253,-6.386897,4.486298,-2.9726222,4.4381795,-0.2340095,-8.912604,2.5372877,-0.5475169,3.4994473,0.024213694,-5.1016374,3.952614,-3.1163628,3.77693,0.008984494,-7.9935865,1.7923634,-1.4881525,3.897987,-0.046732016,-6.236483,3.5999184,-2.6329353,3.577712,0.15085976,-7.1356125,1.8232121,-1.0648334,3.7978458,0.6371668,-5.59577,3.9054394,0.4787480655950479,3944.8794384113708,0.22511096,0.08225544,location_C,part3,clip_017.wav
-178.39664,19.849918,-0.066268824,-205.05632,-155.80328,-21.039923,12.8254595,0.66357464,-35.175087,-2.7131472,-7.364058,8.719669,-0.35903937,-18.11439,2.3856325,-8.863613,7.9577355,0.05632257,-18.946898,2.3754535,-7.572275,6.4369307,-0.18194303,-16.195015,0.7127707,-9.552398,6.1103816,0.19446324,-16.95518,-1.4327524,-10.921263,5.199924,-0.030130502,-17.780209,-3.9200463,-6.8199787,5.90286,0.5367645,-13.737664,1.1270175,-3.8766673,5.1576686,-0.15897104,-10.633961,2.4255028,-1.1651775,4.6284122,-0.03815203,-7.2915597,4.5969477,-1.7949106,4.8473835,-0.22958522,-8.520567,4.19042,-2.556047,4.7466135,0.2054197,-8.399788,3.769548,-4.0728407,4.2439065,0.07092681,-9.413233,1.6261858,-1.2225894,4.584426,0.10557318,-6.957572,4.8193665,-3.578824,4.526629,0.3082349,-8.86921,2.5866442,-1.0505645,3.4986577,-0.12082818,-5.6931915,3.5416846,-1.7483857,3.639443,0.2645762,-6.2449436,2.936861,-1.3444523,4.439331,-0.114895046,-7.002822,3.9890952,-0.9426367,4.311759,0.102770254,-6.2551174,4.869072,-0.21423635,3.5615752,0.09920692,-4.7063737,4.227639,0.5343325678913738,4250.846607012759,0.19817,0.069415525,location_C,part3,clip_018.wav
-199.02797,21.986858,0.72122204,-224.13101,-164.1806,-9.991748,11.5336485,0.034207903,-24.617306,4.703542,-3.7898612,8.398679,0.23389499,-14.318703,6.8150945,-2.6578918,8.205053,-0.19570364,-13.791605,7.342002,-7.139278,7.624089,-0.7994706,-16.563097,1.3953875,-6.935238,5.191444,-0.097065955,-13.950251,-0.30349636,-10.284552,6.284194,-0.39903292,-18.419556,-2.7343063,-3.97504,5.3000965,-0.1610001,-10.68577,2.7374225,-3.73715,4.842935,-0.09429867,-10.117606,2.4056652,-1.5391458,5.3672404,0.045627944,-7.8638144,5.5458255,-3.1991162,4.350544,-0.19219807,-8.737315,2.230525,-1.5843141,4.2221093,-0.049883757,-7.2809353,3.643021,-2.8879092,4.287651,-0.25504652,-7.981969,2.4574885,-0.38173258,4.9817643,-0.102367744,-6.9180193,5.9243097,-2.2099717,3.888719,-0.011396265,-7.3937993,2.827247,-0.5253222,3.8780823,-0.3590113,-5.3211174,4.314252,-1.2777991,3.4343355,0.0345903,-5.6952877,3.2079449,-1.4932802,3.577998,-0.20706658,-5.9972944,2.9330926,-1.5596018,3.5198228,-0.29287022,-6.2664876,2.8522944,-1.6726394,3.5310643,-0.19186129,-6.384699,2.7299342,0.474581294928115,3946.1745745859753,0.22452223,0.0757226,location_C,part3,clip_019.wav
-223.03972,24.026033,0.20065318,-255.40726,-194.09682,-7.071579,12.083704,-0.17678867,-23.620056,8.610492,-3.5437088,9.468952,-0.33024487,-16.318745,7.6111846,-0.51044565,8.7129545,-0.18834263,-10.932402,10.245408,-8.474445,6.947691,0.12976976,-17.186207,0.5674875,-6.5265846,6.3591514,-0.14985158,-14.791603,1.4284012,-11.259079,6.1276536,-0.26464635,-19.298336,-3.70448,-2.49802,5.3311768,-0.0391757,-9.753689,4.4376583,-3.1576567,5.3952627,-0.08383517,-9.568314,3.560635,-2.593131,5.8547935,-0.39058426,-10.232161,4.68229,-3.7225645,5.3413377,-0.097684026,-10.291864,2.7744768,-0.8050691,4.945895,0.037355497,-7.145404,5.4736123,-2.559949,4.5152783,0.28116438,-8.1901,3.1294348,-0.08421779,5.835609,-0.062009633,-7.918057,7.405335,-3.073127,4.0040083,-0.28395677,-8.330863,2.0932207,0.026771935,4.4372535,-0.058844976,-5.4080772,5.3178406,-2.0895736,3.97043,0.053010143,-7.1470985,3.0941448,-1.9951233,4.1469817,0.4374561,-7.07798,3.231526,-0.3280692,3.497811,-0.037861094,-4.8356104,4.2371497,-0.66438377,3.9797466,0.045706235,-5.639803,4.5507774,0.4532014401956869,3790.235770735066,0.19634733,0.06351866,location_C,part3,clip_020.wav
-185.15186,26.264883,1.162467,-212.38512,-148.17491,-15.792223,13.216468,-0.29194364,-35.172096,0.27366775,-4.624518,8.618462,-0.13787967,-16.312197,6.0794234,-1.8739774,10.106065,0.33575174,-14.566133,12.265615,-7.112131,6.584043,0.03737854,-15.244816,1.060296,-4.457219,6.165601,-0.35234696,-12.568678,2.822966,-10.965833,5.68494,0.03978637,-18.151287,-3.7396395,-3.784605,4.8286777,-0.060399152,-10.108833,2.1274676,-5.7857504,4.8581915,0.10805666,-11.778439,0.5522182,-4.626357,5.2082734,-0.053755086,-11.197142,2.1393087,-2.964513,5.868991,0.13419096,-10.7748165,4.414155,-2.4181027,4.6670294,0.19070269,-7.9986544,3.9317477,-4.546661,4.6790752,-0.28147864,-10.477335,1.3250811,-0.76024675,4.7870235,-0.42236146,-6.760165,4.8565593,-4.6888514,3.9522989,-0.112909265,-9.763519,0.21253136,-0.8646232,4.1257567,0.26391515,-5.941081,4.1207285,-1.9241217,3.8658867,-0.14697184,-6.789522,2.7691212,-1.6387758,4.0197034,0.6588553,-6.3406444,2.9493098,-1.8269577,4.1328263,0.25614503,-6.994426,3.270369,-1.4206582,3.844711,-0.29243127,-6.341574,3.142572,0.4912998577276358,4022.235398669541,0.20784308,0.03903025,location_C,part3,clip_021.wav
-225.3745,22.855902,0.83513457,-253.5524,-196.80481,-13.314664,18.012215,-1.2561481,-39.191257,4.9939184,-6.3507323,9.32795,0.25438452,-17.499014,5.1038294,-4.1768026,8.975556,-0.07180919,-15.377368,8.078307,-7.0659847,6.5700307,-0.078476086,-15.794323,1.405541,-11.557265,8.023113,-0.21378718,-22.516361,-1.3860276,-12.084587,6.8973203,-0.022022849,-21.02328,-3.1355987,-2.5027635,5.4392786,-0.043654714,-9.696947,4.411577,-5.19784,5.163246,-0.14145967,-11.847605,1.3502475,-2.3626912,5.710039,-0.031035036,-9.612265,5.1804624,-5.7116055,4.2035203,-0.11762699,-11.405216,-0.369951,-1.9893492,4.4046082,0.027414853,-7.720557,3.4496555,-2.0951266,4.701339,0.054025594,-8.234876,3.8055625,-1.8850268,5.3154206,-0.07166746,-8.563226,5.0523005,-1.9608988,3.9233966,-0.05309953,-6.947266,3.2886004,-1.2846745,4.005539,-0.014899927,-6.5443735,3.5049343,-4.991327,4.7073283,-0.31502256,-11.348617,0.6167679,-2.390829,4.408699,0.044600267,-8.117607,3.3380973,-3.4217467,4.685923,-0.1587146,-9.392968,2.3267493,-1.8996009,4.5860405,0.08918709,-7.561123,3.8417792,0.4733878918730032,3992.329217257966,0.17370813,0.02938641,location_C,part3,clip_022.wav
-233.65921,28.086323,0.06410823,-269.86478,-195.9622,-12.585177,12.735066,-0.9842461,-28.57528,1.5541205,-9.235852,11.182785,-0.09336806,-24.42632,5.206338,-7.7388206,9.232998,0.04754739,-19.299911,5.8248224,-10.287623,6.7348475,0.19290927,-18.572887,-1.0003369,-5.089007,8.963492,-0.05024476,-16.01916,5.553729,-12.832654,7.6085553,0.20916219,-22.230095,-2.3807206,-4.1318088,5.354373,-0.24928874,-11.165401,2.4537103,-3.4002059,5.8393207,0.17935577,-10.68177,4.321044,-6.432128,6.8929415,-0.34598273,-15.131672,2.1446548,-3.5489316,6.8089943,-0.05022298,-12.56352,5.252295,-5.1493387,5.581736,-0.19548884,-12.7837,1.9090056,-3.1684868,4.3697057,-0.17482871,-8.802265,2.340917,-0.4588496,5.7976685,-0.16587071,-8.027038,6.989579,-5.729968,5.401748,-0.38485473,-13.56982,0.8108857,1.3591788,5.7293954,0.21682836,-5.549713,9.4020605,-2.9655573,5.0142446,0.058849864,-9.383547,3.210603,-0.101143956,4.399515,0.7998376,-5.300618,5.103263,-0.62184024,5.835607,-0.50118315,-8.367163,6.5868864,-2.7414112,4.899626,0.523861,-8.526831,3.4769104,0.46071753943690097,3887.0863013120234,0.14980753,0.06896785,location_C,part3,clip_023.wav
-208.46149,23.786144,0.604663,-236.01016,-176.17496,-11.592828,13.038215,-0.5156289,-26.980911,3.7785454,-6.137888,8.73598,0.08805121,-17.034391,5.574753,-1.9203589,9.652298,-0.024201067,-13.532603,11.096727,-9.388182,8.574016,-0.019620163,-20.79612,1.7795906,-7.7272468,6.6763544,0.25038862,-15.886315,1.0904698,-13.586406,7.400223,-0.55506945,-23.513107,-5.1169147,-6.144695,5.7948556,0.07593037,-13.704742,1.5766115,-5.007537,6.0828195,-0.088181406,-13.128225,2.477563,-3.4664516,5.330518,0.15120536,-9.892436,3.6406646,-5.7746577,4.766243,0.4012049,-11.534795,0.53526556,-1.234522,4.5871015,-0.0613212,-7.557719,4.3033676,-2.106941,4.924254,0.4556077,-8.091594,4.6553264,-2.7231085,4.849287,-0.29153314,-9.210049,3.4606543,-1.7941059,4.337505,-0.20271693,-7.1660705,3.6813393,-0.92067397,4.1861515,-0.13353707,-6.528267,4.222272,-4.188704,4.1885448,-0.07198249,-9.642891,1.2576346,-2.6808581,4.8582244,0.021940244,-8.824629,3.7201042,-3.4473953,5.217408,0.16390014,-9.7901535,2.9171429,-1.7078062,5.463029,0.74030703,-7.927005,4.891436,0.4631355456269968,3900.5188648966946,0.1707984,0.059962336,location_C,part3,clip_024.wav
-156.12486,29.309582,0.49508765,-189.39919,-117.375786,-12.43264,12.114462,0.10503177,-28.002502,2.4185395,-4.6692877,7.6093783,0.13827251,-14.001449,5.8709054,-3.2248256,8.134847,-0.4019931,-13.792403,6.4377427,-3.4284143,5.2329516,-0.13428779,-10.12817,3.0223997,-4.5717354,5.5543895,-0.10929533,-11.994576,2.2854161,-8.329548,5.4260807,-0.57498443,-15.353091,-1.9485346,-4.3271875,4.913753,-0.2540977,-10.817724,1.855383,-4.3951755,4.601218,0.06980104,-10.147308,1.5932915,-2.7936225,4.635102,-0.16693743,-8.970242,3.0243936,-3.7764516,4.1570015,-0.05739051,-9.278501,1.5872468,-1.0691035,4.5319505,0.011295703,-6.731821,4.5387864,-3.160629,3.9576755,0.07211855,-8.206886,2.0562444,0.11057217,3.92531,0.24575922,-4.8820906,5.278775,-2.3736017,4.013171,-0.45276204,-7.268613,2.3952057,0.46331978,3.2503767,0.16126777,-3.5518732,4.7030935,-1.6662543,3.316198,-0.056102514,-6.106434,2.2021,-1.6933926,3.2838793,-0.07927695,-6.0017195,2.5223231,-2.270885,3.3373904,-0.20491077,-6.6273623,1.8043399,-1.2062367,3.2008874,-0.14793961,-5.264347,2.8559465,0.5076705396365815,4052.186800046725,0.25056893,0.081681065,location_C,part3,clip_025.wav
-182.0634,25.111284,0.93321747,-209.33649,-148.11453,-7.10741,14.748447,-0.91715753,-29.07471,9.1854925,-9.073025,11.244477,-0.59936523,-25.382889,3.690062,3.3570106,10.520574,0.40510008,-8.698051,19.007763,-7.8705916,6.8366203,-0.34955922,-17.470503,0.36414415,-7.6059937,6.126583,-0.25986615,-15.985712,-0.07435167,-8.861193,4.911006,0.10893542,-15.371759,-2.3640122,-2.8611448,4.8037186,-0.16786985,-9.275906,3.2378368,-5.8879657,6.0462914,0.018925294,-14.099743,1.7869183,-4.4459357,4.7521987,-0.26506904,-10.572255,1.1244467,-1.9715801,4.764412,0.36115825,-7.6949754,3.9708066,-3.2665274,4.6724653,-0.15730926,-9.490773,2.6809292,-3.7436523,4.160004,0.26614073,-8.885842,1.4107198,0.5719742,4.3752503,-0.21551628,-5.397627,5.95247,-3.3579237,3.9403493,-0.21099792,-8.55624,1.5907588,-0.3556069,3.581613,-0.09751113,-5.1659756,4.2488446,-2.7443156,4.2910347,0.009571358,-8.1914,3.017448,-2.0678566,3.2965522,-0.107859835,-6.197447,1.9540391,-2.246843,3.0399828,-0.069787204,-6.10436,1.6938877,-1.2903228,3.3679414,-0.39448985,-5.7780285,2.7317305,0.42576096994808305,3620.675225689042,0.19956261,0.040466163,location_C,part3,clip_026.wav
-235.62936,17.75278,0.33174178,-258.5473,-210.35538,-3.6095414,11.290661,-0.23984143,-17.072676,11.501106,-5.4325686,8.509246,0.18646382,-16.209084,5.243525,-1.0041016,10.1362705,0.12699054,-12.593964,11.939222,-6.788373,7.5955086,-0.47561273,-16.512983,1.9887592,-3.0996761,7.118858,0.26385105,-11.822928,6.443326,-9.70105,5.340466,-0.24638832,-16.836372,-3.0731955,-2.4561796,4.07437,-0.16684206,-7.7051153,2.832966,-5.0515637,4.9531617,0.012284632,-11.208809,1.3882824,-2.0091825,5.310463,-0.40034744,-8.55614,4.369215,-1.4527588,5.190708,0.7893843,-7.4234023,5.8400064,-2.913578,5.196655,-0.36148652,-9.733242,3.133745,-3.5331626,4.032485,0.235349,-8.505996,1.5521746,0.37634045,4.1260104,-0.07774036,-4.9554424,5.5670767,-2.4846206,4.0227594,-0.4805123,-7.597472,2.3465207,0.032650363,4.4976335,0.6779476,-4.9603057,5.325485,-2.3242621,3.645987,-0.11676869,-7.0336547,2.2544484,-1.9080276,3.3472786,-0.09911928,-6.1606035,2.3226223,-2.312737,3.6972332,0.34242958,-6.914459,2.3346057,-2.6522374,3.5995147,-0.23128025,-7.657019,1.820276,0.44150609025559107,3677.387549543463,0.21357532,0.06888977,location_C,part3,clip_027.wav
-208.67072,21.357716,0.114764996,-237.39131,-179.71785,1.7792819,13.132848,-0.5401538,-14.911508,18.429214,-4.700987,8.39327,-0.05937427,-15.011279,6.8098607,0.75653166,8.901988,0.07863777,-10.024736,12.759751,-5.088925,6.7599897,-0.20309287,-12.933481,3.207971,-2.1015964,6.6378345,0.057084348,-10.233199,6.062925,-10.0476265,6.0104275,0.30175006,-17.655388,-2.736758,-1.9859866,4.249506,-0.3073871,-7.6260147,3.2248728,-5.8864365,4.9810014,-0.057664327,-12.518208,0.39428318,-3.1163461,5.5171485,-0.37115422,-10.43875,3.709014,-2.7745605,5.0376062,0.4261236,-8.972935,3.6748443,-2.0620518,4.557235,0.14305352,-7.7077875,3.8418963,-3.6736002,3.9975934,-0.005180046,-8.864056,1.6148329,0.7525849,4.043369,-0.43385568,-4.2762194,5.6441083,-2.4330704,3.833453,-0.15520622,-7.417493,2.3920207,0.36616224,4.3136816,0.2108365,-4.7471995,5.515125,-0.6651332,3.657675,-0.07676656,-5.405368,3.8771977,-2.3154898,3.586523,0.0062238905,-6.9063177,2.2733188,-2.2556164,3.4546978,-0.05900054,-6.5432663,2.0814216,-1.7143534,3.6194277,-0.28132755,-6.541773,2.5835779,0.40894568690095845,3534.5952986137086,0.18537264,0.095387384,location_C,part3,clip_028.wav
-146.71648,28.838163,0.20621777,-184.22466,-106.41905,-4.2148423,10.06792,-0.32134342,-18.158426,8.5885105,-4.3908424,7.7688713,0.22206394,-13.622124,5.333784,-2.2479775,7.6541705,-0.04461628,-12.501975,7.81953,-4.6151977,5.7580905,0.39473674,-11.736795,3.224928,-5.0410066,6.0591187,-0.4186256,-12.371441,2.5247178,-9.852289,4.6063375,-0.052093696,-15.5585985,-3.9241476,-4.094961,4.6967335,0.12690163,-10.115532,2.0184875,-6.3803453,4.3878837,-0.12107184,-11.833332,-0.9034088,-3.5555274,4.567902,-0.124520965,-9.265772,1.9745507,-4.0355678,4.6789594,0.3116983,-9.93958,1.807834,-2.8737566,4.173433,-0.09382484,-7.934582,2.3628495,-4.113838,4.081315,-0.28138277,-9.504565,0.8092378,-0.30470413,4.236413,-0.16199024,-5.6963816,5.1386533,-3.048206,4.0254865,-0.07179411,-8.211507,2.0561934,-1.2686981,3.8638928,-0.14638399,-5.901658,3.378848,-2.064823,3.5628817,0.059850544,-6.6237116,2.4372995,-2.5161307,3.65137,0.08760236,-7.151338,2.1819296,-2.1095388,3.2946792,-0.047667257,-6.2944098,1.9030558,-1.503847,3.3025475,0.01745026,-5.573499,2.9747128,0.45972537689696485,3797.17929471014,0.23143063,0.09744249,location_C,part3,clip_029.wav
-227.31189,20.694553,0.42358777,-252.58926,-198.63872,-1.8158836,11.28026,-0.49157137,-16.638481,12.083448,-4.3201613,8.5440855,0.08681339,-14.1457,5.9953594,1.65771,8.053548,0.32123193,-8.264828,12.473854,-5.4776783,6.0212746,-0.7236904,-13.107744,1.346545,-1.7511098,7.9055347,-0.22045553,-12.931643,7.376528,-11.517732,5.7403765,-0.33334076,-19.197697,-4.3637514,-2.5247083,4.5572176,-0.13084821,-8.5427685,3.2844954,-4.714817,4.7558527,-0.056951214,-10.897282,1.3653064,-4.0795636,5.1365056,-0.23500384,-10.789795,2.1609807,-2.6606157,4.943288,0.49694878,-8.457908,4.2326164,-2.1769335,4.5287914,-0.40457562,-8.040972,3.4101908,-4.3147907,3.682058,-0.2194779,-8.928595,0.2629001,1.5241935,4.313913,0.036974724,-3.7431262,7.1650667,-2.805428,4.3625245,-0.35510913,-8.216865,2.639783,0.6207414,4.3094854,0.47025827,-4.085405,5.928916,-2.02198,3.7336287,-0.2275748,-6.875901,2.378189,-3.2329702,3.5331438,-0.2217722,-7.830271,1.1507863,-1.716133,3.2124918,0.2409612,-5.727607,2.1220357,-2.2659705,4.090065,-0.45881325,-7.911211,2.494738,0.43197446585463256,3633.373270655574,0.19688608,0.06843789,location_C,part3,clip_030.wav
-165.49385,21.813246,1.9606354,-187.58493,-141.13203,3.402209,12.755499,-0.25640064,-13.370432,19.773941,-5.3465967,6.2825027,-0.02858541,-13.206045,2.6272364,0.009880073,6.993417,0.03841636,-8.551414,8.7423935,-7.8100896,5.6525884,0.10948771,-15.082554,-0.7847862,-0.05360795,5.0818048,-0.005113681,-6.3258038,6.2814436,-9.216149,4.7620435,0.06350731,-15.135559,-3.1314793,-0.6336875,4.4928913,-0.1173473,-6.4464407,4.937817,-8.361806,5.0879126,0.12722933,-14.626207,-1.8316283,-2.3839576,4.895162,-0.35546765,-8.596614,3.396646,-3.4283082,4.1757083,0.14153613,-8.493366,2.201836,-1.1441543,4.638359,-0.03712472,-7.057321,5.1090283,-4.8399568,4.079303,-0.2026292,-10.094017,0.119434595,1.3324612,3.335775,-0.10262509,-2.9568639,5.6096096,-1.0921432,3.7326157,-0.11895026,-6.138063,3.4875064,-0.7491167,3.6248946,-0.103384465,-5.4502845,3.606545,-0.34524632,3.614296,0.06372366,-5.0413275,4.2440624,-2.0684385,3.3859384,0.062026225,-6.319675,2.2783384,-1.5042591,3.4524014,0.06761029,-5.6547527,2.9830265,-0.8434694,3.2789202,0.06356572,-4.949997,3.1400528,0.40566187849440893,3462.634423708003,0.2052684,0.04840855,location_C,part3,clip_031.wav
-225.42245,19.981983,0.23411113,-251.14566,-198.25418,-7.856143,10.257811,-0.18827242,-22.390154,4.6454067,-5.259583,7.1640677,-0.033603877,-14.542568,4.196761,-1.0352106,7.2072434,0.16437563,-9.760546,8.397585,-6.990673,6.206398,-0.39765024,-14.112925,0.4672132,-2.2743742,5.440191,-0.6450377,-9.7158375,4.1023407,-10.696617,5.922331,0.34352162,-17.837402,-3.3319745,-0.059836388,4.0594325,-0.19782016,-5.246667,5.1418886,-5.3810644,5.180757,0.07915385,-11.973179,1.2137605,-1.5146896,4.5761623,-0.26112515,-7.4736795,4.154037,-3.6681726,4.8381248,0.28123075,-9.402738,2.190597,-2.0418262,4.7855663,-0.7120339,-7.948763,3.350652,-3.0835686,4.045409,0.12734322,-8.039195,1.882177,-1.3132868,4.3284903,-0.52156335,-6.9800096,3.8219514,-1.6854361,4.25193,-0.43322948,-7.1986675,3.4702616,0.72734576,3.4889705,0.27624822,-3.6224747,5.130215,-1.426501,4.1339483,-0.46555892,-7.043498,3.5628994,-1.7617838,3.426968,0.1494739,-5.990478,2.6091967,-1.896631,3.4526155,-0.034801003,-6.426093,2.4128513,-2.3261988,3.7704792,-0.29079387,-6.9447527,2.4786534,0.47384029303115016,3808.014914965221,0.21909754,0.07080222,location_C,part3,clip_032.wav
-217.84132,20.534851,0.33483452,-243.51633,-190.06088,-3.2284708,11.63298,-0.58086073,-19.25822,10.307362,-5.1859612,8.432266,0.062342033,-15.050365,5.144309,0.8385676,9.721604,-0.057060596,-11.543465,12.770423,-5.9781218,6.2126923,-0.370132,-13.897098,1.6584332,-2.6293035,6.2370243,0.5919786,-9.69338,4.666265,-11.850829,6.131738,-0.32834268,-19.461636,-4.101572,-3.2320309,4.7173057,-0.2867424,-9.109112,2.5169044,-5.9211597,5.573867,-0.01920055,-12.976729,1.5370154,-2.950006,5.465959,-0.0328597,-10.072058,4.10464,-3.2592018,4.769574,0.4843771,-9.199748,2.6739545,-4.152996,5.454193,-0.37113157,-11.461319,2.4906251,-2.8791902,4.218845,0.024931379,-8.537072,2.452745,-0.49854943,4.556848,0.12876719,-6.1513047,4.900391,-3.2838635,4.4683685,-0.52272695,-8.694177,2.26065,-0.28928864,4.052777,0.17929107,-5.2052956,4.83169,-3.0471501,3.8898947,-0.2016073,-8.157361,1.9380695,-3.1388695,3.5596063,-0.14697511,-7.5100493,1.3227365,-2.441467,3.6825585,-0.13809179,-7.1747856,2.2802773,-2.6402924,3.479209,-0.10231406,-7.130707,1.7752053,0.43756708017172524,3668.6444888641136,0.19424208,0.08850835,location_C,part3,clip_033.wav
-175.01303,20.101547,0.54338866,-201.02652,-147.13196,0.47265235,12.600322,-0.43723294,-16.122475,16.03874,-6.4493084,7.5042453,0.12747627,-15.759752,3.153428,2.318135,7.4699206,0.5657415,-6.584055,11.66507,-6.610502,6.119519,-0.5772981,-13.90936,0.94138867,-2.5177279,6.270206,-0.40722445,-11.016351,4.820279,-11.141929,5.3258176,0.035176296,-17.878704,-4.3391924,-1.6958381,4.9725966,-0.11838071,-8.149899,4.579614,-7.5555105,4.905512,0.13429931,-13.755508,-1.3297288,-1.7213374,4.9987717,-0.021555344,-8.216589,4.7068152,-3.679349,4.525302,0.38981435,-9.338428,2.1260123,-1.6320605,4.2581663,-0.052350592,-7.2125373,4.0136337,-3.2775092,4.547588,-0.014627772,-9.052156,2.5319877,0.47498706,4.9154153,-0.15252498,-5.643888,6.787205,-1.9741209,4.1225414,0.052897137,-7.3684664,3.3748498,0.39988765,4.2995453,0.06604628,-5.2615843,5.882325,-0.87083316,4.1544943,0.048277635,-6.288679,4.25953,-2.8088245,3.4397473,-0.13820748,-7.2403736,1.6609585,-2.5372994,3.6368628,-0.2667613,-7.2211113,2.1364741,-2.2802713,3.2537453,-0.10215324,-6.600232,1.7267779,0.40250131040335463,3485.5617648939774,0.1901133,0.066466905,location_C,part3,clip_034.wav
-195.4395,19.83785,0.71625364,-220.07707,-169.90305,3.1706145,13.326212,-0.3591507,-12.302665,19.731041,-5.017139,7.8386397,1.2012812,-13.441536,3.1557949,1.7659128,10.49643,0.13856792,-12.021307,15.397585,-5.2314506,4.545873,-0.1029637,-10.920824,0.75723493,-3.0944614,5.27189,-0.1799041,-9.968714,3.3079526,-10.225934,6.0451603,-0.31006104,-17.686827,-3.5057127,-2.645739,4.8253894,-0.32076496,-9.165028,3.103027,-6.919642,5.0797477,-0.07576823,-13.85861,-0.20414674,-1.4900166,4.9972367,-0.10032795,-8.073122,4.6685877,-1.0357721,4.741256,0.1274743,-7.1224093,4.779449,-2.1559126,4.695936,-0.49887052,-8.35636,3.4355853,-3.3604228,4.277676,0.21428928,-8.656139,2.0734162,0.93285865,3.7868547,0.06628937,-3.9634922,5.982243,-3.7343519,4.1330004,-0.33120075,-9.03677,1.2360646,-0.62515813,3.718112,0.06292129,-5.43038,4.198103,-1.2681807,3.5167794,0.22751231,-5.6109147,2.909628,-1.9539088,3.5293484,0.069738634,-6.4620633,2.6271567,-1.7195808,3.4075565,-0.21166623,-6.2470193,2.596304,-0.30089676,3.3164387,0.013891458,-4.4422827,3.9330473,0.38948619708466453,3451.766697341783,0.19673696,0.04377292,location_C,part3,clip_035.wav
-166.82173,26.396378,0.6394384,-194.57959,-131.40286,-12.641445,13.160806,-0.44125462,-28.817175,3.5353632,-5.9036937,6.9958158,-0.5797066,-14.486079,2.730904,-5.865044,7.520683,0.69168895,-14.649626,3.501366,-5.6072865,5.3351207,0.13398284,-12.117315,1.5467756,-6.0059805,5.2648797,-0.077758096,-12.772596,0.7881575,-7.448613,5.209527,-0.17328408,-14.88278,-0.931427,-1.9596975,4.424999,-0.105182335,-7.784004,3.6569626,-4.6126246,4.187209,-0.07476698,-10.239496,0.85797596,-2.7502017,4.1801605,-0.23462267,-8.182037,2.3367612,-3.4183843,3.6362154,-0.013128487,-7.9689965,1.2127918,-1.3079547,3.8306427,-0.45384958,-6.086901,3.3168337,-3.8257709,3.8090353,-0.11885283,-8.704477,1.0873283,-1.2919474,4.005397,-0.23447517,-6.7268414,3.987207,-3.3238955,4.0925903,-0.2963319,-8.652517,1.6952124,-2.1683605,3.6946251,-0.05314139,-6.902544,2.7782745,-1.9633858,3.450259,0.40302217,-5.950944,2.1434865,-0.966228,3.658958,0.27255204,-5.7228436,3.151874,-2.4791028,3.7673893,0.86727464,-6.7732353,1.543079,-0.43327114,3.4259627,-0.09604469,-4.4296713,3.922679,0.4974493934704473,4036.1730163417706,0.26559356,0.031276204,location_C,part3,clip_036.wav
-145.77806,18.065752,0.5053802,-168.61243,-121.886955,-13.858414,9.967588,-1.0802581,-27.43158,-2.7980964,-8.576729,9.822569,-0.5763529,-23.225931,2.3017085,-13.5631,6.199045,-0.011042131,-21.54075,-5.278837,-3.999426,4.8435307,-0.15979905,-10.17107,1.8910619,-2.958645,4.6806,0.39461097,-8.472151,2.830227,-2.4835224,4.5545945,0.83209115,-7.538582,3.3401074,0.029620094,3.8097572,0.19241664,-4.937709,4.9135785,-1.7816364,4.021753,0.1124436,-6.887022,3.620974,-0.92059296,3.9013748,-0.14497238,-6.00326,3.9473813,-2.305761,3.6992679,-0.07622457,-6.762556,2.168074,-1.4519407,3.5880888,-0.13480987,-5.7498207,3.2371404,-3.3537645,3.089324,0.09824023,-7.270925,0.54573417,-0.81620514,3.0876634,-0.18703139,-4.6034427,2.795421,-1.7047452,2.9885964,0.36870515,-5.33746,2.2207935,-0.9844072,3.3577867,-0.30587727,-5.19827,2.8452353,-2.4466665,3.0677261,-0.06216787,-6.2542233,1.4250585,-0.77179796,2.5777552,-0.028480584,-4.05284,2.3813403,-1.6020594,2.8879104,0.098051794,-5.1193385,2.1179152,-0.38025278,2.8466492,-0.13823971,-4.1966405,3.475257,0.5210606598657025,4185.308702075603,0.27777502,0.044694412,location_C,part3,clip_037.wav
-189.79161,36.8857,-0.98881227,-224.37524,-142.3577,-11.120792,20.935843,-0.45585626,-42.63324,13.142519,2.9199595,9.212496,-0.11699607,-8.627167,14.590505,1.7128437,8.770827,0.0152879795,-9.438953,13.581841,-3.220692,6.867288,-0.38459238,-11.430159,4.9690547,-2.4798648,5.0727906,0.0906714,-8.959362,3.8673022,-6.05693,5.136416,0.08453695,-12.792749,0.5346478,-4.9096203,5.0935173,-0.12239644,-11.615253,1.7152748,-4.335454,4.6848817,-0.22645444,-10.199694,1.614027,-0.7906477,5.631366,-0.17121159,-8.311895,6.381115,-2.6733677,4.673714,-0.018373039,-8.843897,3.2805734,-2.5982723,4.172329,-0.18768926,-8.165028,2.4703774,-3.4679322,4.30101,-0.034876,-9.195921,2.011414,0.5830401,3.9195483,0.3041813,-4.170152,5.733603,-2.5794296,3.7055342,-0.13695939,-7.4809713,1.9898343,-0.85147613,3.4982688,-0.012678657,-5.3983936,3.4634137,-1.4409821,3.2898016,-0.07999277,-5.6874576,2.8146057,-1.3143886,3.553251,-0.2189759,-5.9483376,3.195189,-2.8053856,3.0803127,-0.14180143,-6.9079285,0.9836355,-1.6007752,3.1437578,0.12748331,-5.3987284,2.4916987,0.49548690844648563,4110.931505716604,0.22395286,0.042003028,location_C,part4,clip_001.wav
-177.21104,22.741646,0.603348,-204.9725,-148.31203,-3.8784473,12.953807,-0.44259807,-21.040676,11.8951845,3.1501198,9.214947,-0.1629018,-9.776886,14.683214,1.5054721,8.931676,-0.07956526,-9.875383,12.740811,1.2811983,6.453687,-0.3944088,-6.0288825,8.834409,-3.0669458,5.5718193,-0.36442047,-10.598514,3.8092115,-2.7979684,5.9500303,-0.2132804,-10.6504545,4.712887,0.48908433,5.1204977,-0.05562951,-6.267554,6.8020372,-2.1225874,4.904329,-0.028500747,-8.366614,4.0254364,-0.5426135,4.6613827,-0.093217805,-6.572577,5.2550316,-3.4062865,4.432594,0.27968514,-9.120419,2.2096207,-3.2369614,4.116492,0.06829973,-8.721355,1.9943326,-2.5688384,3.7525322,-0.13451836,-7.6331806,2.1911025,0.47395885,3.9116585,0.0656821,-4.525322,5.5042944,-2.211996,3.6287332,-0.28291354,-7.011403,2.2731986,0.007599967,3.7932405,-0.10159518,-4.7188883,4.745943,-1.5712074,3.4377937,-0.008753515,-5.9869113,2.7316365,0.049590882,3.1896298,0.0052654496,-3.9055617,4.174513,-2.5079277,3.007826,-0.14669374,-6.222188,1.3060544,-1.3927969,3.17311,0.22961533,-5.3913517,2.9146216,0.48318003694089456,4084.365652407495,0.24638155,0.028292613,location_C,part4,clip_002.wav
-201.69374,30.42239,0.22570273,-238.76917,-163.7231,-8.556765,13.462187,-0.4267501,-25.940197,8.334748,4.83363,9.503259,0.48793992,-6.733773,16.700151,3.3128421,7.4839706,-0.11854777,-6.8841085,12.784657,-1.6550455,6.2960715,-0.26960543,-10.234899,6.046955,-0.9767082,5.8605003,-0.06424327,-8.548784,6.722925,-3.2938714,6.1437306,-0.10973463,-11.246928,4.532814,0.1965353,6.6790805,0.023466742,-8.528859,8.718771,-2.3847885,5.5846224,-0.25984734,-9.310621,4.664336,1.3893348,4.954025,-0.3970166,-4.793347,7.4197335,-1.8636302,4.462771,-0.07337136,-7.4922056,3.9894412,-1.3208911,4.1805277,-0.08724945,-6.9755764,3.7824204,-0.95389867,4.0676055,0.14808978,-5.987197,4.3031025,2.2909265,4.1968083,0.10540412,-2.8412373,7.7767997,-1.7737865,3.9869504,0.16617371,-6.7217426,3.4494157,0.083945416,3.9145875,0.18834746,-4.816422,4.958409,-1.822555,3.62684,0.012679127,-6.4475136,2.9084387,-1.2451624,3.2356963,-0.16133615,-5.5108347,2.7749262,-2.5787191,3.253151,-0.06844383,-6.728887,1.749967,-0.8539155,2.90755,-0.0115673095,-4.615223,2.9232733,0.5030420077875399,4092.159789153314,0.24381298,0.042456836,location_C,part4,clip_003.wav
-160.25241,25.197786,-0.069385186,-193.6327,-128.42625,-7.856627,14.863166,-0.30179286,-28.91584,9.832172,4.8092947,8.224724,-0.081736594,-6.1509566,14.879562,4.0093765,8.12756,0.059395462,-5.944587,14.246813,0.31943431,5.8328114,-0.34477153,-7.214652,7.291045,-1.5906636,5.9934263,-0.6310343,-9.507579,5.4577913,-4.4683747,6.715192,-0.33598018,-13.479824,3.9496157,-0.6521616,6.561644,-0.11383575,-8.746634,7.6752815,-2.5109503,4.7950516,0.023332203,-8.646693,3.4864917,-0.41029927,5.170995,-0.10132357,-7.1696644,6.1974926,-2.955565,4.3627634,0.08694147,-8.69895,2.7131917,-2.320651,4.494369,-0.13837737,-8.165763,3.281431,-1.459842,3.8822248,0.019349977,-6.3825326,3.5543485,1.1670232,4.1561427,-0.1900529,-4.2248316,6.4138217,-2.0749595,4.2167916,-0.30852473,-7.228518,2.9272532,0.66695565,3.891358,0.09475896,-4.1576314,5.742362,-1.144167,3.8674526,0.11887865,-5.9119606,4.020953,-0.87598354,3.2991087,0.0948527,-5.0224204,3.2036538,-2.1421616,3.410842,0.21186845,-6.2245073,2.3964093,0.17443609,3.2358942,0.0010000296,-3.7333112,4.526355,0.4939300244608626,4090.562572795328,0.2393041,0.0527958,location_C,part4,clip_004.wav
-177.56631,25.437792,-0.49384412,-214.86797,-147.71819,-1.589313,12.611109,-0.29975176,-17.981918,14.808861,5.1782455,9.425379,-0.14451188,-6.683528,16.564854,2.8861096,9.048811,-0.12654732,-8.411667,13.509806,-3.5421314,7.0097713,-0.16349834,-12.695593,5.2905006,-1.9410968,5.772145,-0.25059834,-9.5332575,5.0605235,-5.7172017,5.794067,-0.38173732,-13.470692,1.46661,-1.1072674,5.808434,-0.124348484,-8.548135,5.9456444,-2.3775663,5.3306384,-0.049236994,-9.349736,4.569285,0.7154922,5.5209417,-0.15033922,-6.231229,7.571262,-1.674566,4.833146,0.31998268,-7.47178,4.9203053,-1.6505821,4.0250974,0.039778914,-6.86532,3.5529764,-2.6233284,4.488711,0.027009245,-8.333536,3.0628185,0.15746135,4.310048,-0.04381522,-5.5194454,5.8584595,-3.0173528,4.0636163,-0.041523375,-8.268637,2.0127916,0.37505406,3.7404678,-0.12837665,-4.5280266,5.1353264,-0.6801837,3.754271,0.39364892,-5.107061,4.17223,-1.0580162,3.4910445,0.041135453,-5.5371566,3.5261376,-1.5879371,3.8748348,-0.21976513,-6.561552,3.1388881,-0.9817237,3.4394455,-0.26887384,-5.3165283,3.0034304,0.45882681459664537,3857.4523293302577,0.22095877,0.086989045,location_C,part4,clip_005.wav
-153.3187,21.704927,0.24940357,-180.20169,-127.507225,-9.769134,13.200118,-0.21176511,-27.399687,6.243829,-0.37639663,8.080808,0.07655074,-10.374966,9.958227,0.5231224,7.329973,0.08911455,-8.233717,9.130349,-1.8719699,5.9327087,-0.07971371,-9.598194,5.74749,-2.4221385,5.3608503,-0.12549497,-9.510561,4.4150157,-4.276268,6.0687103,-0.23662122,-12.374201,3.239894,-2.1936638,5.6645904,-0.21074413,-9.783478,4.4147563,-3.0312266,4.822305,-0.08152433,-9.181106,3.0659685,-0.44279245,5.0581517,-0.1057101,-7.1284213,5.9086723,-2.114893,4.257259,0.15016566,-7.514637,3.2958722,-1.9445875,4.1107116,-0.041076854,-7.4680386,3.281821,-2.8804777,3.9990094,0.021681665,-7.8858128,1.8135121,0.48392,4.025206,-0.07862995,-4.611187,5.623452,-2.477215,3.9373097,-0.20730336,-7.2304363,2.618836,0.4715705,3.4708529,0.06941701,-4.1002645,4.934654,-0.9443412,3.338404,0.20449252,-5.2528667,3.1703734,0.35677207,3.4420044,0.011279,-3.9128425,4.745718,-1.8280543,3.204992,0.12216404,-5.8317604,2.3673177,-0.8089574,2.8661702,-0.0824857,-4.5286846,2.8077097,0.494416745706869,4068.2434321090323,0.25912857,0.05345079,location_C,part4,clip_006.wav
-191.31662,28.371656,0.15624395,-227.30951,-155.71803,-15.319452,13.721462,-0.22707516,-33.01676,2.1850896,5.9819164,8.469802,-0.8554155,-3.9822397,15.76475,1.3286598,8.194866,0.23063867,-8.18296,13.1395645,-0.35165098,5.741774,-0.041875336,-7.500098,6.936944,-1.3392146,5.7316885,-0.22584605,-8.997806,5.935926,-1.3429525,6.521329,-0.12345573,-9.508808,6.834266,3.753937,5.9120955,-0.42589474,-3.8200946,11.086439,0.35975587,4.686118,-0.270004,-5.9488554,6.0228252,0.9294064,5.5469804,-0.6041405,-6.462867,7.5459046,-1.6531296,4.4723773,-0.17854612,-7.199663,4.117236,-0.9517194,4.153852,-0.081549965,-6.639345,4.3799143,-0.90056646,4.330644,-0.3073074,-6.7455015,4.5450783,1.2593844,3.6933029,0.10089835,-3.3163712,6.164007,-0.987704,3.8390164,-0.023142144,-5.989972,3.9798846,0.10790676,3.6823149,-0.042015914,-4.6579385,4.948208,-1.5760401,3.5390244,0.31868535,-5.9122596,3.0319052,-0.415465,3.5168104,0.25460798,-4.717683,4.0795736,-2.4481382,3.1769133,-0.055118434,-6.3586473,1.5744585,-0.60382134,3.1220248,0.111266084,-4.635755,3.3744965,0.5502336885982428,4384.791580513746,0.23878701,0.026857069,location_C,part4,clip_007.wav
-189.54358,28.418423,0.45454687,-223.33307,-153.70116,-16.51519,12.902774,-0.18282942,-32.034492,-3.6991172,0.1459275,9.285377,-0.7605251,-10.977536,11.42211,1.4026335,7.012014,-0.10213599,-8.196426,10.299094,-1.6839579,6.3862386,-0.5369997,-8.941592,6.00331,1.7431839,5.121452,0.07220987,-4.5262804,8.379411,0.81889325,5.0176883,0.15574011,-5.532544,7.32769,5.685458,5.056331,-0.27022067,-0.68173623,11.769525,1.0239447,5.0762205,-0.2183571,-5.564641,7.3916035,3.2470102,4.464027,-0.23011516,-2.166368,8.852829,-0.2809802,4.0339837,-0.14249162,-5.3925924,4.6748424,-0.22359113,3.7613235,0.20846891,-5.165466,4.556568,-0.9436006,3.7799156,0.17686892,-5.6426263,3.695387,1.2426006,3.5996742,0.0668934,-3.2152276,5.8287954,-0.75478864,3.3606098,-0.11371271,-5.2103825,3.3206215,0.78865105,3.385792,-0.17178817,-3.835548,5.1974883,-1.4533099,3.1733236,-0.11373095,-5.586498,2.6067445,-0.42708248,3.2122138,0.06352573,-4.3234196,3.8965774,-2.5537393,3.2275884,0.0134943705,-6.6999016,1.6450188,-1.0980484,2.9121106,-0.09471251,-4.6779985,2.5605447,0.5289957942292333,4198.748430832067,0.25374353,0.038127355,location_C,part4,clip_008.wav
-190.69427,29.52021,0.46700427,-225.1894,-150.42995,-17.12502,14.1872015,-0.20331927,-35.50392,0.5170293,-2.079615,10.773573,-0.41745257,-16.434061,11.004222,3.665704,7.3784566,0.069436215,-5.7682805,13.799059,-2.8280494,5.5277987,0.19836059,-9.787304,4.571411,1.4716474,5.3384943,-0.18503237,-5.3339863,8.041999,0.9207541,5.7013817,-0.07376617,-6.6825676,7.9296403,1.4796542,5.116459,0.05496096,-5.004094,8.002864,-2.1653948,5.5633616,-0.12742992,-9.286188,4.6160007,2.149071,5.438997,-0.47797316,-5.4231696,8.695586,0.09406182,4.595001,-0.008086463,-5.8635015,5.8022976,-1.3376755,3.812002,-0.08243651,-6.27493,3.708419,-2.5903783,4.1738153,0.021459594,-7.767417,3.0234194,-0.4808488,3.5996594,-0.051237427,-5.081286,4.2407417,-1.510499,3.4860706,0.22714037,-5.7479744,3.0700634,0.8868921,3.4399488,-0.044259615,-3.4932451,5.388255,-0.6271954,3.4283576,-0.070310935,-5.0473065,3.6236172,0.112224534,3.3895159,-0.11550731,-4.455187,4.4551973,-2.210592,3.3221557,-0.033830967,-6.68921,1.8783102,-1.1099648,3.0026143,0.04118977,-4.791916,2.7189,0.5027440470247604,4106.575708520219,0.25372022,0.032572802,location_C,part4,clip_009.wav
-232.16568,29.139614,0.9776281,-266.55734,-195.28156,-10.567466,13.221329,-0.4784906,-27.674488,4.931566,1.1943618,11.040183,-0.6418023,-12.183845,14.11362,1.8245307,7.0857587,-0.018958483,-7.213646,10.933554,0.2689959,5.808835,-0.040328205,-7.0633564,7.810479,2.0501504,5.4662743,-0.16917153,-5.2412357,8.736069,1.4505541,5.5188503,-0.006093982,-5.484826,8.242355,3.048312,4.6386423,-0.020621875,-3.1792831,9.166416,-1.8297789,4.8345156,0.002021196,-7.7545257,3.8845577,1.5496925,3.8598645,0.22665164,-3.116674,6.3905396,-0.81267977,4.06053,-0.23596376,-6.042162,3.9035368,-1.1661767,3.873495,0.2438524,-5.9388137,3.8331122,-1.7178231,3.796889,-0.059865687,-6.491455,3.0731454,-0.27424797,3.9034698,-0.08808914,-5.0096674,4.811904,-2.6213214,3.4444733,-0.045592375,-6.9554424,1.9692365,-1.0073233,3.6838067,-0.22249444,-5.47414,3.5792427,-1.5436231,3.1907961,0.08601708,-5.5114794,2.4896703,-0.78621775,3.3240998,0.011419168,-5.165262,3.387318,-2.5158749,2.9740865,0.014791459,-6.31408,1.1995168,-1.1170601,3.1446834,0.25605604,-5.1591516,3.0967512,0.5097406649361023,4145.07567551433,0.2565635,0.021209013,location_C,part4,clip_010.wav
-200.0546,23.534521,0.21827571,-232.07135,-170.90033,-12.049563,9.353115,-0.08278297,-24.199116,0.0072107315,3.0351844,7.4722376,0.14896539,-6.2220592,13.1544,0.9969088,6.093439,-0.20404853,-6.4145436,8.0244,-1.0287472,5.686055,-0.058387395,-8.256697,6.036743,2.395389,5.114202,-0.0855494,-3.737951,8.814848,0.95412123,4.994978,0.30877265,-5.3155107,7.559818,4.5133567,4.6443577,0.03431784,-1.1569041,10.312078,-0.4992577,4.334483,-0.062836245,-6.1179028,5.0572577,2.3448286,4.0703835,-0.096382335,-2.8599505,7.720277,-0.15532996,3.9848428,0.28113583,-5.1786814,4.7929525,-1.5722744,4.0279026,-0.22152694,-6.6102886,3.6217985,-1.8571556,3.9648423,0.19578722,-6.8253713,3.117258,0.38738072,3.6301003,-0.103817895,-4.377365,4.9710584,-1.2450767,3.4015765,-0.12171036,-5.7278233,2.97438,0.31989768,3.3511555,0.00502449,-3.9439304,4.504905,-1.7794785,3.3959188,-0.14231634,-6.2899637,2.554983,-0.9009449,3.0852406,-0.034832392,-4.8191714,3.1479497,-2.9643114,3.1271002,-0.23756896,-6.8548975,1.0359561,-0.86704457,2.854837,0.042543057,-4.477109,2.9268773,0.5330159245207667,4244.200034414122,0.2710264,0.029367551,location_C,part4,clip_011.wav
-161.51979,21.102602,0.40723202,-189.60245,-134.69029,-5.7968245,13.398671,-0.31515422,-23.422924,11.300209,3.972521,7.9359393,0.3220188,-5.9627967,14.999367,3.8151824,5.7853565,0.19251984,-3.244446,11.181876,-4.661689,5.2715645,0.07608859,-11.127277,1.826914,3.2988749,4.8688664,0.03670035,-2.5608032,9.604862,-2.1063645,5.2517934,-0.32879183,-8.6241455,3.9784577,3.3428652,5.4123244,-0.10476038,-4.0986323,10.016317,-1.3970518,4.973592,0.102330156,-7.6761236,4.7970686,3.2928033,4.5124307,-0.10735053,-2.45763,9.355233,1.8461189,4.316075,0.11183384,-3.584685,7.184218,-1.7174115,4.0739894,-0.17746659,-7.053483,3.4606576,-0.7892919,3.7048974,0.121310525,-5.409931,4.1669245,0.31824827,3.964241,0.0853286,-4.9183216,5.4589653,-1.0222591,3.886737,0.10147347,-5.831522,4.2279644,1.2906818,3.4831445,-0.08522364,-3.3354712,5.9825563,-1.551669,3.3167603,-0.040322687,-5.8794403,2.6845193,-0.9087971,3.399598,-0.004420993,-5.4204865,3.31987,-3.3354616,3.1525135,0.060324717,-7.2877545,0.5876168,-0.7644071,2.841373,0.034498375,-4.3971686,2.762083,0.48441400009984026,3893.9876709643086,0.23720843,0.023900159,location_C,part4,clip_012.wav
-198.5752,31.910555,0.09108528,-244.97191,-158.81969,-9.307663,10.70404,-0.687246,-23.096571,3.588049,3.4511392,8.488754,-0.24029207,-7.343827,13.347388,2.3567448,6.9101696,-0.21441081,-5.9152417,10.754743,-2.9975007,5.57936,0.04594376,-10.035387,4.051449,2.962456,5.339673,0.42976,-3.4489508,9.319035,-2.388045,5.1564,-0.30989963,-9.514505,3.882225,2.4976647,5.750784,-0.55346274,-4.0552673,9.884338,-1.092977,4.855989,-0.00028112158,-7.3299017,4.937103,1.6509751,5.016721,-0.0039014122,-4.7655745,8.290207,-0.7000123,5.1527224,0.16334125,-7.2135596,6.060188,-1.5397941,4.115314,0.20428887,-7.010311,3.7245288,-1.808449,4.1793942,0.2936594,-7.0701447,3.7687452,-0.034015972,3.901439,-0.06202748,-5.050871,5.160079,-2.392302,3.7336643,-0.27408794,-7.1874704,2.4688978,0.47910255,4.0112586,-1.1556479,-3.8099246,5.1947355,-1.6665144,3.718753,-0.55686224,-6.149604,2.630176,-0.63708425,3.1752033,-0.05296923,-4.7620955,3.3695278,-2.3876834,3.2252228,-0.046932407,-6.425037,1.7392788,-0.55339265,2.7758698,-0.2724658,-4.042074,3.0006561,0.5045037315295527,4022.861360758033,0.25453874,0.06054819,location_C,part4,clip_013.wav
-163.28131,30.163393,0.07846663,-202.03893,-123.56863,-2.6036415,11.631249,-0.46558818,-17.995934,10.723035,-4.065373,9.770005,-0.0700926,-15.760042,8.050501,-1.5194823,6.080287,-0.41899636,-9.284298,5.8210173,-2.5597832,5.7441683,0.2844999,-9.250291,5.4305415,0.3662281,4.1928363,-0.00040960073,-4.859518,5.779116,-3.4021885,4.7363625,0.40633768,-9.150442,3.139658,-1.0224096,4.41064,0.05555368,-6.7735076,4.4833145,-4.8745766,5.232739,0.36651126,-11.082057,2.401789,-2.402604,4.5772786,0.22438738,-8.182231,3.6269994,-3.1575913,3.8530512,0.15058808,-7.971487,1.7569665,-2.296838,3.4852462,0.087097116,-6.5150824,2.267076,-4.0864286,4.124999,0.10380827,-9.211039,1.0238242,-1.1804556,3.83025,-0.08819019,-5.994888,3.603342,-3.368082,3.358601,0.0868424,-7.765769,0.8026737,-1.2072228,3.5373807,0.04506427,-5.641286,3.235584,-1.1082298,3.0633988,0.16144356,-4.914822,2.544311,-0.84730494,3.0057845,-0.07959636,-4.6578717,2.9557257,-1.5595101,2.8150413,0.0385165,-5.2818956,2.157536,0.070812754,2.7753587,-0.02014047,-3.4462068,3.6926394,0.45745089107428116,3772.8098794716716,0.2576086,0.03687884,location_C,part4,clip_014.wav
-210.60402,21.302864,0.3872343,-238.21175,-183.26886,-9.8492365,9.384517,-0.3544224,-23.193512,1.3889694,4.9984636,7.5358267,0.15753561,-4.156501,14.580778,-0.12249067,7.3959637,-0.770866,-9.002308,8.863427,-2.547629,6.426718,0.6067965,-10.1471405,5.2012987,3.3939776,5.167378,0.12420404,-3.0161295,9.802246,0.547923,5.4898686,-0.4152797,-6.1513057,7.0379596,7.2159424,5.1299443,-0.060566045,0.7456603,13.674898,-0.38312858,5.0487227,0.1987889,-6.7052426,5.6700907,3.7874916,4.2573657,0.108647175,-1.5595493,9.188539,1.3754628,4.2632484,0.09279433,-4.0812597,7.086227,-0.86271846,4.241168,-0.11041312,-6.2245846,4.5217676,0.71176,4.2846575,0.111266054,-4.7893686,6.1590376,1.1233586,4.223254,-0.050222177,-4.125454,6.480175,-0.4632461,3.7173617,-0.12931705,-5.151895,4.3728914,0.7782035,3.623137,-0.087290525,-3.8281956,5.4343424,-2.0429018,3.49629,0.25471073,-6.339164,2.2483344,-0.6724651,3.2414396,0.1730849,-5.0180407,3.3473697,-2.9642498,3.376874,0.109156124,-7.3189282,1.2198584,-0.7821208,3.489552,-0.66984296,-4.8311496,3.2234402,0.5342951277955271,4180.259975646386,0.22417438,0.033315115,location_C,part4,clip_015.wav
-232.99763,30.52751,0.22128527,-268.22906,-191.47702,-13.0315895,17.063402,0.019714417,-35.75437,9.413915,-0.075928286,11.09468,-0.15138483,-14.737362,13.775349,2.1783366,8.052936,-0.2506521,-8.687679,12.0882015,-1.2355162,6.55831,0.052821007,-9.224332,7.3842087,-0.0041467627,5.802832,-0.16659795,-7.348636,7.2753267,-2.4428494,6.680282,-0.1445895,-11.1643715,6.01735,-0.22689901,7.6805773,-0.015191428,-10.167793,9.692932,-1.3074263,5.783688,-0.010306212,-8.95624,6.0646286,2.4694967,5.218468,-0.07099211,-4.120795,9.357033,-0.68815625,5.1907926,-0.02918128,-7.1465673,5.885744,-0.9746292,4.5405326,0.12408991,-6.9627905,4.625674,-1.3431551,4.151717,0.053211834,-6.585191,3.7053456,0.9494093,4.176122,-0.07942388,-4.4168262,6.265051,-0.7317084,3.8116376,-0.05931697,-5.7404213,4.2480474,1.4057018,3.5216062,0.01868304,-2.9146404,5.71993,-0.73521096,3.884887,0.17760563,-5.4070907,4.101705,-0.19305067,3.636074,0.25761026,-4.6278086,4.410818,-2.253036,3.4212737,0.28609455,-6.6003966,2.285283,-0.9933041,3.3455908,0.21725082,-5.1518774,3.2683036,0.5011403629193291,4072.294302590788,0.23039289,0.013831632,location_C,part4,clip_016.wav
-187.88927,23.07404,0.88191,-214.42155,-161.08957,-15.106971,14.363274,-0.519921,-33.1912,2.368141,4.006751,10.095101,-0.45050046,-9.694227,16.531612,2.1885164,8.19245,-0.13289168,-7.988178,12.963919,1.0910869,7.225533,-0.2593572,-7.629117,10.234116,0.9426366,5.291154,-0.26749235,-6.0012,7.42456,-2.4289134,6.3766117,-0.08474519,-10.827789,5.8226953,3.5383232,6.2046514,-0.35064825,-4.774032,10.755817,0.7850746,4.933964,0.017835459,-5.7328234,7.2486343,1.4383601,4.761224,-0.17116185,-4.7363024,7.374156,-0.8937299,4.1991863,0.08750743,-6.3029985,4.597459,-1.041598,4.6712623,-0.06545222,-7.053824,4.9399805,0.49120644,4.5926404,-0.28652796,-5.798499,6.14072,0.8359572,4.013667,0.0452763,-4.092422,5.993951,-1.4497794,4.1234603,-0.11662174,-6.6168957,3.6499674,0.70541894,3.4412184,-0.010529337,-3.621431,5.1965575,-1.9904785,3.8102107,0.17547354,-6.6402164,2.5887952,-0.25814682,3.4983778,-0.04209874,-4.8419876,4.1473856,-2.8365116,3.7925668,0.05843061,-7.6853485,1.7963564,-1.1016569,3.0603862,-0.020755917,-5.0322876,2.92835,0.5335666059305112,4285.255040827222,0.2251272,0.021130675,location_C,part4,clip_017.wav
-249.26399,29.375797,1.2431449,-281.16904,-214.06667,-15.69794,13.872548,-0.28647783,-32.925964,2.218888,6.325517,11.743115,-0.6837303,-9.328142,19.806118,2.4630306,7.256706,-0.027263554,-6.983081,11.854839,-0.057188973,6.140024,0.06940162,-7.9590025,7.9867797,2.5991461,5.902337,-0.022191,-4.669464,9.831633,-1.3088903,6.2562313,-0.16130097,-9.340088,6.5799656,3.6597834,5.432299,-0.20092234,-3.3616676,10.338476,0.4029445,4.587464,0.013911585,-5.162581,6.01194,1.0741363,4.897964,-0.06768534,-5.2432795,7.37805,-1.7485098,4.5345535,-0.28109345,-7.628038,3.907569,-1.337789,3.8310823,-0.08015969,-6.1497254,3.434173,-0.45823646,4.03836,-0.13915248,-5.6763973,4.652393,0.09783593,3.8845267,-0.31056014,-4.5716276,4.796087,-1.7507948,3.9853823,-0.17011192,-6.8104897,3.43329,0.102858484,3.7142916,-0.26391393,-4.47279,4.6980186,-2.0678647,3.4603307,0.0055786083,-6.4109936,2.5019474,-1.1226054,3.208778,0.07522481,-5.304861,2.9495173,-2.8817055,3.383733,0.10133361,-7.1189413,1.2727163,-0.44188294,3.1781557,0.06267225,-4.4256063,3.4104471,0.5385133785942492,4352.217666433983,0.23024386,0.017152106,location_C,part4,clip_018.wav
-129.0834,20.499403,0.22110225,-153.88701,-101.77942,-16.331446,12.702305,-0.11291904,-32.58537,0.86006904,1.9141908,9.380422,0.21223964,-9.671837,13.028534,4.8274546,6.711363,-0.24365816,-3.3693407,13.020397,2.1576827,6.5220847,-0.3073157,-6.6493874,10.234435,1.0921729,5.709825,0.17801988,-5.974094,8.06584,-0.0716543,5.7847357,-0.085191935,-7.6314116,7.3554926,0.024307113,6.061616,-0.05370486,-7.5246983,7.958951,-1.2975554,4.748898,0.37000233,-7.275831,4.5734296,1.7320534,4.451638,-0.34419903,-4.291087,7.0335717,-0.6599853,4.3608274,0.10733275,-6.2066073,4.8147726,-2.221181,4.2329125,-0.09211315,-7.8095613,3.2076774,-2.9470031,4.0982485,0.05013904,-8.13014,2.4328783,-1.307942,4.1514173,0.10587555,-6.3941727,3.996238,-2.366378,3.8236237,0.092203334,-7.011754,2.6435423,-0.15511855,3.4007518,0.053651754,-4.4891853,4.09909,-1.9513158,3.5175343,-0.0035560376,-6.523263,2.5490584,-2.0322824,3.4939294,0.1948576,-6.429709,2.5820699,-2.846924,3.1724792,-0.027384168,-6.971506,1.1430807,-1.5291648,2.820444,0.047460407,-5.183523,2.1004777,0.5185110073881789,4209.272010209159,0.2688745,0.07232256,location_C,part4,clip_019.wav
-179.23904,25.649,0.49607158,-208.67781,-143.394,-18.138248,13.6013155,-0.1292216,-36.296684,-1.3582802,4.135442,10.815322,-0.258829,-11.572708,17.321487,5.0364666,7.641372,0.0008017328,-4.577829,14.649569,0.22191057,5.5522013,-0.05739058,-6.9050245,6.9211645,3.7983518,5.473794,0.3288835,-2.8249161,10.657885,-0.31628922,5.524997,0.04692448,-7.3106737,6.9502554,2.2418504,5.650928,-0.029980844,-4.9798365,9.292711,-1.0421634,4.872143,0.10229423,-7.161124,5.4803276,1.9428034,4.7584987,-0.34911758,-4.0322647,7.741055,-0.9535166,4.7999744,0.073012486,-7.1446347,5.2674417,-1.8817065,4.1322703,-0.11818173,-6.8682766,3.342872,-1.5951762,4.12788,0.033051506,-6.683118,3.6049714,-0.18684112,3.9325185,-0.14958099,-5.0057783,4.8756595,-1.084578,3.7821798,-0.263561,-6.164877,3.7427428,0.7785615,3.5466366,-0.020048067,-3.8946733,5.1737432,-2.0515447,2.989929,0.17832315,-5.6444955,1.882632,-1.4742848,3.2918632,-0.05856018,-5.6535087,2.6322594,-2.0248113,3.4532216,-0.09183922,-6.4226074,2.4278436,-0.71165115,3.090706,0.063184306,-4.5085216,3.2656481,0.5319254817292333,4245.992654286395,0.23988105,0.07053101,location_C,part4,clip_020.wav
-167.74994,19.12449,0.23013587,-190.65572,-144.20822,-19.598557,12.305044,-0.2796316,-36.439014,-4.7441187,-0.8481856,11.134204,-0.2087915,-15.744114,13.688277,3.1978636,7.1140037,0.016427811,-5.6482735,12.512722,0.55207527,5.357871,0.048826672,-6.431286,7.1946955,3.0158947,5.566947,0.15954162,-3.5452952,10.169941,-0.88352716,5.295101,0.15178995,-7.3168917,5.437971,1.183247,4.9440427,-0.20742802,-5.294857,7.543765,-1.1626836,4.3686576,-0.3895399,-6.8252068,4.2339764,1.6279447,4.4802575,-0.071052045,-4.426183,7.179269,-0.7483776,4.7178445,0.06595111,-6.828417,5.3718867,-0.88231146,4.227054,0.105932675,-6.4169574,4.4846077,-2.3674955,4.1009884,0.24319284,-7.61709,2.6871622,-0.7997947,3.8283503,-0.17307153,-5.507004,4.143224,-1.4176449,3.818631,-0.05450441,-6.1249075,3.4998803,0.76748115,3.388748,-0.12800248,-3.7347436,4.961256,-1.7765646,3.1477025,0.23666319,-5.608748,2.306583,-1.1998991,3.5252867,0.16868293,-5.559507,3.143346,-1.7018412,3.3261092,-0.0963982,-5.9090853,2.6018248,-0.74650615,2.8337545,-0.058667902,-4.2203283,2.8408318,0.5279271914936102,4200.005626307695,0.25184488,0.050630763,location_C,part4,clip_021.wav
-244.64798,32.77757,2.29347,-270.8624,-211.91833,-16.53876,12.708842,-1.0706606,-32.000473,-2.9983969,-1.6965427,8.076022,0.06967565,-11.538582,9.157291,0.43207428,6.426338,-0.37259355,-7.9996796,8.552953,-3.8270328,5.6024604,0.23643745,-10.932018,3.42916,1.2004386,5.0211225,0.18756412,-5.317136,7.502944,-3.4527812,5.7009406,-0.16939637,-10.743815,3.9574394,2.887947,5.8417044,-0.23056357,-5.073348,10.060527,0.43837243,5.2155666,0.08651076,-6.3026347,7.3664217,2.121422,4.114616,-0.0777505,-3.3062549,7.359426,-0.42378622,3.8831377,0.11508328,-5.2718525,4.5835104,0.056849904,3.7381773,0.12424102,-4.6353273,4.8348565,-0.44532058,3.9990463,0.10740092,-5.3897943,4.6711226,0.43675527,3.7852273,-0.16140902,-4.6246924,4.999203,-0.9890366,3.7263799,0.019888569,-5.671277,3.6043673,0.52358836,3.7198508,0.025543328,-4.1806087,5.291102,-1.4413562,3.1685526,-0.14466035,-5.5649137,2.7037663,-0.8518712,3.016549,-0.08583058,-4.8767323,2.8360863,-2.1249228,3.0121307,-0.04048542,-5.9871435,1.7212665,-0.72519034,3.0448947,0.09506041,-4.649888,3.2161798,0.5244624226238019,4138.9143940165995,0.24798413,0.021756526,location_C,part4,clip_022.wav
-177.7975,29.286373,0.5236567,-211.81305,-137.13959,-21.488365,15.931157,-0.086718686,-43.92339,-0.03708095,-9.35395,11.879974,-0.024620272,-25.38273,5.9749207,-2.7414458,5.660844,0.17431642,-9.812127,4.7689614,-0.6637775,4.4244666,-0.028220845,-6.4585323,4.862741,5.157469,4.5381646,0.030784853,-0.16741619,10.899795,1.5026448,5.909128,0.01389731,-6.4571924,9.357389,-0.18802918,5.3631506,0.2817372,-6.7647,6.86395,-0.6831813,4.0601983,-0.17148876,-6.1480374,4.506841,4.0644293,4.053528,-0.024019979,-1.2483342,8.981478,-1.908793,4.9672556,-0.29131833,-8.556564,4.4463863,-0.7624329,3.6828291,0.036760874,-5.6485286,4.185015,0.1791859,4.0677347,0.18369992,-4.5027156,5.4124675,1.1915299,3.530361,-0.15687329,-3.094612,5.497598,-0.2577907,3.2068489,0.12281797,-4.297994,4.0909305,0.052431867,3.1060343,0.00058715016,-4.043297,4.345915,-0.8192858,3.4936986,0.07135691,-5.236587,3.5537376,-1.1378192,3.074108,-0.055484597,-5.2149153,2.646667,-2.8873434,3.1642265,-0.10543772,-6.5681915,0.92104244,-1.4004902,3.0790348,-0.022068026,-5.5583267,2.4123998,0.5084571589052288,4099.796573596507,0.2551034,0.01711569,location_C,part4,clip_023.wav
-160.7894,18.595615,-8.05245,-172.36707,-145.42992,-8.614156,6.2552323,0.26513422,-15.8278475,-0.33894163,27.14292,5.6961956,-0.7748651,20.213234,33.752228,2.7670596,4.9113364,-0.1765232,-3.2620363,8.447928,-0.8739813,4.9998326,0.49900392,-6.798918,5.45592,4.00139,4.223321,-0.09203594,-1.5387827,9.301684,2.0628095,4.244133,-0.18574919,-3.3175063,7.633164,5.2554045,4.243621,-0.25789037,-0.19245028,10.2307625,2.0540445,3.733036,-0.097975,-2.964003,6.762885,4.384978,3.8994653,-0.15499625,-0.78853,9.241734,-0.72560877,3.7310016,0.11075754,-5.385455,4.0357537,-2.7246137,4.278304,0.13330057,-8.068196,2.8583434,-1.6269697,3.370954,0.10739869,-5.8815584,2.8469636,2.1787322,3.193834,-0.07018209,-1.8845769,6.2962623,-2.3502936,3.2584345,0.15999697,-6.600292,2.0146444,-1.4965173,3.1333942,-0.06302152,-5.489594,2.637905,-3.107679,3.0766819,-0.16461973,-7.1181717,0.6905985,-0.18405928,2.9663444,0.049996864,-4.0072484,3.6538353,-1.3787056,2.9260573,0.06069429,-5.2124567,2.5715556,0.25547287,2.6468441,0.09813123,-3.186297,3.6208344,0.5997560153753994,4551.831198025326,0.22608009,0.03356116,location_D,part1,clip_001.wav
-132.66385,8.214987,0.68033755,-141.9936,-120.48425,-8.603628,5.8417583,0.17205517,-15.917742,-0.68471587,26.628256,4.8778386,-0.23649828,20.421423,32.492493,1.9883052,4.1352925,-0.12218415,-3.3264887,7.134781,-2.1057982,3.9726233,-0.04842234,-6.8962946,2.9224796,4.172134,3.8546963,0.09799517,-0.91098225,9.126357,2.8112445,4.081079,-0.06087907,-2.2586246,8.05677,5.547983,3.8114398,0.01713406,0.65282476,10.393577,3.3030357,3.723773,-0.03694489,-1.5604992,7.831616,6.2403703,3.4967005,0.0077741886,1.8081659,10.754565,-1.5634534,3.5805743,0.11822428,-5.928658,2.8698275,-5.352469,3.7273297,0.18233475,-10.093344,-0.5506122,-1.9767144,3.428497,0.24905325,-6.218154,2.2883718,2.5927005,3.1860075,0.10172301,-1.3823469,6.715831,-2.0059114,3.1284666,-0.19942585,-6.1163025,2.0825427,-0.68809396,3.3251164,-0.070713565,-4.8141,3.6308954,-2.7697687,3.0473044,0.083980665,-6.656468,1.4739141,-0.6864495,2.9967313,-0.01717839,-4.6188574,3.070108,-1.8995277,2.9541247,-0.20472907,-5.6706066,1.8230488,-0.5579649,2.9248972,-0.14465873,-4.209634,3.1249645,0.5977560902555911,4534.679992786622,0.22628799,0.1748564,location_D,part1,clip_002.wav
-170.04546,14.578997,0.4692724,-187.67004,-150.74643,7.5529118,7.7337565,-0.33074012,-1.9970524,17.588697,10.552807,8.109324,-0.8578396,-0.39044774,19.62495,3.0267496,7.43898,0.41846353,-5.4334936,13.61198,-2.4033725,5.106213,-0.52462745,-8.56592,3.7759056,-0.5968211,5.8583775,-0.5877685,-7.7393694,6.1044626,4.840631,4.4193063,-0.20886059,-0.6714124,9.896507,7.440184,4.8661733,-0.39779818,1.0241354,13.246477,3.6680136,4.4323626,-0.053189144,-1.739165,8.949633,5.9436812,4.855204,-0.28497753,-0.2166717,11.721333,-1.6326549,4.313624,0.2835041,-6.7769833,3.8724058,-4.1767063,4.4580545,0.16050553,-9.878559,1.9263791,-0.85225284,4.228281,0.31420997,-6.002833,4.436299,1.8037456,4.076345,-0.19464032,-3.3107042,6.801985,-1.8831882,4.0452995,-0.44700173,-6.8665648,3.1161861,0.07589859,3.6418498,0.11944117,-4.423737,4.5276766,-3.7314215,3.2432055,-0.08709455,-7.7648897,0.2873165,-1.6868492,3.3365736,0.0659992,-5.7170725,2.603281,-1.116458,3.1845722,0.27852562,-5.1718907,2.762473,-0.15154319,2.9035437,0.15289342,-3.835253,3.4443307,0.4129268170926518,3633.35495330764,0.23247601,0.1099335,location_D,part1,clip_003.wav
-160.64497,10.018039,0.5455171,-173.49681,-148.50443,22.346914,5.4700947,-0.29390737,15.807425,29.010723,13.530767,6.1289296,-0.66197413,5.691916,20.65168,2.931929,5.426022,-0.06914446,-3.9293518,9.59185,0.6090628,4.6497993,-0.154197,-5.244067,6.207733,0.6357293,4.581115,-0.04354547,-5.134096,6.2837267,4.880751,4.39608,-0.07882841,-0.53382206,10.383277,5.78864,4.154774,-0.19145766,0.35458183,10.8561,2.7760139,4.0124426,0.22988491,-2.317153,7.7378254,5.6677847,4.1554008,0.42202294,0.514013,10.488245,-4.419464,4.038521,0.19885488,-9.490329,0.73528194,-4.599401,3.9767277,0.1754625,-9.727089,0.55598897,-2.0490499,3.7677116,0.024013195,-6.6797237,2.7606473,-0.22240426,3.3768106,-0.10555833,-4.526858,3.8822262,-3.504034,3.5783513,-0.294095,-8.010433,0.79750276,-0.8520481,3.4208376,0.13191156,-5.328788,3.5555694,-3.592788,2.9262898,-0.14870356,-7.267655,-0.025325656,-2.1468673,3.031548,-0.06505055,-6.12609,1.6651866,-0.49533728,2.9623246,0.04420125,-4.402885,3.2597523,0.3303828,2.937219,0.17253776,-3.2694814,4.1528397,0.29258030900559107,3120.0768380927834,0.16889589,0.12731668,location_D,part1,clip_004.wav
-134.53859,7.7756243,-0.22227693,-145.11133,-124.95023,12.146385,9.248821,0.16940404,0.55665743,24.524914,10.337006,5.0082164,-0.4303073,4.3673053,16.383018,-1.809235,4.309387,0.09072512,-7.3561945,3.8887973,-3.5249665,4.4943514,0.364664,-8.904898,2.275158,-1.4235128,3.9344134,-0.3226701,-6.511196,3.4810529,2.758218,3.4633648,-0.040119488,-1.5916277,7.0333962,5.0350103,3.6122422,-0.047367707,0.33625185,9.6753235,2.2217133,3.3891323,-0.079119325,-2.2304306,6.7816396,5.5396047,3.9344206,-0.17209232,0.13275385,10.414467,-4.959265,3.7453582,-0.014087174,-9.799923,-0.139533,-5.3496785,3.4889438,0.055136487,-9.810038,-0.87794214,-1.8987619,3.2876563,-0.058014877,-6.1691203,2.2432775,0.5150439,3.2314677,-0.113173686,-3.4844646,4.663604,-3.0270379,3.2600248,-0.19023831,-7.2524457,1.1779326,-0.84891707,3.0073595,0.1299895,-4.666456,3.0170076,-3.7145846,2.966337,-0.0020356358,-7.5829873,0.04710777,-2.3937366,2.8712726,-0.044777513,-6.0190754,1.3349826,-0.8488506,2.759299,0.075172186,-4.335087,2.6443748,-0.44437343,2.801471,-0.03018043,-4.044778,3.2330306,0.4032423123003195,3566.636606465215,0.25032872,0.08393841,location_D,part1,clip_005.wav
-147.63904,8.555904,0.26293275,-159.28809,-137.10532,4.1517653,4.94202,0.29649132,-1.8363384,10.686956,11.30875,4.4822435,0.11431494,5.5817685,16.660374,-3.5212474,3.7298162,0.05229461,-8.122452,1.2406814,-3.7535844,4.241825,0.12794553,-9.104528,1.7760835,0.057289846,3.906334,0.09183854,-4.948322,4.7015753,1.5972205,3.558157,-0.086429015,-3.2919605,6.0681696,5.6284475,3.8393588,0.02240111,0.7159191,10.395854,3.5593898,3.331107,-0.2292073,-0.65198994,7.7577515,7.0303226,4.974765,-0.31823584,0.23811609,13.024229,-3.020673,3.5785902,0.13747025,-7.472169,1.4479773,-4.4585385,4.027576,0.20530625,-9.427154,1.0049325,-1.054177,3.2922592,0.021809872,-5.282487,3.238934,1.8359718,3.1021786,-0.032027766,-2.239362,5.8053255,-1.9824383,2.9519665,0.011479456,-5.7964516,2.003908,0.4977231,3.2324066,-0.0025953243,-3.71385,4.6769686,-2.813823,2.8448725,0.032488853,-6.4700537,0.87463164,-1.9286044,3.152917,0.004446961,-5.9333572,2.2353747,-1.2972559,3.0489058,-0.25153464,-5.362773,2.4304957,-0.07367666,2.6858754,-0.10530466,-3.5044506,3.3761592,0.48371043829872207,3933.4210194097373,0.27614194,0.12848635,location_D,part1,clip_006.wav
-171.83263,7.484479,3.3582735,-179.29126,-163.56158,-2.401898,4.7463636,-1.5792338,-7.6570168,2.6715336,16.277147,4.5888824,-1.0336086,10.789921,21.566833,-2.6711748,3.4998734,0.18680082,-6.9408884,1.6900394,-0.48799965,4.0334945,-0.20038794,-5.908155,4.30149,3.4942474,3.8061903,-0.2271248,-1.3948683,8.072924,1.4091126,3.3968277,-0.017980117,-3.0169098,5.7116604,8.139235,3.6087637,-0.16922052,3.4649467,12.700102,3.9476695,3.396672,0.0045057735,-0.41614258,8.145397,1.8993746,4.9034457,0.77819735,-3.7509613,8.942772,-2.7746675,3.4423857,-0.026845906,-7.1367264,1.4322884,-1.3669438,4.039471,-0.49195564,-6.870193,3.5156054,-1.0722762,3.2821121,-0.028757071,-5.2205276,3.033632,1.8683158,3.008532,0.059798226,-2.0466783,5.6078568,-2.8785377,3.147771,-0.13805528,-6.977676,1.016046,-1.5564394,2.972805,0.04996597,-5.291889,2.0905244,-2.355356,2.7975757,-0.011682857,-5.9043565,1.1819366,0.30151492,2.895353,0.09182696,-3.4215956,3.9724867,-0.40803745,2.8681593,0.0072803358,-4.1354294,3.2408116,0.8634624,2.5589457,-0.021888109,-2.4323816,4.1126833,0.559774673023163,4266.2114031572655,0.27619076,0.044559795,location_D,part1,clip_007.wav
-189.64494,10.463768,1.9124002,-200.75853,-177.20155,-7.8482366,7.663255,-0.93978095,-16.913599,1.5801139,18.60678,5.943933,-0.1991027,11.368692,26.30354,-0.58833426,5.368298,-0.030873321,-7.1995554,6.3300323,0.54160184,5.199076,-0.28346443,-6.4377875,6.834325,4.6849976,5.162808,-0.15377852,-2.189189,11.292524,1.6110408,4.6094193,0.15816112,-4.323634,7.8451405,2.3688428,3.8383923,-0.18970276,-2.7664666,7.167734,1.9085153,4.355394,-0.15716687,-3.788673,7.519601,11.054451,4.023878,-0.10817066,5.9303036,16.138943,1.086511,4.0718675,-0.030359762,-4.217208,5.9253635,-4.666478,3.5462077,-0.10337733,-9.188977,-0.10264874,-3.9201205,4.2593484,0.30632573,-9.237069,1.7245923,0.12865265,3.3690865,-0.14784046,-4.3933687,4.306455,-3.1252415,3.287348,0.060168285,-7.44141,1.1329376,-3.0654883,3.3495495,0.12515682,-7.2900453,1.3170705,-4.0402584,3.254682,0.23381694,-8.174056,0.14656031,-0.782167,3.0348334,-0.19135712,-4.8137164,2.966704,2.4378843,3.0767348,0.1139983,-1.5253509,6.4285917,1.5368664,2.8720536,0.048891783,-2.237404,5.254326,0.5754651931908946,4410.144738127255,0.23029646,0.034725063,location_D,part1,clip_008.wav
-173.54158,26.904505,-0.48928517,-215.69026,-144.72731,-0.88066524,13.017482,-0.31159022,-18.586824,14.635286,11.406524,13.101213,0.65058136,-2.6305099,32.275566,-2.7261875,7.3061304,0.43436444,-11.404566,6.957284,1.1389527,4.80647,0.012980883,-4.853627,7.0264835,3.1477761,4.5451865,0.09394959,-2.2365608,8.995234,1.1998706,4.1906714,0.109304406,-4.1187763,6.5307784,3.1879327,4.057769,0.124144934,-2.212031,8.505275,-1.2780551,4.3104844,-0.021029122,-7.048521,4.223743,2.085938,4.839624,0.07715515,-3.824857,8.112305,0.3081868,3.8086572,-0.12483641,-5.0046797,5.0734816,0.5147994,3.7973201,-0.3452729,-4.4439216,5.079153,-1.3732705,3.643668,-0.09327994,-5.9927645,2.8592203,0.17865302,4.309249,-0.025612632,-5.261754,5.907986,-3.9236267,3.3380163,-0.09863195,-8.127453,0.3834371,-0.5143602,3.5658014,-0.1485364,-5.0282574,3.9405005,-1.4659013,3.1188498,0.02367278,-5.4266214,2.5363321,0.035211865,3.035662,-0.13687988,-3.8325858,3.8497527,-1.9277642,3.2740111,0.35020822,-5.8826265,2.2822173,-0.18379274,2.9582603,-0.18762495,-4.0638585,3.5799956,0.5114738293730032,4108.072108295042,0.24606274,0.056318607,location_D,part1,clip_009.wav
-140.21153,8.941307,0.36097538,-150.9622,-128.69713,8.855617,6.4244156,-0.22807606,1.114381,16.503887,3.9562447,5.750484,-0.17146085,-3.80779,10.991474,-3.5231478,4.307394,-0.34936002,-9.062965,1.5167338,-2.2899454,4.1621246,-0.22104178,-7.590749,2.8781714,-0.3471061,4.2453265,-0.13689376,-5.943124,5.033515,-0.98749024,4.7011733,0.115536064,-6.544556,5.122993,1.3910398,4.469623,-0.29602477,-4.5426803,6.8841505,-0.3711756,4.586251,0.056218665,-6.099173,5.3888006,1.6279988,3.9454923,0.074371375,-3.5001295,6.8330293,1.9675415,3.5561738,0.04750352,-2.6524923,6.6173725,-0.75705075,3.6656466,-0.0005557688,-5.403329,3.8667555,-5.152228,3.4558334,0.09273972,-9.46384,-0.72786236,-2.5588334,3.523596,0.00034658881,-7.1255465,2.061952,-3.2469053,3.2464564,0.12844111,-7.2968636,0.9421363,-0.730183,3.3145506,0.09288197,-4.9642305,3.6350155,-2.4438827,3.4383473,0.14830332,-6.7658935,2.198182,-0.44900382,3.140049,0.2177891,-4.353308,3.476478,-2.1345608,2.882712,0.11434925,-5.7511196,1.8643589,-0.19039258,3.137172,-0.3507604,-4.139782,3.5710354,0.4129174570686901,3638.2512034511433,0.27516943,0.07678667,location_D,part1,clip_010.wav
-178.78848,19.115173,1.3973405,-198.40854,-150.94196,1.7815709,9.678022,0.35353458,-9.663419,13.600487,20.508104,9.517064,-0.5007144,7.317125,31.812565,2.7006378,5.7067204,-0.23906687,-4.9850936,9.750029,3.7514098,4.577151,-0.08788706,-2.1909788,9.584686,5.2847857,4.810486,-0.0024314665,-0.717142,10.978038,0.4080361,5.0437846,-0.04353716,-6.078283,7.084018,5.409549,4.3476014,0.058339313,-0.25287795,11.008427,1.3337625,4.084631,-0.08669537,-3.7723358,6.7200384,4.3154697,4.2173853,-0.07388617,-1.0440524,9.593493,-0.19606943,4.0243077,0.043051247,-5.3226447,5.1089287,0.5164384,4.0874567,-0.06098117,-4.776492,5.562446,-3.3823106,3.6225133,-0.07403492,-8.176388,1.3555489,-0.99475884,3.525083,0.09930576,-5.6626997,3.365953,-2.5206757,3.6390057,-0.18102288,-7.273609,1.9790194,-2.018665,3.4360561,0.009832472,-6.572531,2.4303806,-3.1319506,3.1347053,0.11348501,-7.106214,0.79687846,-0.6038563,3.554258,-0.21546674,-5.0808263,3.8681471,-1.7037203,3.4060774,0.06875629,-6.075576,2.5867944,0.035928153,3.1892698,-0.08914504,-4.016962,4.1038284,0.4980733950678914,4089.920060887116,0.23011327,0.035454158,location_D,part1,clip_011.wav
-156.06602,9.468864,0.27137357,-168.31442,-144.46378,8.419133,7.5202293,-0.4831436,-0.61137253,17.742296,21.414204,5.879048,-0.81164473,14.577566,28.510532,0.4153682,5.0304976,0.15489933,-5.8158445,6.547348,1.2628554,5.0460167,0.017804792,-5.236204,7.760543,-0.3087424,5.25888,-0.16607067,-7.1046224,6.119479,-0.06168582,4.2606773,-0.122444294,-5.520089,5.609584,6.141824,4.5207686,-0.22148149,0.16279435,11.739397,2.8569536,4.3510056,-0.1783516,-3.033206,8.15584,6.8540635,4.9916887,-0.12537625,0.2553029,13.246349,-0.6039988,4.8345637,-0.18955033,-6.9442105,5.5616665,-2.094605,4.0056796,0.07949528,-7.093355,3.1724572,-4.679404,4.435431,0.005064333,-10.577167,0.9063349,-1.751941,3.7527661,-0.012890166,-6.5465117,2.957971,-2.8704455,3.351424,0.08056709,-7.106454,1.4440137,-0.6621083,3.3445048,-0.12311921,-4.893032,3.362704,-4.4408207,3.3003492,0.033972263,-8.614567,-0.2840482,-1.6713549,3.405943,0.031844147,-5.950959,2.6517076,-0.96386033,3.3013008,-0.11300656,-5.2891455,3.185365,-0.069937855,3.1966143,0.07482366,-3.9348345,3.9812455,0.4598283371605431,3941.671171245915,0.21650666,0.03525183,location_D,part1,clip_012.wav
-223.1629,13.758263,0.27608,-240.06421,-204.8536,17.485598,6.7636566,-0.1914278,9.858952,25.929808,16.134932,7.8154,-0.729374,5.221844,25.358238,-0.76603585,6.7801027,-0.040697083,-8.840549,7.5440817,-2.9253128,5.5356283,-0.2930099,-9.932279,3.53845,-4.748064,5.8506384,-0.24806546,-12.386616,2.457845,-0.39161378,4.619909,-0.10025085,-6.38694,5.3018107,8.550582,4.538874,-0.49457338,2.9118338,13.930674,4.485967,4.43227,0.13640189,-1.0985518,9.910412,4.294087,4.7653575,0.37714595,-1.6050421,10.717373,-2.4033768,4.046703,-0.1508064,-7.5042915,2.5266812,-0.4512099,4.127449,-0.22833465,-5.616789,4.689607,-4.298072,4.7247686,-0.088302806,-10.721083,1.6336551,-3.654013,4.0170655,-0.029938249,-8.971975,1.686593,-4.8862467,3.9495533,-0.039767146,-9.953176,0.11636233,-2.7430222,3.969501,0.0812927,-7.8225336,2.5112116,-2.4247353,4.1626196,0.19931024,-7.7206907,2.859485,0.3461847,4.0326066,0.24218227,-4.5988946,6.0877895,-1.1166662,3.3948581,-0.089426145,-5.367402,3.1898975,0.049138393,3.1652312,-0.055406503,-3.8846943,4.2301774,0.3429075978434505,3428.2547399685004,0.17367274,0.10808573,location_D,part1,clip_013.wav
-155.72496,10.914675,0.75821644,-167.70412,-141.25865,27.315138,7.473107,-1.0390477,17.924526,35.417984,14.318821,6.193146,0.093033746,6.5010157,21.508606,0.4417293,6.447019,1.0951836,-6.6277237,7.490671,-2.045103,4.658112,-0.7505997,-7.4287987,3.5236511,-0.42998883,4.842803,-0.7472822,-6.2177024,5.4106464,3.3955069,4.1508856,-0.3111012,-1.8153819,8.442054,11.653521,4.7842145,-0.27199414,5.798229,17.551079,4.3444924,3.9820633,0.13563606,-0.7864674,9.651953,4.73319,4.2205167,-0.012474875,-0.3692224,10.077621,-1.8241667,3.6377332,0.2526055,-6.4800854,2.6999297,0.78845054,3.8760672,-0.06431613,-4.182267,5.5836225,-5.1704106,3.6242282,0.016485503,-9.879154,-0.6062557,-1.2378947,3.7854745,0.11500319,-5.9545116,3.6127925,0.7907181,3.2873354,-0.15086672,-3.516031,4.9533854,-0.22108549,3.3574977,0.10789102,-4.5173635,4.0029535,-1.272781,3.1901371,0.027740961,-5.103456,2.5980294,-0.12289085,3.2209413,-0.12063653,-4.3210897,3.7391002,-4.056459,3.1649923,-0.06351369,-8.113312,0.079808,-1.621977,2.9374502,0.13934033,-5.3113165,2.1515403,0.25843182158546324,2937.911235562223,0.12933509,0.11497121,location_D,part1,clip_014.wav
-176.86292,14.70965,0.64127326,-193.98793,-159.03654,15.706473,7.538519,-0.12200793,6.6919537,25.983482,17.458994,7.625127,-0.9237354,7.752587,26.133595,5.5617204,7.2355957,0.5329458,-2.9245846,15.892911,-3.27488,5.3980308,-0.23132205,-10.111588,3.364819,2.9702325,5.826091,-0.17944938,-4.421479,9.656567,2.81948,4.7267385,-0.089765556,-3.4563851,9.089914,9.438319,5.0159926,-0.18762417,3.1443415,15.732823,4.290566,4.7749696,0.024599105,-1.6818508,10.36757,4.8233867,4.659717,0.25846386,-0.8266486,10.404569,0.62045133,4.494006,0.33922786,-4.7454333,6.174119,-1.0272835,3.9121637,-0.049082175,-5.9631977,3.9221466,-4.4442267,3.7151883,0.28592637,-8.985265,0.2842218,-4.7557817,3.6974504,-0.20214482,-9.530179,-0.27624112,-2.512892,4.036674,0.114282474,-7.3991613,2.8226955,0.9396188,3.6895077,-0.05967835,-3.8752265,5.6189895,-3.7820163,3.408818,-0.05799233,-7.8975053,0.48242617,1.4666069,3.676078,-0.10719442,-3.1744602,6.0393624,-1.4783505,3.291079,0.02319597,-5.59417,2.6107757,-1.412795,3.0573099,-0.048715044,-5.3286066,2.41204,0.33086436701277955,3319.3945460228865,0.16622847,0.118210815,location_D,part1,clip_015.wav
-148.53276,14.625114,0.773922,-165.01631,-128.16957,8.703748,8.69491,-0.41737047,-1.5661321,19.750565,11.981756,8.375794,-0.36853907,1.7111275,22.316734,1.5592128,7.724016,0.54891884,-6.8499494,11.125845,-4.9490376,6.031768,-0.27591953,-12.065821,2.688795,-0.7057658,6.026251,0.09394299,-7.8796935,6.5345526,-1.1775436,4.7803316,0.062155526,-7.184963,4.7803693,9.919812,4.845749,-0.2486169,3.886106,15.864811,3.2286034,4.0744686,0.21309848,-1.6956779,8.26737,2.3744624,4.8386836,0.27777824,-3.527238,8.393236,-0.1445304,4.2858787,0.010504074,-5.57664,5.3019743,-0.15242374,3.9472423,-0.04841147,-5.1048784,4.7766047,-4.357408,3.9625585,-0.1375716,-9.708957,0.6006665,-3.7514815,3.9583552,0.124496,-8.746516,1.294939,-2.7100928,3.771326,-0.045565248,-7.534377,2.1184754,-2.5238893,3.7537622,0.46132076,-7.1458106,2.2240324,-5.929392,3.744522,-0.09446907,-10.684899,-1.191381,-0.6531734,3.9878104,-0.25292313,-5.72077,4.2282844,-0.33518082,3.3520243,-0.061635084,-4.6632414,3.9085813,2.1456578,3.646014,0.04851825,-2.3892539,6.730337,0.403108151956869,3606.707079128703,0.20547125,0.087815836,location_D,part1,clip_016.wav
-141.17436,10.786583,0.48853844,-153.58354,-126.09673,13.961819,7.067416,0.054732904,5.7325816,23.611668,9.603241,7.807872,-0.2554968,-0.47571737,19.62952,-4.2008977,5.278864,-0.050700266,-11.1312065,2.4027877,-2.4002948,5.0003147,0.06331952,-8.952106,4.267003,-0.8980858,5.057998,-0.47059757,-7.6196632,5.1158433,-0.81068397,4.2232757,-0.23292913,-6.3542843,4.284992,8.477332,4.52124,-0.049038935,2.6669114,14.594004,3.3960295,4.285577,-0.0361455,-1.9722805,8.692173,4.6261206,4.911443,0.07892807,-1.3115747,11.143288,-1.9741863,4.001914,0.25773963,-7.0614543,3.166203,-2.2627187,3.8733265,0.08725806,-7.351165,2.7285533,-5.3665347,4.036153,-0.11010711,-10.5344925,-0.14130974,-2.434327,3.6991122,-0.0078016617,-7.3992295,2.264879,-2.215735,3.526096,-0.05672912,-6.8608084,2.102789,-1.5007067,3.5215538,-0.067045934,-6.17111,3.2017083,-3.780766,3.944689,-0.12963074,-8.825839,1.2637376,-0.95278794,3.7050052,-0.03804546,-5.4957886,3.7594018,-2.1551015,3.4978533,0.059081133,-6.6019235,2.304061,-0.7148813,3.4714239,0.0756167,-5.1071715,3.8667943,0.38174233726038337,3514.9050345492337,0.21791866,0.051106695,location_D,part1,clip_017.wav
-147.90987,13.391924,1.1773775,-163.06946,-132.09892,1.9494692,8.821874,0.11262638,-9.016018,14.499443,15.554606,5.7815022,-0.4255738,7.8046746,22.456797,2.0639975,5.6571493,-0.028387591,-5.5868607,9.1228485,6.3913984,5.271374,-0.09223115,-0.35638106,13.000658,3.0570254,4.8391967,-0.04663005,-3.2702658,9.08315,1.6575407,5.0048018,0.012781698,-4.6736736,8.219715,4.6749353,4.5764213,0.014655494,-1.1525534,10.786649,-0.26286268,4.1948185,0.01943586,-5.318794,5.0187473,7.556139,4.818388,-0.10439024,1.4368035,14.032023,1.6834823,3.8884766,-0.060706288,-3.253685,6.6035337,-1.8779321,3.9710531,0.07709143,-6.8762617,3.3532372,-4.372714,4.231248,-0.136096,-9.879944,0.82644486,-1.4868522,3.973125,0.13959207,-6.262499,3.534214,-3.073669,3.3245432,0.07079394,-7.1854353,1.260339,0.24714063,3.8462448,-0.09335609,-4.4906144,5.1489034,-4.813441,3.2272587,-0.20364511,-8.757218,-0.74228126,-1.5509504,3.302939,-0.11920973,-5.5855236,2.847261,0.22599287,3.389015,0.18920003,-3.9686666,4.711371,-1.521561,3.0233092,-0.1310285,-5.5534925,2.3394203,0.49242306060303515,4055.4578926779213,0.23184542,0.06083115,location_D,part1,clip_018.wav
-177.17516,11.58467,0.0074317968,-191.65181,-162.46466,12.060209,6.8612823,-0.13716795,3.9662135,20.009783,-1.9877201,5.1839294,-0.46021563,-8.640765,4.5969386,-3.5067918,5.671548,-0.078871354,-10.304574,3.3206503,2.0191329,4.997247,0.092512034,-4.4724984,8.589408,1.1364435,4.365153,-0.11181794,-4.094892,6.7523346,-0.8393785,4.3953,-0.2965727,-6.767553,4.5603094,1.2968076,4.9173055,-0.45756546,-4.9540634,7.2030787,-2.176539,4.107146,-0.10247832,-7.409104,2.9463003,2.418497,4.818414,0.22413176,-3.5866096,8.960374,0.009301451,4.2937365,0.07507966,-4.921899,5.4327044,-1.53285,3.8496778,0.3062501,-6.2923837,3.1835096,-4.8155766,3.6009424,0.21126594,-9.270185,-0.23343264,-1.725627,3.640882,0.00015460905,-6.252814,2.942778,-3.1663864,3.4059103,-0.10027868,-7.52963,1.2734208,-1.30621,3.5809286,-0.011524072,-5.86379,3.2768152,-3.7585135,3.4350297,0.20562595,-8.032685,0.3752382,-1.6111944,3.4235513,-0.07293381,-5.7598486,2.662244,-2.9442968,3.013498,0.18228106,-6.757022,0.9682911,-0.33418792,3.0728266,-0.04389422,-4.283176,3.6004941,0.3681398101200331,3400.4635144668446,0.2459934,0.11878989,location_D,part1,clip_019.wav
-186.54019,22.682037,-6.5029025,-209.68745,-172.92424,23.075882,10.10138,-1.9010139,10.928339,32.11954,5.9276757,7.4071045,-1.2374287,-1.8856108,13.1259985,-1.6833189,7.756629,1.0066637,-9.645751,8.777088,-5.630532,6.1273785,0.47959858,-12.399175,3.305848,-1.5079947,5.16708,0.24844824,-7.383119,4.9203377,-1.351493,6.6909246,0.9371505,-8.195078,8.286365,3.6681633,4.090206,-0.20136762,-1.513782,8.995232,0.39806524,4.187966,0.64114773,-4.442046,5.5159326,0.508892,4.1811676,0.14682536,-4.6307955,5.7829075,-4.673234,3.9601345,0.48239645,-9.443299,0.19019842,-4.118968,3.8285387,0.29367274,-8.828552,0.56244123,-3.6323373,3.3089879,0.3388455,-7.660464,0.6020567,-1.7242602,3.3907623,-0.18716066,-6.0834656,2.609411,-2.8628495,3.8943167,-0.63951665,-8.096529,1.6312283,-0.1902139,3.3275516,-0.090116605,-4.393477,3.9514189,-2.0554495,3.48047,-0.15983431,-6.4563866,2.32764,-2.0625467,3.5717604,-0.07124123,-6.588582,2.606671,-2.655558,3.0324214,0.16963336,-6.4345903,1.2190149,0.21891789,2.8595366,0.00818762,-3.3922977,3.9033914,0.2872310553115016,3044.244713718392,0.16849548,0.0583968,location_D,part2,clip_001.wav
-166.3233,7.485186,0.30140036,-175.89032,-157.13869,27.712524,7.4681454,-0.0713342,18.146132,37.406616,9.25501,4.510231,-0.13753866,3.8436816,14.820466,-4.178502,4.7421665,-0.21916568,-10.327711,1.7215451,-6.150794,3.6726286,-0.10755867,-10.86581,-1.3313833,-1.2929319,4.08914,0.38232726,-6.4622507,3.9550488,-4.199493,3.4647372,0.010288666,-8.619833,0.3449629,5.614283,3.7114577,-0.24472214,1.0414879,10.320768,1.1078224,4.007607,0.10046567,-4.2256107,6.25093,0.20122688,3.233097,-0.04104565,-3.9819036,4.2530317,-4.4634,3.5784364,-0.09030311,-9.19005,0.17239136,-4.1073,3.3765206,-0.070946634,-8.426472,0.1463139,-3.873279,3.184847,-0.07283131,-7.973977,0.1077503,-1.1622244,3.668467,-0.09701385,-5.7356052,3.3421707,-2.205931,3.450382,-0.008244069,-6.467755,2.1590686,0.62808,2.9175382,-0.04028139,-3.085813,4.494685,-1.472833,3.0459342,0.16357762,-5.207492,2.551031,-1.3038765,3.1125975,0.23146476,-5.082595,2.7241898,-3.1522512,2.86897,-0.042146984,-6.841165,0.54101,-1.288385,2.6834002,0.089543864,-4.624674,2.2149653,0.2716216553514377,2915.4256225499566,0.16120104,0.10239255,location_D,part2,clip_002.wav
-164.32327,8.362441,0.477137,-174.38359,-152.52963,30.49976,6.915519,-0.7041657,22.209316,39.00402,10.443406,4.907991,-0.13918056,4.664634,16.415308,1.2834928,4.08324,-0.04576178,-3.9470096,6.560842,-4.296558,3.9470184,0.30624554,-9.20983,0.78185093,1.2477124,4.615487,0.2632495,-4.3602657,7.178005,-1.196759,3.7977235,-0.021435753,-6.102474,3.4363613,6.574525,3.703833,-0.3476976,1.9582351,10.995554,0.5619577,3.272529,0.073740356,-3.4895585,4.7638645,1.4991441,3.568751,0.19738452,-3.119505,6.2558575,-4.4823837,3.5450008,-0.06922519,-8.91006,0.027246356,-4.963395,3.5556962,-0.013515368,-9.258904,-0.4783439,-3.7834294,3.0884264,0.16073951,-7.676153,0.06834078,-0.7505882,3.0637248,0.12181379,-4.581691,3.2454605,-1.2273059,2.9721668,-0.00024585953,-4.8513637,2.629002,0.23381492,3.0287886,0.025927454,-3.5135107,4.126003,-2.898041,3.0723083,-0.18521592,-6.856796,0.79766876,-3.052527,2.9343824,-0.016007448,-6.6967154,0.55758286,-3.452177,2.8561695,0.039522022,-7.1400847,0.3443644,-1.6866773,2.7433438,0.0030679663,-5.109604,1.7467952,0.23807844948083068,2737.318221717192,0.14103757,0.07641392,location_D,part2,clip_003.wav
-193.69363,9.083524,0.8509377,-204.026,-183.2799,30.530571,9.352328,-0.28091115,18.267603,42.933044,9.866889,5.412472,-0.86319077,4.2554455,16.63787,0.3270343,4.402121,-0.47647917,-5.2181635,5.5467157,-6.734507,3.9662077,0.25198266,-11.340384,-1.4069619,1.1613834,4.1525855,0.36184105,-3.8037782,6.0637875,-2.59404,3.9361973,0.12100341,-7.5393753,2.5540657,6.7581463,3.9518697,-0.3140559,2.2532678,12.002893,0.5502567,3.3827755,-0.036975756,-3.657775,5.105681,1.1609746,3.5771105,-0.14155442,-3.703031,5.680601,-5.054944,3.527368,0.017586708,-9.539214,-0.6740757,-4.896993,3.6047761,-0.083097994,-9.448344,-0.189268,-2.8018174,3.317885,-0.069717966,-7.276904,1.4054778,-0.8665671,3.26693,-0.09976764,-5.1292696,3.310757,-1.8230202,2.9901056,-0.20545557,-5.607794,1.7430028,-0.30438974,3.0072167,0.15296932,-4.04918,3.7480364,-4.282756,2.876063,-0.13408157,-8.029324,-0.71867263,-4.3437557,2.862469,-0.06715382,-7.981922,-0.5946195,-5.08228,2.9308305,0.08507283,-8.811662,-1.3243952,-3.179423,2.7213335,0.11165815,-6.6277275,0.31759167,0.2421079397963259,2735.6940485994696,0.12800671,0.09235275,location_D,part2,clip_004.wav
-138.84428,4.6482806,-0.12248813,-144.06206,-133.38948,19.365114,4.4752283,-0.16349651,13.734219,24.797834,11.568402,3.8646045,0.1716419,6.905593,16.618473,1.1222254,3.716867,-0.1046024,-3.6777291,6.005988,-6.681256,3.5004852,0.045237835,-11.196306,-2.396133,3.9104865,3.5614002,0.037347477,-0.5137189,8.682757,-1.5222455,3.6045969,-0.033797875,-6.260758,2.950081,5.157805,3.7386506,0.06616096,0.5381683,10.144279,-0.54349005,3.3434145,0.15599358,-4.670976,3.8354707,2.8481143,3.3782773,-0.30787426,-1.6291435,6.9783425,-2.294381,3.1735842,-0.08253888,-6.402385,1.6794429,-2.5990353,3.1822832,-0.024362547,-6.5598574,1.4499598,-2.4987614,3.0444145,-0.051643867,-6.4982257,1.3205278,-0.4181246,3.1390395,-0.04205949,-4.435138,3.6442757,-1.2065436,2.9069443,0.008760335,-4.8461814,2.6624367,0.4475413,2.841698,0.09867609,-3.0168228,4.0503078,-2.5212703,2.8631523,0.12381569,-6.1203866,1.155735,-4.230862,2.856442,0.110105455,-7.9071627,-0.58143955,-4.9340444,2.622773,0.055446815,-8.312883,-1.6294019,-2.610691,2.550641,-0.12198848,-5.9493914,0.7295952,0.33786566493610226,3212.1178779358397,0.20912254,0.14019157,location_D,part2,clip_005.wav
-150.06282,4.7004905,0.58544195,-155.7865,-144.24377,21.166882,4.974478,0.39752513,15.347432,26.839989,12.762452,4.386191,0.3202594,7.5124617,18.368225,1.093465,3.9682608,0.29419592,-3.7148833,6.352742,-5.6753345,3.7621188,0.123687595,-10.437376,-0.9581349,3.373227,3.505178,0.018594267,-0.9927527,8.039538,-2.792737,3.692153,-0.17326397,-7.4650025,1.8819774,3.7352633,3.4168603,-0.1431901,-0.7583834,7.989018,-0.28420702,3.46892,0.13475949,-4.5610895,4.069812,1.7649101,3.3359618,-0.0028479204,-2.4143968,6.078593,-4.0042906,3.2275999,0.033641975,-8.083468,0.092779994,-2.7120266,3.3529253,-0.040977355,-7.018809,1.5406345,-2.5588415,3.035319,0.05726096,-6.39825,1.3311028,-0.38806397,3.0258913,0.03449005,-4.1378913,3.3831413,-1.6792508,2.8185735,0.04744521,-5.477527,2.034016,-0.21877627,2.7243888,-0.04267537,-3.7473125,3.2398813,-3.2354276,2.8549373,0.17146496,-6.7326574,0.45065796,-4.5857058,2.8346205,-0.06743818,-8.318675,-1.1770353,-4.7811,2.6740534,0.16919555,-8.125075,-1.2344725,-2.5750952,2.6159608,0.07580502,-5.912196,0.7262806,0.32056366064297126,3161.513904498939,0.19720522,0.16911325,location_D,part2,clip_006.wav
-168.13222,14.3032055,0.68246263,-184.99782,-150.74808,41.239292,8.567953,-0.39130104,30.465752,51.344864,11.088989,10.731563,-1.0861937,-3.2559404,22.315912,7.309397,7.399738,0.88976413,-0.52272797,16.391708,-5.943419,6.1348543,-0.6560849,-14.3883915,1.144318,1.7728039,4.8770475,-0.64021176,-4.1243267,7.584313,-3.3366237,5.7079244,0.07364583,-10.218941,3.7672863,0.256907,5.2895045,-0.54039407,-7.1482,6.4288445,-3.9013565,5.1913466,0.55081195,-10.212746,2.3120637,-0.8806442,4.6370454,0.22096695,-6.49466,5.337311,-7.4676175,4.210693,-0.1315685,-12.707779,-2.2022145,-2.6503198,4.357929,0.24660864,-7.9290514,3.217126,-2.7597613,3.9950283,0.17851947,-7.5760107,2.3596854,-1.7831827,4.533914,-0.30945128,-7.6489472,3.6993241,-2.2607207,3.6788993,-0.11131001,-6.822941,2.4526906,-1.182467,3.7733893,-0.16402258,-6.0980344,3.4303129,-2.0340796,3.6129167,0.12560421,-6.3850503,2.6805391,-2.2212524,3.298362,-0.01903962,-6.5058823,1.8588308,-3.78171,3.0648527,-0.057384744,-7.881429,-0.02392155,-2.1534913,3.3960326,-0.19679719,-6.632679,2.0526178,0.16718718799920126,2229.0140547915926,0.061183807,0.11713134,location_D,part2,clip_007.wav
-208.88708,24.256565,0.62713003,-236.58542,-171.51338,33.08379,13.659402,-0.6852814,15.442265,49.49638,7.619172,13.27487,-0.7821356,-14.26266,21.683117,3.5165331,8.526306,-0.09577488,-6.7082767,13.541536,-6.324656,8.497977,-0.67856735,-16.675081,3.492907,2.1777284,6.858363,-0.24516772,-6.2927322,10.171511,-2.9726245,6.668256,0.25915366,-11.177319,6.174801,0.4917033,5.8834743,-0.27318484,-7.793828,7.398424,-1.2840713,5.8483295,0.5607328,-8.127545,6.4063873,1.3343357,5.2366133,0.46912944,-5.1264725,8.166924,-5.895063,5.7503977,0.3018093,-12.899901,1.7599233,-4.075368,5.015511,0.08594656,-10.398613,2.6533077,-4.3573422,4.6784096,-0.06875298,-10.474273,1.6851811,-2.1756542,4.7952547,0.008146973,-7.8912926,3.8555002,-2.5974953,4.20021,-0.29540104,-7.9303093,2.524055,-2.1866696,3.9524245,-0.18307343,-7.3386755,2.5174098,-1.63225,3.974891,0.10218615,-6.666257,3.6507745,-1.9848889,3.3802261,0.031441405,-6.217267,2.4208968,-3.6860101,4.117421,-0.3463485,-9.180307,1.1954936,-1.4934831,3.6899273,-0.16995013,-6.162323,2.7853336,0.2168280750798722,2526.759403042181,0.08805311,0.086599134,location_D,part2,clip_008.wav
-181.49867,18.735947,0.30139956,-203.88992,-155.66116,21.76173,8.664644,-0.275835,9.922756,32.37529,2.3875704,11.040458,-0.66298383,-13.860397,14.547583,7.0984917,9.812715,0.40312725,-4.335987,21.169762,-5.5611835,8.255017,-0.3897187,-16.11794,4.440997,0.94559723,6.097009,-0.07753766,-6.8813457,8.851379,-0.5519611,5.9115167,-0.040774666,-8.1299095,7.104705,1.7842399,6.2379265,-0.47185,-6.4590044,9.34744,0.24757253,5.4590745,0.10676778,-6.4029865,7.1566978,2.422231,4.7266216,0.16794494,-3.5044093,8.238918,-5.200298,5.0234904,-0.06849018,-11.829931,1.0787007,-3.5688047,4.926075,0.05327259,-9.837454,2.7652936,-2.833192,4.5079436,0.2495654,-8.232792,2.5331464,-0.75637317,4.4488125,0.13134189,-6.0917354,4.9994006,-1.8025807,4.0645657,-0.0625726,-7.115787,3.2926896,-1.3315073,4.109452,0.08577308,-6.65696,3.8494587,-2.9304392,3.640605,0.056132957,-7.4555225,1.6932483,-2.2463052,3.6121817,-0.018070057,-6.874461,2.2758908,-3.4632366,4.1622734,-0.02487838,-8.623245,1.8067523,-1.3926845,3.3290746,0.09790867,-5.6797132,2.826088,0.2830642846445687,2884.815774936737,0.13476472,0.09422014,location_D,part2,clip_009.wav
-202.38809,20.630507,0.06305596,-230.0912,-178.37642,20.851433,11.198894,0.078283876,7.5159683,36.251293,6.8283362,10.566354,-0.5429088,-8.26147,18.8421,6.8600817,9.716962,0.27187172,-3.5785856,20.878422,-3.5086682,6.77355,-0.21327709,-12.064232,4.7158217,-2.0182517,6.7592835,-0.16636059,-10.311371,5.6563025,-1.1124818,6.0867567,0.7351474,-8.349466,6.8139505,3.4428563,5.9054203,-0.20939378,-4.570075,10.789255,0.8782037,5.422578,0.093569,-6.20159,7.5949492,2.107956,5.286109,-0.2507773,-4.6170115,8.470889,-3.7740898,4.6999106,-0.20056668,-10.169551,1.7896084,-3.3755505,4.5588827,-0.21467818,-9.374908,2.335958,-3.565986,4.4800334,-0.13709119,-9.103727,2.1253076,-0.98507905,4.145605,-0.12056779,-6.398593,4.189951,-2.6685545,4.141346,-0.116569325,-8.026386,2.2394423,-2.510419,3.888935,-0.3157763,-7.25082,2.2802296,-1.1216588,3.7892325,0.14523666,-5.921372,3.942006,-2.2832778,3.9281335,-0.12870894,-7.1420617,2.8380733,-3.0491998,4.1271763,0.099616036,-8.216562,2.2024288,-0.10417377,3.2894115,-0.20689294,-4.1017265,3.7615037,0.29727904103434505,3026.005713795337,0.15407003,0.06650186,location_D,part2,clip_010.wav
-169.2012,20.880363,0.3159679,-192.47786,-140.06558,23.834173,9.98162,0.22735038,12.140451,37.598427,9.452787,11.153207,-1.1782528,-6.7769766,20.328053,6.22264,8.258952,1.0128472,-1.9459347,19.181458,-5.6888065,6.5316563,-1.0862159,-13.464472,1.398353,-0.48472014,5.8382587,-0.6537407,-8.48369,6.3857827,-4.070052,5.3976207,0.02361867,-11.017008,2.8850188,1.1711103,5.3347697,-0.56726366,-6.3518887,7.284291,-0.72451305,5.599823,0.6131757,-6.7129073,6.6242056,2.0427675,4.314602,0.1386392,-3.130714,7.4511895,-4.383771,4.623921,-0.16614923,-10.272222,1.4586782,-2.633158,4.045982,0.4818559,-7.755193,2.4141603,-3.8666298,3.6578329,0.066123076,-8.268468,0.72634566,-0.37659162,4.262086,0.2663652,-5.693326,4.9790125,-2.108219,3.5698435,-0.025051955,-6.5090475,2.3965316,-1.7902886,4.337781,-0.482646,-7.562364,3.3412113,-0.6185137,3.7548468,0.28432524,-5.246709,4.136063,-1.4904007,3.3937705,0.02126934,-5.5726156,2.9933786,-3.343341,3.2721124,-0.119562544,-7.2696314,0.9223995,-0.5490036,3.0853615,0.12593925,-4.528205,3.4108272,0.28920758037140576,2923.2116116645752,0.15051,0.0676778,location_D,part2,clip_011.wav
-174.97612,21.197872,0.52275175,-199.97072,-142.81613,18.071133,8.612335,-0.41292122,6.556776,28.820045,1.5825834,11.1988735,-0.95218265,-15.236879,12.564465,4.725575,9.720332,1.063952,-5.1021194,18.787409,-8.84345,8.313202,-0.58479285,-21.732224,0.46311742,2.3490295,6.4185123,-0.3415662,-6.2888923,10.223734,1.548144,5.9901977,-0.029223872,-6.561655,8.898499,2.4076977,6.2187,-0.6126034,-6.718938,9.444561,2.027472,5.046911,0.41189635,-4.1989098,8.580614,3.5541718,5.075927,0.39972264,-3.1063595,9.129065,-1.9675237,4.59048,-0.025231898,-7.3411236,3.911563,-1.3421583,4.5355706,0.24237242,-6.871652,4.2775745,-4.681502,4.8369284,-0.34664524,-10.946632,1.14151,0.3261904,4.554077,0.24403976,-5.489213,6.399991,-2.9072018,3.6569598,0.13529432,-7.5676093,1.7950261,-2.745644,3.912594,-0.26425278,-7.795267,2.0520623,-0.8134334,4.5840807,0.35770586,-6.4616084,5.429949,-1.5866377,3.6141365,-0.08398506,-6.340969,2.9345179,-4.7789006,4.1995444,-0.40685323,-10.423174,0.25180674,0.117036715,3.226546,0.08107441,-3.7841492,4.237197,0.32079610123801916,3032.912120657527,0.15780343,0.06567866,location_D,part2,clip_012.wav
-154.32764,18.469784,-0.41756675,-183.8712,-132.27336,8.776659,8.6225605,-0.257908,-3.0092745,19.682606,2.4775348,8.803332,-0.6932543,-9.347604,12.369661,2.254538,8.986905,1.1843761,-6.449057,14.910441,-4.1353703,7.040452,-0.8382648,-13.835863,3.8368092,0.6513856,5.8124084,-0.46454704,-7.025998,7.729187,1.0955728,5.22643,0.034697834,-5.5655956,7.1084204,1.2097025,5.8225045,-0.08228463,-6.4090195,8.990803,0.6994607,4.9882436,0.09638251,-5.800181,7.170664,2.639214,4.563254,0.16320705,-2.9928422,8.296953,-3.8092256,4.499045,-0.20615056,-9.387372,1.6522278,-1.9057853,4.4768834,-0.061634,-7.4227366,3.7110825,-2.313317,4.0320945,-0.16700819,-7.2241497,2.5385332,1.7796394,5.0022607,0.58136356,-3.9839597,8.652746,-2.5639756,3.4558606,-0.04842657,-7.206549,1.828191,-2.3029819,4.259485,-0.27067038,-8.216447,2.909094,-0.65428036,4.173086,0.071507424,-5.9384184,4.770049,0.23737602,3.4703147,0.1447644,-4.137682,4.679149,-3.5595975,3.7229838,-0.23223294,-8.578535,0.98070073,-1.1514292,3.613325,-0.18311588,-5.7102647,3.376966,0.39746873751996803,3486.3848373447145,0.22046396,0.097374655,location_D,part2,clip_013.wav
-143.00644,13.100363,0.8980316,-156.62366,-124.20969,9.65282,7.2450852,-0.50242454,0.5174455,17.83407,3.9340334,5.7344685,-0.7810716,-3.2701097,10.643391,-1.7106196,4.956386,-0.094967395,-7.1338625,3.5317388,-0.97218317,5.190197,-0.44534996,-6.970316,5.1243095,1.3949854,4.394676,-0.40070578,-4.180463,6.5300384,-1.1080527,4.5233827,-0.3006187,-6.6620636,4.3060727,2.6006463,4.33,-0.068127275,-2.9299796,8.004292,-1.5336674,3.798245,0.22495458,-6.4401455,3.3250854,-1.6490959,3.8829916,-0.10679327,-6.4624996,3.1280723,-4.4005895,3.76063,-0.12391662,-9.141612,0.4749083,-1.832429,3.5615842,0.010434778,-6.2432985,2.7144313,-3.0197458,3.263584,-0.12088713,-7.323759,1.1339443,-0.9170534,3.3207684,0.16827904,-5.1345005,3.2745585,-1.9344245,3.1872735,0.06676994,-6.102674,2.190292,-1.4659327,3.4541826,-0.057247564,-6.046195,3.1965587,-3.0446255,3.1064103,0.09987456,-6.9649496,0.8457577,-0.8176317,2.7822154,0.062366888,-4.196805,2.7919073,-1.0714555,2.9549203,0.31632027,-4.7640586,2.5128076,-1.5966343,2.8167458,0.09337399,-5.187873,2.28312,0.40737008286741216,3552.8544367674303,0.28118488,0.10739075,location_D,part2,clip_014.wav
-132.32748,13.353533,0.13893364,-150.2177,-114.615906,16.275862,8.274622,-1.5306545,5.134429,25.11353,4.5325594,5.871968,0.36674175,-2.6947308,11.449297,-3.415284,4.32803,-0.085210145,-9.081039,1.9704949,-3.7939813,4.611929,0.07013926,-9.302749,1.898373,1.7084966,4.0549016,0.025959887,-3.331583,7.214571,1.6604366,4.0542784,-0.33367723,-3.5154083,6.703145,4.261309,4.2446966,-0.10299522,-1.1892686,9.822563,-0.41278765,3.5899887,0.23775505,-4.729045,4.084894,1.6425713,4.062761,-0.04936286,-3.51298,6.820795,-2.1913579,3.8343368,0.044416722,-7.071763,2.7426958,-1.7321448,3.693165,0.18246034,-6.345141,3.0920177,-2.1007218,3.8526435,-0.24051592,-7.0568237,2.964515,0.70844513,3.7908244,0.2070883,-4.054293,5.6478415,-1.9569432,3.5103087,-0.076037206,-6.521062,2.4047165,-2.5157716,3.364469,0.067678384,-6.7360654,1.7988484,-3.1656349,3.267461,-0.102814354,-7.169286,0.97919965,-2.1613836,3.2499273,0.17045894,-6.1703196,1.8683035,-3.0567312,3.0408692,0.07897812,-7.0425553,0.89569527,-0.50427437,3.1354628,0.22975972,-4.417108,3.4982798,0.36254024810303515,3327.1830327968296,0.22700378,0.078093395,location_D,part2,clip_015.wav
-137.95912,7.8569803,1.0385576,-146.94872,-127.91986,16.92262,5.695216,-0.95352256,10.551886,23.501827,6.7445807,4.528479,0.037899673,1.0094204,12.520962,0.19960697,4.246618,-0.090633236,-4.941046,5.779659,-2.3975306,4.414984,-0.17877178,-7.770962,3.0291429,3.5736516,3.9549134,0.012074224,-1.5151415,8.60321,3.6938262,4.537954,-0.45914066,-2.1316495,9.050129,9.09023,3.6294289,-0.077166006,4.5587726,13.549442,-0.64473844,3.6455157,-0.056751523,-5.1031713,3.9955685,1.2600495,3.4120364,-0.12401958,-3.1793451,5.392864,-3.9926102,3.5798361,0.04963905,-8.546787,0.54530907,-4.6231427,3.381221,0.059735354,-8.986885,-0.3666558,-4.0518017,3.3960135,0.083145715,-8.230706,0.28511256,-1.2140958,3.164767,-0.020250896,-5.364904,2.791173,-3.1420753,3.0216095,0.09175261,-6.880307,0.7210095,-2.7024753,2.8791442,0.08919219,-6.405347,1.0282822,-5.0294333,2.9629176,-0.19838399,-8.9643,-1.3171796,-2.5468385,2.7094042,0.05030041,-5.9867706,0.89537895,-1.5006411,3.2364285,0.14322281,-5.702805,2.7041152,1.1060787,2.6213112,-0.12923163,-2.098081,4.451301,0.34496212310303515,3261.4262553858753,0.2250411,0.077157855,location_D,part2,clip_016.wav
-213.39676,10.067817,3.0161922,-221.94228,-205.97154,20.525873,6.2344966,-0.22295797,12.223516,28.360569,7.354441,6.6203074,-2.2195847,1.5205324,14.311132,2.5211601,5.147704,0.9045552,-3.1578991,8.178204,-2.9589837,4.869211,0.31275755,-8.420564,2.8677943,1.8540905,4.458527,-0.08791334,-3.746007,7.297656,0.25156945,4.021482,-0.29870012,-4.676105,5.2916813,8.546778,4.8560815,-0.35200742,1.7257828,14.302156,0.591991,3.9268582,0.65954614,-4.2107434,5.0987678,1.9613785,3.9648225,0.15452859,-3.1818175,7.2123575,-4.5475187,3.6492608,0.16392176,-9.030121,0.068982124,-3.8333628,3.4976392,-0.28628004,-8.169512,0.574489,-3.6851187,3.3175507,-0.014905143,-7.792673,0.32976213,-1.2788432,3.238293,-0.09744709,-5.4895115,2.6459823,-2.626122,3.123042,-0.026685398,-6.6845684,1.406125,-1.5811216,2.930201,-0.0042445553,-5.3998938,1.9940116,-3.8366468,3.155277,-0.12744008,-7.885578,0.20903075,-2.1151135,2.9245193,0.008531511,-5.8881364,1.5901299,-1.8058511,3.0166693,0.0050430438,-5.5249014,2.0818253,0.8749737,2.880242,-0.23218553,-2.639449,4.512325,0.31435484474840253,3099.1493020618527,0.19967788,0.047418587,location_D,part2,clip_017.wav
-174.14207,16.276808,0.31008354,-192.44044,-155.77272,21.789902,9.235892,-0.71170056,10.217957,32.148994,9.414867,7.343811,-1.1684086,2.0961509,17.493025,3.9438217,7.001069,0.8127335,-4.166011,12.353624,-6.0139713,5.9207687,0.60013264,-12.679607,1.465067,-0.72046465,5.223092,0.14307806,-7.0901337,5.8134327,0.31679687,4.9396834,0.6432571,-5.0831614,6.628068,5.058837,4.3769784,-0.2640821,-0.49166647,10.497751,-0.094425015,4.2015367,0.19156131,-4.9803004,5.504506,-0.5119921,4.3649526,0.09906196,-6.282848,4.8267355,-4.5000467,3.849776,0.20366287,-9.159014,0.23687738,-2.4217389,4.014449,-0.22549184,-7.773719,2.6233044,-1.8104622,4.6375613,0.07121152,-7.823448,4.1799154,0.7833825,4.4836035,0.28455114,-4.65888,6.813692,-3.2557302,4.027266,-0.24054453,-8.197883,1.9250911,-1.4768547,3.315983,-0.27745703,-5.7822275,2.5395103,-3.3902495,3.1864846,0.10034078,-7.4197426,0.545307,-1.1225921,3.4242775,-0.33445355,-5.407881,3.0212474,-1.6742467,3.0869849,0.06676117,-5.6276855,2.1742692,-0.19883284,3.2071428,0.35795972,-4.171995,3.7440457,0.30566874251198084,3063.311025000923,0.17210758,0.05676305,location_D,part2,clip_018.wav
-161.80904,6.291771,0.38070098,-169.15259,-154.0759,27.562456,7.4304633,-0.1844194,18.656406,37.325165,11.495334,4.967875,0.08753093,4.7897215,17.773663,0.2855122,4.47142,-0.0018386041,-5.6395254,6.1150975,-10.481837,4.3319216,-0.038720395,-15.934019,-4.7449713,-2.6778212,3.6382618,0.110712595,-7.227561,1.8481907,-1.414202,3.693508,-0.19737627,-6.3588514,3.0299041,3.1715722,3.890779,-0.07474453,-1.7115517,8.134905,-1.5330733,4.0361724,-0.02810351,-6.847712,3.5657797,-2.132507,3.5793335,0.14906046,-6.650644,2.4101186,-4.103009,3.5575814,0.00342046,-8.785236,0.317635,0.4596135,3.2527382,0.07775466,-3.7135453,4.5611353,2.9511988,3.7857883,0.1346083,-1.9408554,7.6789155,1.8395287,3.3572555,0.054745693,-2.2323043,6.1409917,-1.7072717,3.71955,0.063838825,-6.384815,3.2743626,-0.85488,3.1797633,0.0541142,-4.7788124,3.2143662,-2.7409787,3.0526137,0.032191664,-6.513586,1.1168197,-0.69219244,2.796314,-0.07260362,-4.172001,2.9282074,-2.0982218,3.0454414,0.014501347,-6.0236807,1.8506132,-0.86524206,2.7090743,-0.056471854,-4.3939304,2.5039809,0.26095122803514376,2851.289613103155,0.15962492,0.15733676,location_D,part2,clip_019.wav
-176.89517,8.356358,0.8438675,-185.82687,-167.18929,30.422169,7.908537,-0.99658865,22.112673,39.284435,12.581141,5.4638596,-1.2326635,6.4403477,18.399899,1.1345565,6.445743,1.9194264,-5.64534,7.109146,-12.15757,4.9568577,0.5079292,-17.610907,-6.3382664,-2.582944,4.15141,-0.46136388,-6.855012,2.1158018,-0.7548522,3.8183224,0.06401609,-5.455626,4.074815,1.3958011,4.2524285,-0.78158194,-3.8722565,6.3065147,-2.7958624,3.879759,0.1957398,-7.7778444,2.1307423,-2.2524865,3.9047942,0.04264017,-7.148632,2.5736527,-4.9706163,3.5267818,0.18477255,-9.229599,-0.55216134,0.47418427,3.7891996,-0.40664974,-4.025458,5.1173353,3.597027,3.7282186,0.12377709,-1.1718338,8.318905,2.0219085,3.6700077,-0.15017521,-2.558261,6.6405897,0.60778916,3.2702146,0.04455361,-3.4187589,4.875105,0.25642127,3.33896,-0.3715485,-4.1880226,4.1250005,-2.5024989,3.3641362,0.2663688,-6.597684,1.8394755,0.2525876,3.2300413,0.041909244,-3.6389387,4.1586466,-1.5928972,2.9259176,0.032644212,-5.1907725,2.1689787,-1.1599368,3.0699995,0.24795617,-4.951636,2.6790016,0.23720796725239618,2724.6032556828814,0.12584564,0.08176598,location_D,part2,clip_020.wav
-191.64952,18.038734,0.8447031,-210.35005,-165.67249,21.059652,9.067216,-0.8210808,8.254527,30.44846,7.5471115,11.002224,-1.149456,-8.631234,18.191004,7.768997,11.111118,0.5535141,-3.7925584,22.779575,-9.188544,8.979198,-0.7461418,-21.688202,0.40997997,-0.7068847,5.7582006,-0.3749833,-8.155942,6.1107793,1.0751479,7.0332537,-0.4070386,-7.9750504,10.201318,-0.91834575,6.1183567,-0.5033765,-10.242204,6.697476,-3.2547617,5.3084273,0.6408252,-9.568728,3.7049406,1.396356,4.8609357,0.2540034,-4.6745114,7.635833,-3.377949,4.483097,-0.24649927,-9.537271,2.3225462,-3.7131462,5.2670116,-0.5710899,-10.814464,2.3647764,-0.63741696,4.68624,0.36826003,-6.7949743,5.4697404,-2.7722347,3.765246,-0.08355902,-7.6044264,1.9859705,-1.7516323,3.650041,-0.3859752,-6.148764,2.8855698,2.3163943,3.8018754,0.018964626,-2.386701,7.098524,-2.4792297,3.7553818,-0.029457958,-7.3220043,2.2661996,1.2478491,3.5956492,-0.5315787,-3.300562,5.70892,1.0755571,3.1415334,0.10469196,-2.8371022,5.4478183,-0.28614175,3.1551833,0.00031269126,-4.181764,3.8855777,0.29371577857905984,2960.1082104361585,0.13816313,0.09780981,location_D,part2,clip_021.wav
-173.13434,21.326189,-8.367646,-185.727,-157.9353,11.130519,9.978794,-1.2500391,0.07357335,22.087132,13.759069,5.939725,-0.10217836,6.6071506,21.086866,0.9075497,5.453868,-0.41996825,-6.150628,7.636769,-6.555387,5.529412,0.14937642,-13.192066,0.75063604,-1.777475,4.9353776,-0.1619597,-7.9729204,4.4835377,-1.4631602,4.1717625,-0.06751272,-6.5880885,3.8034625,-0.34104517,3.8799806,0.15500447,-5.0177984,4.551878,-1.7923617,3.630277,0.04080393,-6.434713,2.7344942,1.777919,3.6754186,-0.1815064,-2.7697182,6.3556128,-2.220911,3.8094664,-0.06909793,-6.9585295,2.6290581,-1.2760785,3.6520894,0.19773671,-6.0328865,3.2550106,-1.6545856,3.533726,-0.07366623,-6.2248507,2.7283092,0.5016774,3.6170003,-0.031357262,-3.9371362,5.231599,-2.2483542,2.9641392,0.01325623,-6.121347,1.573998,-0.34123853,3.1945944,-0.06835363,-4.6165566,3.417678,-2.9813921,3.284486,-0.024712361,-7.2800813,1.2216871,-0.75003695,2.984765,-0.14378583,-4.5056734,3.0225294,-1.9376469,2.7782407,0.04660184,-5.6292305,1.7612462,0.04779978,2.783704,0.10329373,-3.4933977,3.750871,0.42011531549520764,3628.048243891545,0.24709547,0.037519563,location_D,part3,clip_001.wav
-202.04622,14.399425,2.1633575,-214.9984,-185.91118,14.483378,10.84814,-0.9694993,3.497233,26.628536,10.724938,5.782998,-0.46628678,4.0849547,17.446,1.5678762,5.538041,-0.33375666,-5.385831,8.329237,-6.6651416,5.765628,0.3176483,-13.610466,-0.007955551,-1.8989228,5.94542,-1.1921744,-8.366648,4.6232185,-0.7276674,4.584774,0.8622908,-5.9495773,4.7821846,2.157971,3.8237376,0.11754569,-2.6154828,6.949863,-1.2344334,4.1042085,-0.6545406,-6.0840607,3.6966414,2.6722314,4.031328,0.19932108,-2.4449975,7.596589,-1.9781435,4.0158567,-0.26321527,-7.1343694,2.8218112,-2.1512773,3.809847,-0.13974413,-7.0543714,2.3698707,-1.7808845,3.5688334,-0.032967817,-6.23448,2.6983707,2.0173438,3.4483695,0.03893524,-2.295251,6.5748887,-2.3587718,3.2100031,-0.1145621,-6.4995933,1.5637028,-1.0196525,3.2823753,0.118689224,-5.1227403,2.9497566,-2.275356,3.1294444,0.2921521,-6.250169,1.7594093,-0.94177186,3.06781,0.02317484,-4.751546,2.932835,-0.7568521,2.8694484,0.0073124007,-4.387977,2.6090574,0.36133695,2.7156272,-0.091238566,-2.9842062,3.8218055,0.37672692442092653,3394.133200040593,0.22980331,0.03516535,location_D,part3,clip_002.wav
-155.81425,11.079373,1.921084,-166.41678,-142.01848,14.4709425,7.6454945,-0.9852388,5.89595,22.905285,10.059183,6.0897174,-0.5623577,2.4469223,17.2275,-0.6949912,5.952985,-1.3063449,-7.7695227,5.762003,-7.1900997,5.1941967,0.8374773,-13.397013,-1.4263053,-0.35349214,4.61373,-0.34129217,-6.560936,5.080209,-1.9929848,3.8313448,0.20079151,-6.5445633,3.1351914,-0.41827914,4.0366135,-0.039135057,-5.4292803,4.7178764,-1.507736,3.7763069,-0.1722985,-6.2646694,3.0551522,2.1658866,3.7590387,0.2160472,-2.5806513,6.7027936,-2.0398936,4.101124,-0.30198413,-7.0721326,3.0060673,-1.0587283,3.9780984,-0.20910494,-6.230154,3.952219,-1.4024041,3.643177,0.14051768,-5.8657804,3.3123772,1.3683158,3.432289,-0.12339174,-2.879644,5.522087,-1.3883121,3.3220227,-0.23229249,-5.563874,2.7261703,-0.17480655,3.21403,0.07095768,-4.373345,3.9787958,-3.0735595,3.4311378,0.09249621,-7.208445,1.5349777,-1.2528214,3.198637,-0.11177669,-5.2241344,2.8333998,-0.68296427,2.899245,0.20099016,-4.2648845,2.926181,-0.16062188,2.99055,0.044838723,-3.9081264,3.6618493,0.3846283446485623,3425.1243436744944,0.24310474,0.03853558,location_D,part3,clip_003.wav
-178.4022,13.043646,0.7397574,-193.3719,-160.18758,13.94514,8.058694,-0.27959445,2.7381706,24.231234,6.176575,8.013718,-0.5908839,-4.393147,14.790652,2.1714296,8.329347,0.5605329,-7.6068883,12.426705,-7.8993134,6.6693435,-0.14940114,-17.043228,0.7230053,0.24039315,6.002596,0.051720206,-6.4034376,7.1096735,-1.477679,5.2002926,0.04050154,-7.698159,5.1799,-3.8296523,5.53968,-0.08867998,-11.13613,3.363284,-1.7177206,4.5849547,0.24383098,-7.6175885,4.21619,1.8239658,4.199596,-0.03623905,-3.4074616,7.0472264,-1.6563381,4.3200383,-0.24769361,-7.042261,3.727085,-2.5391371,4.336037,-0.38595283,-8.227714,2.709387,-1.5277094,4.194704,0.020601308,-6.6489134,3.9827018,0.5338658,4.0476665,-0.17168517,-4.7842975,5.385205,-2.2186272,3.953515,-0.15057531,-7.5123415,2.5692801,0.6733418,3.8307354,0.2547862,-4.0997925,5.675916,-3.27737,3.4783785,0.2486617,-7.642268,1.1260245,-0.98616606,3.509179,-0.10239724,-5.647855,3.546104,-1.1674823,3.1566563,0.22616723,-5.054104,2.7229323,-0.37796062,3.4476488,0.38141435,-4.4420037,3.9792159,0.3636650109824281,3307.6521323652614,0.19837807,0.0758223,location_D,part3,clip_004.wav
-174.27591,16.253311,0.4431676,-192.83322,-154.03316,18.456835,10.132859,-0.30634168,5.282947,30.866611,9.776108,8.638203,-0.74903303,-1.4532945,19.253906,2.315322,7.6522946,-0.27537033,-7.149918,11.487568,-4.18248,6.465702,0.4693592,-12.159199,3.9591956,0.078547046,6.263726,0.21103938,-7.769123,7.7345724,-3.1253245,5.5518694,0.47354412,-9.869083,3.8957372,-3.1194227,5.1694856,0.0063891476,-9.63529,3.8240998,-1.7470255,4.793835,0.28121525,-7.5535297,4.109765,1.0360016,4.8449397,-0.007785941,-5.1601734,6.9147367,-2.9283543,4.481886,-0.2997096,-8.655857,2.4870718,-3.1957536,5.0869,-0.51561064,-9.459467,2.83202,-2.740862,4.041395,0.010040116,-7.767393,2.4761684,-0.10735593,3.6126993,-0.23612714,-4.607868,4.380482,-3.2477913,3.7279675,-0.04364567,-7.7186913,1.5972693,-0.40852055,3.5711298,0.13006349,-4.7847066,4.0341916,-3.9690902,3.662758,-0.007943402,-8.640557,0.6586304,-1.8693811,3.6247187,-0.1509674,-6.2661657,2.893915,-1.096277,3.512259,0.31601474,-5.278234,3.191467,0.2368468,3.2689106,-0.3042456,-3.9771986,4.2178087,0.324254630091853,3215.0750798670906,0.1749774,0.08998277,location_D,part3,clip_005.wav
-139.40775,10.28165,0.69008774,-150.95415,-124.50804,18.124537,6.521405,0.04129017,9.235754,26.43098,10.064917,6.5518208,-0.9273195,1.6052103,17.477901,2.5240676,5.910057,-0.14910242,-4.8514895,9.914173,-6.0259776,4.766306,-0.051478017,-12.076693,0.10817903,0.04029866,4.716502,0.03178038,-6.0811987,6.1452465,-4.481949,4.3776894,-0.0032998873,-9.987782,1.3228493,-2.792544,4.3860636,0.13936833,-8.408751,2.6721597,-2.8314183,3.9048662,-0.20183164,-7.782528,1.9399606,0.29580668,4.1280084,0.055607375,-4.927358,5.3994017,-2.560601,3.8438056,0.26843497,-7.1215644,2.1013253,-1.5653733,3.9549298,0.11477532,-6.453766,3.1728382,-3.0374908,3.8236623,-0.046028454,-7.7001376,1.8619349,-0.2569997,3.663322,-0.14192188,-4.791785,4.252603,-2.3039012,3.3526366,-0.086881906,-6.664078,1.6933341,-0.7308552,3.2048852,-0.04336982,-4.9703608,3.4605417,-4.14958,3.2655807,0.04158103,-8.287998,0.03339374,-0.89131296,3.1045637,0.03511908,-4.6468897,3.066768,-1.0927861,2.8453107,-0.082443245,-4.875804,2.41542,0.9956427,3.2485237,-0.15140626,-3.1433668,5.075796,0.3343665759784345,3216.344620523769,0.20756672,0.13934682,location_D,part3,clip_006.wav
-157.5625,11.289325,0.9512267,-170.08374,-143.53119,23.790756,13.673684,-0.18642484,5.3250017,40.831657,13.652523,5.6661005,-0.14798006,6.215631,20.698265,1.7758138,5.0843987,0.45887348,-4.1912184,7.753942,-4.069375,4.3205776,0.2860462,-9.426934,1.5041726,3.1650617,4.516555,-0.10267504,-2.7829266,8.945898,-1.2727122,4.6605415,-0.03399885,-6.858755,4.864277,0.8952744,4.466597,-0.048302915,-4.76622,6.411911,-1.5020741,4.0831175,-0.16339517,-6.262815,3.608519,0.21839671,4.665411,0.022684647,-5.6119986,6.4167624,-2.982042,3.8189073,-0.109399505,-7.827501,1.7298741,-1.1095316,3.9844484,-0.06759668,-6.0513563,4.054477,-2.1520321,3.513114,-0.13594297,-6.9187737,2.2404642,1.2467701,3.5863554,-0.25561664,-3.2661653,5.6776533,-1.0338532,3.2703426,-0.045895025,-5.1153574,3.2443676,-1.3763717,3.1799119,-0.10109283,-5.4173355,2.5161724,-4.8354664,3.1748073,-0.018479101,-8.787393,-0.7181654,-0.8720725,3.0429952,0.12731285,-4.609302,2.9591513,-1.2409904,2.8225589,-0.1350809,-4.818308,2.3674567,0.2685395,2.9993804,-0.08010113,-3.584826,4.025863,0.31232527955271566,3067.9450671286195,0.17231886,0.14828445,location_D,part3,clip_007.wav
-177.31294,11.58013,1.3436066,-190.29582,-165.59732,3.899686,7.3388433,0.11823627,-5.5354404,13.37092,7.814982,7.0867014,-0.97482675,0.5665866,16.576286,1.0410252,4.8043003,0.33231673,-4.9699545,7.2001715,-2.5307891,4.3545585,0.34728307,-7.8433704,2.825177,4.944537,5.0692697,-0.29416165,-1.7889929,11.356359,2.6057382,4.025812,-0.06617457,-2.6561236,7.551377,0.31064606,4.2581835,-0.1046121,-4.9943504,5.629607,0.9969608,4.3881474,-0.30035344,-4.7780275,6.35627,5.740598,4.4089336,-0.21833776,0.18464553,11.261902,0.30076182,4.1009984,-0.09562368,-5.1290894,5.4686546,-2.6123545,4.126922,-0.35856614,-8.125969,2.528001,-3.3320296,4.065483,-0.013167615,-8.545464,1.8633685,0.71935475,3.5902581,-0.024445083,-3.7940345,5.0380507,-2.5904217,3.6197298,-0.33906248,-7.2373652,1.7217363,-0.79419553,3.2039552,-0.42192224,-4.8840256,3.2408597,-5.9561367,3.3815563,-0.16273448,-10.360474,-1.660835,-1.3641212,3.3798454,-0.16737485,-5.6632023,2.8336406,0.3907091,3.0976706,-0.08140071,-3.5829878,4.2403774,0.6908627,2.9173179,0.0894786,-3.171461,4.3193483,0.45117967501996803,3794.683294202533,0.25488135,0.120167986,location_D,part3,clip_008.wav
-155.56244,13.1368265,0.1772595,-167.29185,-141.2003,4.789937,8.149963,-1.0580381,-5.476104,13.894485,3.9181361,5.8274264,-0.09083768,-3.362424,11.030239,-1.8021333,4.94641,-0.44138616,-7.5930004,3.8467457,-3.3887799,4.6041036,-0.18797947,-9.093947,2.4891937,5.4882865,4.2530327,0.050104436,0.14112937,10.797216,0.34011015,4.8426075,-0.09051418,-6.2228546,6.44631,-0.7352956,4.897015,-0.052276626,-7.3211365,5.593335,0.35643926,4.1351814,0.10139013,-4.8134556,5.6678777,1.8309164,4.2411547,0.2576496,-3.323806,7.466242,-1.3984916,3.4141803,-0.06922229,-5.8868914,2.9458828,-2.13644,3.5771544,-0.03200802,-6.7603846,2.3463078,-2.2934418,3.798593,0.15406138,-7.118577,2.6512449,1.4877149,4.636493,0.37934935,-4.221556,8.037895,-2.2309663,3.0710108,-0.04170306,-6.056156,1.5677841,-2.3418896,3.039722,-0.086408004,-6.2225018,1.551902,-4.4368963,2.88803,-0.018073987,-7.991366,-0.71644837,0.33775267,2.8095567,-0.06862095,-3.4200256,4.007667,-0.96789837,2.8183892,0.019438237,-4.5899897,2.4233704,-0.62581164,3.0335522,-0.2136071,-4.5653505,3.035754,0.4349369134384984,3716.3002597279224,0.27175632,0.04816526,location_D,part3,clip_009.wav
-172.77966,22.994762,0.4905234,-202.13353,-144.6931,3.2475328,7.9932814,-0.87866175,-5.4947457,12.324135,5.972328,6.7996483,-0.2827436,-3.3460069,14.498147,-2.3978465,4.5112085,-0.14541386,-8.00821,3.129212,-3.6062143,4.169562,0.04302252,-8.901098,1.7856638,3.5348437,5.45383,-0.72316253,-3.5825477,9.527674,-0.88202006,4.576173,-0.39891148,-6.8127213,4.6493483,0.7877974,4.329083,-0.5083412,-4.4683933,6.153879,0.05955952,4.1308546,-0.7769425,-4.907442,5.0225296,1.6522738,4.1506405,-0.1128793,-3.862711,7.0207834,0.35980132,3.489644,-0.050601102,-4.0620604,4.761136,-1.749711,3.9309528,-0.018120866,-6.8694663,3.067535,-0.59304893,3.8229098,0.09236269,-5.322749,4.1073713,1.1817845,4.585394,0.28644526,-4.5268373,7.3493214,-2.8012033,3.5261626,0.67786735,-7.0740595,1.3841851,-1.9471725,3.4400268,0.26897183,-6.142254,2.750217,-2.5150597,3.4574807,-0.009285317,-6.6534133,1.9979205,-0.30382404,2.9982793,0.084406786,-3.972712,3.5539865,-1.2574266,2.8262563,-0.016359178,-4.954851,2.372248,-1.170103,3.165564,-0.08386258,-5.3082914,2.8118782,0.4601106978833866,3818.4144554690906,0.2804056,0.043106437,location_D,part3,clip_010.wav
-118.141075,6.7790976,-0.12724687,-127.22047,-109.496574,9.512556,5.232756,-0.22303814,2.9321346,16.190968,5.2476287,4.880545,0.15564904,-0.82483244,11.461264,0.21648641,4.1134048,-0.11778333,-5.0364575,5.3949556,-5.1543813,4.0316405,-0.05048481,-10.371641,-0.16153514,1.8028594,3.8480566,0.101509765,-3.0774522,6.8806376,-1.1092302,4.118043,-0.0005155174,-6.34738,4.1851115,2.8581545,3.7031624,0.09629978,-2.0093923,7.525462,1.4455783,3.683739,-0.22272556,-3.5063527,5.970178,6.01887,4.2188377,-0.1009861,0.52041537,11.2165785,1.3059579,3.2650456,-0.12290569,-2.952675,5.410062,-1.9758186,4.0485616,0.18324131,-6.9660435,3.0418384,-3.9596686,3.5777805,-0.045455873,-8.66251,0.5330701,-1.1175777,3.103355,0.038338162,-5.228595,2.9144132,-2.4856427,3.297435,-0.028918145,-6.6141458,1.7745724,-1.0776533,3.0715666,-0.037770852,-5.0660067,2.8399007,-4.6398497,3.2022984,0.19181725,-8.722921,-0.4504783,-1.4406918,2.9266171,-0.12382161,-5.162484,2.1827757,0.5317354,3.002666,0.08445746,-3.3283358,4.428951,-0.11075093,2.7811959,0.15312795,-3.5362532,3.5583143,0.405025396865016,3504.2108360457596,0.27786395,0.18710203,location_D,part3,clip_011.wav
-170.81328,13.26647,1.5390679,-183.67868,-153.32903,15.777948,5.9027925,-0.30038467,8.256934,22.993217,5.2319126,7.5077076,-1.630074,-2.795378,12.532158,0.3162763,6.775845,1.7019818,-5.9756327,7.0892296,-7.33636,5.017901,-0.32293752,-13.6645775,-1.2002141,-0.32743716,4.890558,-0.62327224,-6.524457,5.4664536,-2.4021263,4.2110434,-0.18940647,-7.7475786,2.6305003,2.9355216,4.1938357,-0.60844046,-2.2616997,7.7708845,-0.5700097,3.7837903,0.24766505,-5.3646927,4.1234016,1.9186205,4.1802745,-0.020489682,-3.4203563,7.2428746,-1.5186127,3.9135885,-0.0038541663,-6.2291617,3.598936,-2.9473162,4.1134915,-0.23772085,-8.301706,2.2491922,-3.0931017,3.5577369,-0.18907125,-7.7863035,1.2843242,-0.54139936,3.4004827,-0.19170448,-4.971055,3.5623546,-1.7325534,3.6677768,-0.42070603,-6.5827675,2.9412415,-0.077620365,3.2333713,0.008944265,-4.1421556,4.053026,-3.8680935,3.5061169,-0.09387729,-8.098045,0.52629006,-1.3260831,3.0089457,-0.04939838,-5.068464,2.698059,-0.9651995,3.1793058,0.118016645,-4.945018,2.9976747,-1.0977447,3.2586133,0.15680982,-5.266055,2.8583052,0.3544188673123003,3257.819835907258,0.22563471,0.07760756,location_D,part3,clip_012.wav
-166.02719,12.00993,0.7237847,-180.05894,-153.71242,16.112272,10.276627,-1.0260273,4.761572,27.911758,14.731331,6.3639092,0.19304919,8.082618,21.787949,3.6465514,5.948884,0.36778194,-3.776495,10.279173,-2.7128515,4.353378,0.16382997,-7.9992037,2.752029,4.5039225,4.7822795,-0.6059669,-1.4770715,10.05029,-0.2243084,4.605102,0.6051945,-5.7689266,5.6197915,0.20131359,4.16367,-0.11538817,-5.066352,5.378103,-0.9247048,3.8004313,0.110525355,-5.7335043,3.9285374,0.40472162,3.6281629,0.020499064,-4.1309586,5.000863,-3.2639399,3.6941164,0.10602407,-7.943989,1.6006029,-2.8180223,3.970993,-0.14551054,-7.9340353,1.982773,-4.371658,3.4446318,-0.020336866,-8.998739,0.08203703,-1.2255343,3.091577,-0.0054547717,-5.140388,2.8257084,-1.6527609,3.3822372,-0.37191987,-6.0103927,2.513764,-1.5061378,2.9368012,0.109183736,-5.1943917,2.2904513,-5.097936,3.1533194,-0.07210398,-9.1750765,-1.080239,-1.425781,3.270934,-0.15324016,-5.6763725,2.714168,-1.0621182,2.9081187,0.1183884,-4.6499825,2.6598322,-0.42004046,3.1939762,0.063463226,-4.58564,3.8187804,0.3499650559105431,3368.9071353171335,0.20094647,0.073838644,location_D,part3,clip_013.wav
-139.61201,10.339243,0.82112944,-150.78633,-125.86761,15.83487,9.241404,-0.32671225,5.1932096,27.67971,10.819694,6.0010853,-0.23538245,3.2573066,18.337505,-0.54083866,5.2884407,-0.3090075,-7.083003,5.9486694,-5.018977,4.245269,0.14284012,-10.401129,0.45157397,3.4636369,5.5386357,-0.87823176,-3.3586125,9.912752,-0.33658868,4.3356733,0.18170616,-5.688867,5.141428,0.912389,4.20077,0.12898317,-4.2710004,6.4683895,-0.31537053,3.9574687,-0.042380918,-5.374007,4.4478917,1.9284822,3.8523035,-0.26845944,-3.0150814,6.7902603,-3.0627341,3.8983378,0.021367565,-7.955229,2.0448272,-2.1835554,4.2758174,-0.157741,-6.9939117,3.2470422,-2.6412513,3.3635633,-0.24358076,-6.8496094,1.5615836,0.47985846,3.1477025,0.04464487,-3.5294933,4.5195904,-0.8222573,3.0859733,0.044106945,-4.709742,3.0665627,-1.0430435,3.097987,0.07803918,-4.81968,2.938869,-4.350018,3.1865635,0.16633147,-8.367734,-0.29246217,-1.0316365,3.126672,-0.060429376,-5.020581,2.9105182,-1.8778005,2.9542603,-0.13783284,-5.682934,1.9369118,-0.10475863,2.7196972,0.039884586,-3.5403788,3.283949,0.37110623003194887,3375.4805076508915,0.22553419,0.11982627,location_D,part3,clip_014.wav
-142.42184,8.376057,1.0388587,-151.67476,-131.58644,16.11819,9.395033,0.2619685,6.0924606,29.923323,10.92732,5.898432,0.4714327,4.154628,19.407951,0.6140305,4.5094833,0.14227504,-5.1344633,6.3951435,-3.7469053,4.2675357,0.3488097,-9.074185,1.709796,3.6532156,4.333646,-0.20029509,-1.7030962,9.396276,-0.47087514,3.5189548,-0.045180667,-4.9616137,3.9007874,2.8972564,3.7269702,-0.015491784,-1.8864019,7.627449,-0.2126663,3.8524704,-0.05378221,-5.2816753,4.730647,2.3276339,3.626206,-0.15487361,-2.5270748,6.837859,-2.4355216,3.4669893,0.14678603,-6.7671986,1.8866463,-2.394296,3.5228908,-0.08860193,-6.6851425,2.0323665,-3.3740387,3.187805,0.033583265,-7.487628,0.63023317,0.27643344,3.1470072,0.26033327,-3.8197007,4.2746377,-0.17685336,3.1610405,-0.009904218,-4.2083135,3.8705668,-1.5932688,3.0881126,-0.075146355,-5.5808163,2.2644236,-4.7163997,2.889371,-0.121130824,-8.405327,-0.97846806,-0.5816948,2.9359906,-0.05307933,-4.313079,3.01981,-1.0027267,2.8849092,-0.098104924,-4.720237,2.6837723,0.17163442,2.6508794,0.04826296,-3.1507282,3.5944195,0.36855250349440893,3353.969746823027,0.23758487,0.119197905,location_D,part3,clip_015.wav
-155.74738,10.728829,0.80008703,-168.10205,-141.01205,33.538704,8.908386,-0.6983864,20.867912,43.56273,16.319605,4.9105844,-0.5105082,10.256403,22.33942,4.081063,4.3458576,0.24106482,-1.4130139,9.612083,-3.8411043,4.4348755,0.18069911,-9.673366,1.8760915,5.4765396,4.100752,-0.13611284,0.0849033,10.682032,-2.404847,4.076271,-0.11508398,-7.7534003,2.9154735,-0.64346224,3.850124,-0.053577125,-5.5787926,4.3117886,-3.6727183,3.7732038,0.19492821,-8.409224,1.375365,-0.21310107,3.7638562,0.17937972,-4.8367653,4.603241,-4.9135065,3.694228,-0.03835959,-9.656924,-0.33119637,-1.3278525,3.3931725,-0.15779822,-5.822203,2.9675546,-3.29097,3.1454058,0.037393827,-7.2302313,0.76604325,0.42830586,3.1016397,-0.06412674,-3.5030947,4.3021927,0.68937045,3.1417427,0.047902975,-3.2413366,4.6777306,-1.6502689,2.9718068,0.04718407,-5.558073,2.056478,-4.090256,2.7759297,-0.02818575,-7.729657,-0.572124,-0.097192466,2.8399646,0.011849347,-3.6951208,3.5656204,-1.6238173,2.9346404,0.07562851,-5.4483,2.1613338,-0.57397676,2.6614547,-0.0023866622,-3.8484297,2.8305936,0.218049558206869,2632.2078256871373,0.11434691,0.12346116,location_D,part3,clip_016.wav
-112.944496,6.2309566,0.86149573,-119.437416,-105.60979,16.713993,5.2802334,-0.5679658,10.130029,23.08775,10.603136,4.100022,0.12227034,5.659938,15.877375,1.5889357,3.6194103,-0.07930206,-2.9248462,6.224778,-4.8560376,4.152378,0.04102814,-10.101285,0.108736634,4.859738,3.8515131,0.033554636,-0.07224667,9.654901,0.3419904,3.7356684,-0.22297266,-4.234016,4.9311786,0.031742487,3.370647,-0.053115953,-4.417578,4.1538506,0.43730837,3.1881196,-0.0038035365,-3.531841,4.4353676,3.0672753,3.4167962,0.106675036,-1.305976,7.4877553,-2.1372988,3.3959322,-0.08118825,-6.584647,2.1204152,-1.2252791,3.5294647,-0.15115876,-5.640618,3.2314622,-2.7501137,3.2493653,0.053842545,-6.855975,1.3145473,1.907998,2.9654868,-0.015585293,-2.0360415,5.6658006,0.46851206,3.0305362,0.029006029,-3.2084112,4.3434925,-1.6256005,2.6939385,-0.08210036,-5.1157026,1.806378,-4.398897,2.8195138,0.1741924,-7.8867416,-0.68305665,0.015071286,2.8070467,-0.038618505,-3.4908423,3.6151662,-0.5046821,2.6504967,-0.0030519555,-3.7859564,2.9034975,0.782333,2.7504141,-0.056484506,-2.7011464,4.2078447,0.3655853758985623,3340.870001173451,0.24898237,0.15673721,location_D,part3,clip_017.wav
-167.11264,10.416332,1.9177417,-177.35619,-155.15112,21.69491,7.169473,-0.6435963,13.978855,29.564571,10.495824,4.538071,-0.13625367,4.6577024,15.969698,-1.2273376,4.290404,0.16759004,-6.9403486,4.286149,-7.1136227,3.988301,-0.11330284,-12.112246,-2.3626466,1.2083296,4.366865,-0.33075884,-4.799011,6.529312,-1.2771534,3.854923,0.10878304,-6.040772,3.7618647,0.049323067,3.5152564,0.035674386,-4.582225,4.4585223,-0.47577763,3.567059,-0.21530868,-4.7798176,3.9525738,-0.519496,3.6626916,-0.4128949,-5.356495,3.9809809,-3.0414999,3.5128531,-0.021157563,-7.508445,1.306142,-1.4663708,3.4820232,0.045989435,-5.6239862,3.0634542,-2.4694514,3.2753825,0.11537986,-6.403348,1.7420859,2.6701965,3.3557322,0.122392334,-1.5004567,6.9085846,-0.4207672,3.2788463,-0.09785321,-4.61801,3.536668,-2.2162142,2.824234,0.14447087,-5.7995424,1.4292998,-3.9021902,3.1191664,0.032443557,-7.9265575,0.17600471,0.44642913,2.9779196,0.0071387817,-3.465889,4.1173153,-0.8468961,2.8602648,0.07518791,-4.62581,2.7437477,1.145169,2.664088,-0.00048779338,-2.2788303,4.6016073,0.32563211361821087,3175.890854236713,0.21462262,0.056124896,location_D,part3,clip_018.wav
-166.7849,7.8539944,2.194742,-175.19928,-158.11092,27.617975,7.8099384,-0.29947752,18.645218,37.904175,11.741682,4.2685375,-0.111535944,6.4982853,17.15113,-4.1509514,4.504774,-0.281508,-9.678803,1.5074005,-9.909596,4.338819,0.18224962,-15.1426935,-4.695886,-1.7570856,4.0010104,0.15991932,-6.961348,3.5759077,-3.4736729,3.9294899,-0.2868021,-8.852872,1.4712615,-0.32289013,3.7896767,-0.3261802,-5.098237,4.308574,0.9253892,3.7956276,-0.08000124,-3.866475,5.7190847,1.4500397,3.5880544,-0.084026344,-3.026537,5.9528837,-2.5103376,3.289895,0.1647735,-6.7687035,1.6525099,-2.0891385,3.1547353,0.051152974,-5.8537745,2.0359983,-2.0917046,3.2689824,0.13974738,-6.119234,2.0309582,1.4978135,3.3116803,0.09469195,-2.661633,5.7888646,-0.4667815,3.1700819,0.00386283,-4.289994,3.5803308,-0.7874886,3.0191576,-0.059426572,-4.804962,3.0840487,-2.1563234,3.0247455,0.12717831,-5.910475,1.8369564,1.4602748,3.0029275,0.19047935,-2.3371372,5.2352405,-0.11797565,2.7752876,0.02105659,-3.670349,3.416225,-0.3108852,2.7677526,0.13514987,-4.041299,3.347491,0.27401158146964855,2923.729818395886,0.16817176,0.036455877,location_D,part3,clip_019.wav
-170.15186,11.163224,0.6210667,-182.05235,-156.58041,30.38764,7.0332594,-0.18188883,22.596302,39.061638,10.092984,5.9474964,-1.1220032,2.5485847,16.67102,-1.8208809,6.789422,1.0982939,-9.108439,6.723382,-11.34766,4.9928126,-0.7870965,-17.339542,-5.46609,-1.2804061,4.91397,-0.56121707,-7.0875626,4.412409,-4.841167,4.5956473,0.36613035,-10.429219,0.77717066,-2.1722438,4.5533323,-0.4160676,-7.698377,3.3045046,-0.20665918,3.9748147,0.2288186,-4.992347,5.1504593,-1.4087094,3.6813474,0.070760116,-6.1031656,3.3521776,-3.763922,3.5432117,0.12925936,-8.152839,0.5958501,-2.6172082,3.8451915,-0.2135736,-7.322234,2.3156407,-0.7172518,3.4881241,0.19298029,-5.1432962,3.6308956,1.5852523,3.4485593,-0.13371696,-2.729612,6.1258364,0.047686733,3.4206173,-0.120355494,-4.340358,4.2670536,1.408614,3.5099404,0.23520327,-2.868213,5.9531584,-1.5010984,3.3072968,0.060420647,-5.666111,2.7019339,2.0792766,3.4086604,0.009210029,-2.3801663,6.3729753,-0.9864841,2.8485281,0.02955246,-4.717705,2.7790701,0.19565734,2.7653286,-0.20836185,-3.4579282,3.4872346,0.23881165135782748,2730.3149949528956,0.12880938,0.112365745,location_D,part3,clip_020.wav
-172.9475,15.039592,-0.3720997,-192.38858,-155.00954,29.534391,6.982194,-0.040426172,21.13111,38.877785,10.174264,7.072156,-1.0235964,1.4370664,17.93983,1.2095901,7.2901077,0.6111259,-7.0603848,12.146848,-8.555109,6.048457,-0.1961462,-16.02425,-1.1324747,0.13031775,5.475032,-0.3703857,-6.9547114,6.3133335,-2.6158328,5.235153,0.3058052,-8.833916,4.1702805,-3.153225,4.7014217,-0.27967468,-9.394305,2.4364371,-1.1110048,4.48127,0.1269274,-6.869748,4.6486206,-0.29384866,4.5211606,0.11185332,-5.8838434,5.229804,-2.61189,3.7406826,-0.05613141,-7.4247813,2.086069,-5.514206,4.385238,-0.17751576,-11.183593,-0.27886075,-4.0902987,4.136178,0.14460215,-9.22217,1.4895048,0.09196907,3.5572536,-0.0661043,-4.216768,4.570619,-1.0686437,3.6292481,-0.038766555,-5.7066,3.5169835,0.24482836,3.8130093,0.08228237,-4.551201,5.0950413,-1.825889,3.5024676,-0.1357948,-6.2605524,2.77414,1.4196883,3.4231675,-0.078074455,-2.9871893,5.805706,0.1324386,3.636841,-0.1496636,-4.3559895,4.8345766,1.2128292,3.290466,0.02095288,-2.8993917,5.619464,0.2332455571086262,2756.4803855241607,0.121172726,0.11128438,location_D,part3,clip_021.wav
-164.72008,12.490269,0.09713056,-178.44518,-148.36925,18.719067,9.590656,-0.16176523,6.8145266,30.617867,10.950951,6.3419576,-0.9127314,4.664667,18.190525,-1.3824035,6.6582456,0.513807,-9.184656,7.5813246,-4.6345787,5.3739405,0.5318362,-10.538178,1.9862067,1.8712285,5.3878117,-0.7275423,-4.7984004,8.325999,0.8940207,4.5554857,0.11346884,-4.965596,6.7544084,0.53863025,4.1767225,-0.14653304,-4.806099,5.7247562,0.96803874,3.9372241,-0.038123075,-3.8699272,5.775551,-1.2323546,3.8927865,-0.40392047,-6.085049,3.5902884,-1.2958789,4.0250993,-0.02414113,-6.2517586,3.844132,-3.1275656,3.708313,0.14386736,-8.003359,1.6471553,-3.273656,3.3860152,0.11975291,-7.4693203,0.83871496,1.3314748,3.4560306,-0.14214818,-3.0281038,5.6419153,-1.2196708,3.6145492,-0.11111434,-5.844044,3.1931381,-2.0888338,3.112931,-0.08350778,-6.148526,1.7906322,-4.2288923,3.1499012,-0.097826526,-8.22028,-0.5374496,-0.24277644,3.1106403,-0.22560655,-4.2164145,3.6981325,-2.0679667,2.8343437,0.081314534,-5.556935,1.6591816,-0.5415508,2.7376442,-0.009647572,-3.961055,3.016546,0.3576168754992013,3327.721937638351,0.2061557,0.11903226,location_D,part3,clip_022.wav
-130.91048,8.215189,0.72065216,-140.19348,-119.207535,18.15234,5.672366,-0.30565235,11.807796,24.941395,9.572765,4.9760494,-0.31267607,3.6342022,15.404132,-2.2662294,4.628993,-0.079084225,-8.018982,3.487362,-5.1634088,4.1295424,0.11465647,-10.401098,0.2996289,5.479994,3.9572382,-0.10584754,0.52748865,10.574828,0.55041146,3.8583894,-0.14874914,-4.4568577,5.1225786,2.4615448,3.6360471,-0.039764713,-1.9969648,6.9236546,2.071956,3.6480913,0.01812638,-2.6103222,6.633577,1.2485633,3.6114705,0.15869161,-3.1776795,5.919346,-1.3112488,3.354001,0.19606481,-5.447094,3.0249174,-2.1896029,3.4040322,0.05109658,-6.35806,2.0538075,-2.6650488,3.2274196,-0.05768567,-6.635957,1.4821668,0.057025265,3.2171168,-0.041539814,-4.114748,4.013136,-0.8762182,3.0727437,-0.0031809798,-4.68509,3.2052386,-2.7786338,3.0984156,-0.060096897,-6.739305,1.0876681,-5.10738,3.0772908,0.09157037,-9.121983,-1.3147465,-0.49603802,2.9038785,0.19271338,-4.180129,3.23005,-2.3159907,2.627907,-0.21005659,-5.626992,0.9553164,-1.5566355,2.6842628,-0.09049537,-5.1127377,1.9765959,0.35181678065095845,3298.5897302536728,0.22821309,0.1543904,location_D,part3,clip_023.wav
-137.34465,6.9358883,1.066086,-144.8792,-128.31247,13.245234,5.7304926,0.19693133,6.7452,20.06319,6.109018,4.364555,-0.26867998,0.6925654,11.550369,-0.54089177,4.2634506,-0.17637984,-5.918544,4.582118,-3.1633015,3.820995,0.120516405,-7.7402706,1.6703433,4.774739,3.5704124,-0.21305044,0.32473183,9.253871,1.2629074,3.9922812,-0.09793578,-3.8594353,6.12631,2.378883,3.3322067,0.07925992,-1.7187804,6.8210206,2.5091448,3.3157144,-0.058546424,-1.8473291,6.803291,5.023068,3.3117578,-0.019315992,0.74046373,9.233576,0.69046164,3.5232499,-0.22735603,-3.7563376,5.041087,-2.5670516,3.0997612,0.18486841,-6.270397,1.2035079,-2.9445484,3.529718,-0.052773587,-7.4057684,1.5736338,1.0452378,3.122021,-0.04428703,-3.102706,4.9597373,-0.29231125,3.27644,0.044986915,-4.587742,3.9401975,-2.0432177,3.188602,-0.06218472,-6.19062,2.0350585,-6.1624966,2.9975786,0.09686541,-9.8438425,-2.2027743,-2.141533,2.8901565,-0.051217012,-5.7113,1.5294365,-0.22030295,2.750528,-0.10321622,-3.7162561,3.0671115,-0.8964193,2.7753685,-0.046941537,-4.374208,2.7391996,0.38070181459664537,3415.058622946015,0.25986758,0.13736966,location_D,part3,clip_024.wav
-171.41739,14.472948,0.35277143,-189.56699,-153.74194,7.656825,7.121665,-2.6052544,0.40543866,14.619243,7.038201,6.0498104,-0.18973814,-1.8417215,14.670996,0.9439725,4.21634,0.24991168,-4.249156,6.4872017,-1.323207,4.3485284,-0.10335235,-7.0072904,3.9583058,3.2456524,3.831891,-0.20558213,-1.5178996,8.014437,0.83195937,4.5108037,-0.29681924,-5.4636745,6.252162,0.8336326,4.0482316,-0.043293282,-4.215205,6.0007863,1.621436,3.7095873,-0.032047708,-3.0914884,6.488789,2.075047,3.6945202,-0.23087758,-3.006824,6.646014,-3.2493258,3.8554962,-0.054856353,-8.23649,1.4812926,-2.1654027,3.6639314,-0.0701344,-6.765681,2.3850875,-1.6260009,3.4404762,0.1530772,-5.625672,2.7234516,1.62484,4.0467477,0.1692606,-3.6151812,7.204223,-2.297834,3.6180058,-0.27682167,-6.784676,2.0045068,-2.7585032,3.677382,-0.05949048,-7.560654,1.9539149,-4.318881,3.2053075,0.16253845,-8.476187,0.101502106,-0.28647667,2.938736,0.075290054,-4.07482,3.4590716,-1.9578326,2.7337894,0.027778951,-5.57081,1.6167613,-1.0749454,2.8817077,0.1643458,-4.420682,2.5416133,0.4232647235576923,3687.879649116765,0.265562,0.02957253,location_D,part3,clip_025.wav
-233.63857,51.927723,0.81147027,-275.47318,-133.22824,-15.399668,15.322681,-0.71010375,-38.7485,0.9932473,-10.695993,7.5484614,-0.038181055,-19.645496,-0.87989026,-2.3700612,7.7545853,-0.5072275,-14.242214,6.5511594,-7.075356,5.719149,0.1438191,-14.329737,0.4535647,5.7618814,7.7894015,-0.495919,-5.048932,14.612221,-2.8795073,4.5421133,0.12155076,-8.63546,2.9857678,-1.4746996,4.437537,-0.22843425,-7.027762,4.0538793,-6.0010986,4.4952188,0.022159653,-11.659042,-0.5959012,-8.6107025,6.2025633,0.24703425,-16.07616,0.0493232,-8.345817,4.0914826,0.11836366,-13.686315,-3.2248096,-6.2481923,4.6069975,0.1667435,-12.073317,0.05403307,-3.0180144,3.709233,-0.15916277,-7.9306116,1.5721977,-4.093459,3.4151368,-0.12523589,-8.233854,0.23590116,-8.346273,3.9960928,0.13813728,-13.100289,-3.141005,-4.923567,3.9200404,0.14594968,-9.919312,0.11345053,-2.9142747,3.115502,0.063293956,-6.903576,1.0752203,-0.6460854,3.0510051,0.00029476444,-4.323288,3.2142467,1.84327,2.8959057,-0.15664658,-2.012479,5.434566,3.1167076,2.987403,-0.015742514,-0.83737016,6.893358,0.47054556459664537,3894.841858051906,0.19934706,0.028125264,location_E,part1,clip_001.wav
-215.13556,34.88151,1.4480685,-250.94502,-178.69084,-18.872164,12.654573,-0.91434115,-36.568,-4.9796667,-8.577994,8.782546,-0.7947574,-19.000088,1.9613748,-2.0988438,6.325464,-0.20528454,-10.125698,5.9739723,-4.8299446,5.4493036,-0.29741,-11.950078,2.2524261,2.448416,6.7624288,-0.6198675,-6.3264723,10.719099,-1.8297029,5.3995695,-0.47498515,-8.4070215,4.608226,-1.171047,4.1712513,-0.24255407,-6.581176,4.2014527,-5.6893945,3.8877447,-0.06679394,-10.649321,-0.5618944,-7.479579,5.1467595,0.351804,-13.833796,-0.54995257,-7.2209806,3.8838987,0.108837456,-12.040583,-2.236379,-5.3835783,4.6469917,0.13323689,-11.286541,0.6173464,-4.482668,3.8755894,-0.09935146,-9.537737,0.46262056,-3.8931806,3.298662,-0.082579,-8.43968,0.2704888,-8.3143215,3.67958,0.122538105,-13.061698,-3.7423077,-4.7664146,3.303843,0.32008526,-8.983383,-0.38959968,-3.3203619,3.0219257,-0.11446731,-6.9826517,0.4667179,-0.1417937,2.9072497,-0.2811841,-3.783752,3.3544083,1.8779289,2.897341,-0.16366118,-1.888469,5.4966364,3.6561148,2.7777438,0.09110382,0.29569793,7.1109076,0.4928115015974441,4045.310454289617,0.24422877,0.023132684,location_E,part1,clip_002.wav
-237.67754,25.433876,1.8312435,-262.57547,-206.04059,-23.623833,12.740304,-0.65295583,-40.189053,-8.565056,-4.411698,7.9161053,-0.8056803,-13.601119,4.753277,-0.6203887,5.551344,-0.048787232,-7.480005,6.4469633,-3.7240343,5.2624507,-0.04445996,-10.592613,3.0743418,2.6647587,4.9636893,-0.25198093,-3.6285553,8.7336035,-1.2923272,4.5574574,-0.63413304,-6.5499325,4.2694817,-0.15732615,3.6388483,-0.122809626,-4.774295,4.29749,-5.1849513,3.7672513,-0.036879968,-10.069681,-0.5734621,-8.627913,4.2860136,0.11920223,-14.015783,-3.018341,-8.233916,3.6265655,0.14386664,-12.941902,-3.5133967,-5.497649,3.628268,0.3570639,-9.827366,-0.8513451,-3.4018211,3.9265685,0.108664624,-8.258254,1.5426948,-2.6618109,3.3789735,-0.24056041,-6.935346,1.5310423,-7.738362,3.4121342,-0.12331461,-12.201576,-3.441169,-4.4117217,3.1021132,-0.061178025,-8.575777,-0.568002,-2.8349106,2.9912188,-0.05738994,-6.5168037,0.9181323,0.2672149,2.6741397,0.056786906,-3.334608,3.7534432,1.6703914,2.97369,-0.4168029,-2.0616937,5.138105,3.064819,2.5983138,-0.06662025,-0.30318248,6.277317,0.5323903629193291,4259.758445893657,0.23780774,0.01493557,location_E,part1,clip_003.wav
-236.70201,30.094885,2.3017542,-261.5484,-198.4631,-22.286823,9.906463,-0.39738798,-34.540432,-10.5333605,-7.3282185,7.798673,-0.83850384,-16.038342,1.8860273,-3.146918,6.070324,-0.60634106,-10.5826,4.0601754,-3.0784705,5.0472674,-0.49528474,-9.258429,3.0934844,3.1024907,5.0439744,-0.62092435,-2.9172442,9.07881,-0.9036093,4.3559566,-0.23807752,-6.3163385,4.627484,-0.13554978,3.8017251,0.14973876,-4.9372115,5.03977,-5.29735,3.845769,0.08547556,-10.098956,-0.34237754,-7.00985,4.003847,0.39886454,-11.987846,-1.963489,-7.1630216,4.1179676,0.45887893,-12.201441,-1.8630143,-5.6374083,3.8041847,0.3941705,-10.125128,-0.631517,-4.8137593,3.7090762,-0.11220628,-9.627777,-0.02493903,-3.01754,3.5670993,0.0687069,-7.635206,1.6276909,-6.945703,3.375179,0.065078735,-11.363085,-2.6190338,-3.5025833,3.089633,0.0912901,-7.4034624,0.55823344,-2.2409325,3.0421388,0.080601424,-5.9580836,1.55843,-0.12885994,2.8002913,-0.22987182,-3.7645292,3.3127704,1.0395193,2.8376865,-0.21158068,-2.7392848,4.6690063,3.38417,2.8117058,-0.02385407,-0.32875705,6.852249,0.5238228209864217,4220.085866955591,0.25858715,0.022585003,location_E,part1,clip_004.wav
-140.41502,12.056282,1.6876447,-152.89857,-126.62823,-13.379078,8.364013,-0.6814278,-23.865936,-3.4078012,-8.756029,6.6727796,0.2254,-16.775574,-0.018408835,-0.034369577,4.793897,0.19464053,-6.0399714,6.050206,-2.3393836,4.4442773,-0.06537973,-7.923502,3.3208895,5.928043,4.5492063,-0.29563603,0.14101619,11.428045,-0.5462626,3.7506897,-0.10816397,-5.507206,4.0298424,-0.35769612,3.639403,0.14075738,-4.998067,4.3054667,-4.9396667,3.4890907,0.12545912,-9.485237,-0.529132,-6.225318,3.8217342,0.08091984,-10.829396,-1.0880959,-6.903545,3.2952292,0.02273467,-11.100725,-2.5959957,-6.661686,3.2302377,0.088328734,-10.846159,-2.6323695,-4.9696074,3.3504205,-0.046886157,-9.302274,-0.70796335,-2.7726839,3.0942852,-0.26277152,-6.8310227,0.99578875,-7.643143,3.1398234,-0.04062044,-11.852531,-3.6191363,-3.6656127,2.7876735,0.10444983,-7.2577868,-0.028149277,-2.167982,2.7667658,0.09427484,-5.69808,1.450639,-0.02286637,2.677712,-0.04137325,-3.4531493,3.3111207,1.6016077,2.4698997,-0.016263505,-1.6735663,4.6602902,3.511231,2.6210093,-0.014567739,0.1270392,6.7676706,0.47428645417332266,3905.885328791869,0.25916606,0.06222559,location_E,part1,clip_005.wav
-267.55637,23.901833,1.8954679,-289.59482,-234.24155,-10.947359,13.243698,-1.0833988,-25.108395,1.058988,-7.164425,7.9197764,0.45491883,-15.605829,1.5162182,0.5669584,6.5015273,-0.27095047,-8.027631,8.504128,-0.16450481,5.249838,0.051262822,-6.546942,6.6604567,5.6181893,4.937053,-0.20758264,-1.1073745,11.727858,-0.6330371,4.3995147,-0.37319976,-6.0894947,4.6850805,3.085547,4.551806,0.23194844,-2.5183272,8.967018,-3.0350034,4.331685,0.33606875,-8.343821,2.7557778,-2.2944453,5.060883,-0.06502216,-9.065971,4.357462,-3.633718,3.9867966,0.00069991016,-8.927228,1.5973397,-2.8807697,4.089104,0.08020803,-7.9394646,2.4781728,-2.9413073,3.5578449,-0.10819786,-7.7182574,1.4480169,-0.9617384,3.449544,-0.31238887,-5.194763,3.255539,-5.0836787,3.6548917,-0.18355748,-9.536922,-0.36105764,-2.2121456,3.3512166,0.04971979,-6.5140924,2.0848234,-1.4312938,2.9582226,0.041748986,-5.039404,2.4414945,-0.25738573,2.8567874,0.04630419,-3.7586355,3.3740082,0.74915767,2.9756908,-0.1367685,-2.915736,4.391225,2.1878324,3.2802653,-0.002105067,-2.0360594,6.4426794,0.4745500948482428,3874.0167676987417,0.25337794,0.01632409,location_E,part1,clip_006.wav
-177.78238,19.994934,1.4229285,-197.65128,-148.72829,-10.8811245,8.558894,-0.97544837,-21.74518,-1.9457214,-1.3841622,5.9620113,-0.86309105,-8.453018,5.9455204,1.7604572,5.045491,-0.5472154,-4.4355135,7.8108854,-0.83144575,4.513045,0.012371072,-6.3481264,4.84829,4.737149,4.687586,-0.34765273,-1.2869495,10.315363,-1.4090471,4.242274,0.27219382,-6.719765,3.99104,3.9765372,3.8114347,-0.104083784,-0.9372889,8.721655,0.3364231,3.687747,-0.00869046,-4.453069,5.0274525,1.3093125,3.7645235,0.14042982,-3.630906,6.2025013,-3.0148425,3.3021123,-0.09557114,-7.193692,1.3093439,-1.1140014,3.3493226,0.028632838,-5.3635178,3.1461554,-1.4185939,3.4250636,0.044763196,-5.696416,3.013827,0.4931654,3.1242218,-0.0072976155,-3.438219,4.4872656,-3.318963,2.9823315,0.21044584,-7.1844306,0.58641464,-0.7832539,3.3246992,-0.028187979,-4.9633207,3.2476711,-2.387857,2.9602249,-0.21451858,-6.2455482,1.4222045,-0.66811436,2.9817839,0.058393236,-4.3752356,3.0721736,-0.29590863,2.705817,-0.10579521,-3.7935925,2.9813838,0.87466526,2.5947554,-0.027870798,-2.5863729,4.166011,0.5153317192492013,4003.293374575643,0.28168842,0.04022651,location_E,part1,clip_007.wav
-199.24278,18.499077,2.0869322,-217.72656,-179.17181,-14.778529,7.8413024,-1.0587074,-24.960274,-6.861432,-1.9707184,5.264987,-0.35641482,-7.9224644,4.6887712,-0.19984773,4.7919874,-0.41680163,-6.171084,5.6850004,-1.0856973,4.3971796,-0.18222798,-6.6616144,4.237947,4.492352,4.3481455,-0.4310598,-1.0835354,9.735488,-0.8145567,3.8178334,0.05895174,-5.664793,4.2395144,3.271484,3.8091562,-0.3130997,-1.0891016,7.917492,-0.854781,3.6340365,0.014540145,-5.481589,3.68804,1.684152,3.513391,0.12588651,-2.8447223,6.262863,-2.503639,3.4620752,-0.027768636,-6.8327303,1.8029679,-1.3385335,3.3726463,0.028552696,-5.743681,3.2147613,-1.4369162,3.6436846,0.18490216,-6.005316,3.1013165,0.6981435,2.985586,0.06888524,-3.0786092,4.576665,-2.7918196,2.9666238,0.14000037,-6.558649,1.0045719,-0.29359192,2.98771,-0.14163582,-4.188307,3.5596747,-2.687747,2.9734323,-0.014472408,-6.477976,0.9101536,-0.65571165,2.9636152,-0.08789647,-4.465743,3.0567431,-0.60762477,2.65266,-0.11373235,-4.002688,2.911066,0.6285892,2.5181913,-0.017668221,-2.6063414,3.9781122,0.5314044403953674,4130.342127398448,0.29828733,0.02235619,location_E,part1,clip_008.wav
-243.7925,23.592554,2.0228505,-266.58557,-216.24504,-14.901312,13.846733,-0.43011296,-29.934242,-2.0578172,0.36451915,8.259455,0.7441127,-8.732689,11.067688,3.6451697,6.190525,0.83925927,-3.3185756,11.344366,-0.47210762,5.226475,0.44710505,-6.698909,5.8012238,3.8490756,5.4579554,-0.46085873,-3.3950558,10.556459,-1.5057131,4.5941286,0.114065796,-7.060759,4.3734136,2.952743,4.1275187,-0.24840626,-2.2049916,8.200043,0.29874948,4.217762,0.036042113,-5.171377,5.6969967,1.7368488,3.9336069,-0.19779703,-3.1824718,6.3911715,-2.211128,3.8313525,0.16921796,-6.9698434,2.6136773,-0.083767116,3.447474,-0.020742584,-4.4502487,4.2758074,-1.2412387,3.4841886,0.032683004,-5.606018,3.1172028,0.8329055,3.2197776,0.00475926,-3.2017705,4.9804597,-2.5751123,3.1716785,0.047861382,-6.567257,1.3780856,-0.7118732,3.2855415,-0.14322913,-4.776065,3.529524,-1.6214569,2.9809892,0.05126773,-5.314893,2.2918181,-0.21469253,3.13727,0.03502999,-4.14828,3.7289624,-0.23434769,2.6612465,0.052509286,-3.5981853,3.1855125,0.7098816,2.7914608,-0.057562802,-2.8096788,4.3832197,0.5205234125399361,4127.403498449065,0.25962284,0.019833192,location_E,part1,clip_009.wav
-199.18306,24.168337,1.1062157,-223.36375,-162.04279,-23.044882,18.305458,0.1162414,-47.791718,-1.5096885,0.9811387,8.402202,0.4620672,-9.33032,11.055411,4.859125,7.793826,0.5846947,-3.8321195,14.980148,0.49980178,5.7910385,0.3239191,-6.5131874,8.457525,3.726842,6.1675186,0.37939394,-3.0586247,12.027031,-0.04986807,4.8696585,0.07273912,-6.0358706,6.23407,5.0549717,4.6275096,-0.16411777,-0.4796589,10.75514,1.2405852,4.5916386,-0.15457286,-4.6517153,6.794606,0.6785306,5.0862517,0.19880132,-5.531231,6.5544004,-2.1092312,4.5694656,0.44242722,-7.1554494,3.6177864,-2.3548708,4.2248607,-0.5083333,-7.3742075,2.560655,-0.15133594,4.10999,0.03153402,-4.909881,5.030688,0.9760703,3.456361,-0.14932331,-3.464563,5.3168206,-3.2581544,3.5420945,0.4915084,-7.513007,1.0734241,-1.719881,3.799843,-0.12766296,-6.6617036,3.2417839,-1.8953528,3.875443,0.72448194,-6.442104,2.4965768,-0.005050354,3.5514028,-0.52196616,-4.236008,4.2118454,-0.3775105,3.4908679,-0.03441255,-4.3847003,3.6308603,0.73789924,2.9782917,-0.14424364,-3.1284442,4.633568,0.537753656649361,4260.24667415512,0.21752052,0.03788385,location_E,part1,clip_010.wav
-230.587,40.964584,0.82838804,-267.4882,-166.74396,-26.214157,18.514553,-0.56578165,-54.356316,-5.8254795,-2.887408,7.776117,0.96133506,-11.301121,7.2766232,4.4210544,6.6526995,-0.34536582,-4.2328815,12.370496,-0.33560064,5.966632,0.6928105,-7.081107,7.3715687,3.8484733,4.7439227,0.104521304,-2.305808,9.733025,0.32773542,4.7877545,0.13016814,-5.5667925,6.5295544,5.802249,4.0213013,-0.18023701,0.45514536,10.892551,2.2555876,4.026081,0.22650984,-2.7732904,7.607926,1.4721721,4.0779953,-0.051787272,-3.4890752,6.873634,-2.3676014,3.7226377,0.016895112,-6.9023867,2.4751816,-1.6676358,3.5500603,-0.05948495,-6.0362763,2.7056472,-1.0105538,3.4275322,0.065247364,-5.2521496,3.4896169,0.86857206,3.03459,0.038488768,-3.0911977,4.860402,-2.8040822,2.9559312,0.0022411458,-6.453995,0.9280237,-1.3837181,3.0550258,-0.13828252,-5.2654915,2.5322478,-2.3711703,3.1608582,-0.11906946,-6.3926563,1.4824724,0.54211783,2.8052056,0.026404446,-2.9124594,4.08403,-0.32891706,2.7566803,0.029298043,-3.6529384,3.2770562,0.7121704,2.5722532,0.040199354,-2.6489227,3.9335346,0.5398222219448882,4288.303701928522,0.23595256,0.030254468,location_E,part1,clip_011.wav
-197.48395,36.4068,0.4627888,-240.39606,-144.4721,-23.4501,18.31049,-0.014380966,-48.661827,-3.0707586,3.7796288,10.410398,0.7078201,-7.5825086,18.699402,9.396781,8.755438,0.073219515,-0.8353529,21.323631,0.23577496,8.364802,0.62330174,-9.418154,12.125064,4.763028,6.956336,-0.2862393,-4.2718573,13.487032,-0.7557912,6.398523,0.15451819,-8.6112175,7.9026227,5.8530507,5.054231,0.3955364,-0.47768676,12.190556,3.015272,5.02541,0.21377783,-3.4925556,9.389112,-1.2693429,5.3386936,-0.038495883,-7.7098827,5.408177,-3.588668,4.845986,0.631115,-9.390787,2.342544,-2.7827606,4.2258825,0.08898546,-8.0117445,2.1485102,-0.15625682,4.9419427,-1.1290097,-5.6428595,5.6936693,1.8345251,4.1645927,0.23573558,-3.381899,7.1220493,-3.6257448,3.7327096,0.06109321,-8.210636,1.0181056,-2.1749685,4.0055823,0.27892917,-7.132331,2.3429232,-4.2344956,3.6841824,-0.74846447,-8.389163,-0.04649502,-0.21060482,3.9383733,0.3149278,-4.482545,4.1983495,0.11411393,4.4799085,1.1675863,-4.4551125,4.5445232,0.6515303,3.5812683,-0.55162096,-3.811575,5.0208006,0.515781000399361,4195.333567774756,0.19331679,0.04056481,location_E,part1,clip_012.wav
-252.80257,26.820082,1.398858,-278.04245,-211.06227,-21.09407,16.06444,-1.1452109,-45.450714,-5.376027,1.1490697,7.8236704,-0.059995655,-8.509417,10.8480835,6.0597463,6.2832417,-0.50545335,-1.8692354,13.81225,-3.5990205,5.217486,-0.0033010722,-10.152485,3.150448,2.801676,5.4789877,-0.33033592,-4.1832833,9.465355,-3.472453,4.72354,-0.0051005343,-9.283683,2.5584862,4.4679246,4.450442,-0.35752144,-1.1535363,9.883228,-0.009529908,4.6352177,-0.2916519,-5.36151,5.6056957,-3.0491989,5.04692,0.4337004,-9.219824,3.059743,-5.844568,4.523173,-0.68887824,-11.392792,-0.37658107,-3.7869158,4.006901,-0.16013743,-8.788798,1.3928555,0.7502669,4.277103,0.09440491,-4.700231,6.6022596,0.9174791,3.4600136,0.03465207,-3.3888793,5.2328577,-4.977742,3.5617876,0.092749156,-9.454157,-0.25350052,-3.8482254,3.9243338,-0.17189127,-9.073923,1.0859507,-3.720623,3.3941512,-0.54373544,-7.9249964,0.33136338,-0.9463893,3.4323518,-0.32934183,-5.1507063,3.064168,0.43265733,3.0907404,0.06269149,-3.1615534,3.9853497,1.971748,3.157687,-0.36873853,-1.9986122,5.945193,0.5323919229233227,4208.129669336759,0.20253445,0.020767031,location_E,part1,clip_013.wav
-193.8861,22.016134,2.2350116,-214.80225,-168.86293,-16.897709,11.168175,-1.424574,-31.915667,-5.6235437,2.0812445,7.9246187,-0.023508728,-8.594582,12.403287,5.5200186,5.1940494,-0.15989166,-1.6254438,11.882423,-2.9009278,4.6778917,0.012018428,-8.881479,3.0232573,2.1389685,4.8492823,-0.095835224,-4.201316,8.230534,-3.53048,4.5519238,0.0009843103,-9.576933,2.3769026,3.8797722,3.9682944,-0.040654503,-1.2184978,9.061825,0.46324906,3.8222225,-0.20155974,-4.6189666,5.1615853,-2.80548,4.6436253,-0.060393803,-9.123572,3.003483,-4.7205048,3.7460344,0.008526689,-9.373119,-0.01739502,-3.0116608,3.6619885,0.040296495,-7.744628,1.416953,0.65203464,4.025513,0.08537825,-4.509665,5.757456,0.7735535,3.426511,0.018560724,-3.6449287,5.2878723,-5.1732945,3.3228166,0.25087163,-9.369784,-0.9196998,-3.8680034,3.8499217,-0.28722626,-8.620106,0.9908688,-3.357204,3.0836735,-0.08633183,-7.39761,0.75007486,-0.6411581,3.093373,-0.10000973,-4.853684,3.1709745,0.66881746,2.8802402,-0.024577353,-3.0217957,4.4324474,1.6359593,2.8187027,-0.22043444,-2.1804013,5.126121,0.5277259509784346,4167.168201819117,0.2402023,0.024728535,location_E,part1,clip_014.wav
-247.46947,32.344376,1.0373814,-281.12906,-199.14662,-21.056604,18.273264,-0.85388654,-49.42107,-1.7446324,-0.0003346873,9.013669,-0.102102354,-10.674166,11.213608,6.199048,6.325216,-0.49295366,-1.8217235,13.943666,-4.220452,5.5538898,-0.25230908,-11.341003,2.6828218,2.9946167,5.824369,-0.59713006,-3.955267,10.263387,-2.9066916,5.012516,-0.063305184,-9.384288,3.6101003,4.328479,4.103618,-0.0024077871,-0.9645083,9.499296,0.5004061,3.8116791,0.09722803,-4.3269815,5.530301,-1.604629,4.5705714,-0.096648715,-7.455973,4.255352,-5.162105,3.7666938,0.12563732,-10.002121,-0.17703629,-2.7929795,3.7823553,0.088675834,-7.539749,2.1712213,1.2121612,4.0787187,-0.13271424,-4.438393,6.441374,0.67834204,3.5775998,-0.20448086,-3.8612175,5.2279367,-5.240939,3.3821623,-0.13321404,-9.582226,-1.056246,-2.7477932,3.4908018,-0.290038,-7.237392,1.5470718,-3.094051,2.918673,-0.00840032,-6.8872404,0.59942734,-0.34359512,3.145772,-0.05601247,-4.2246513,3.9165707,0.2258426,2.8126829,-0.054188725,-3.490668,3.9086957,1.5979307,2.9388273,-0.081061356,-2.1381834,5.4131155,0.5229008586261981,4151.247226782926,0.20389292,0.028851086,location_E,part1,clip_015.wav
-209.46982,16.310032,1.3602034,-226.94327,-189.48083,-15.985378,10.542853,-1.0050457,-29.83228,-4.805769,4.3617907,7.530107,0.29207033,-4.8465805,14.306737,5.827158,5.799276,-0.04371735,-1.6736097,13.1423855,-2.9251895,5.113921,-0.052064247,-9.291698,3.8492057,2.4614038,4.5084076,-0.014269949,-3.5225544,8.133841,-3.4139998,4.3426733,-0.04009315,-8.866507,2.1950455,3.815335,3.935715,0.03848006,-1.117496,8.784092,0.37106675,3.933085,0.032413244,-4.790805,5.5299616,-2.8681445,4.286541,-0.06903748,-8.548604,2.531392,-5.268106,3.740546,0.1321897,-9.968177,-0.20371825,-3.1641176,3.8467677,-0.043193318,-8.011328,1.8782475,0.5422579,3.8098729,-0.052222773,-4.4737654,5.6702156,0.4939472,3.4408946,-0.0906874,-3.9261618,4.955948,-5.662637,3.3460414,0.12138087,-9.97225,-1.3000531,-3.3878016,3.6109185,-0.09800568,-8.007819,1.1315265,-3.7232797,2.9497015,-0.08067976,-7.543691,-0.017476067,-1.143384,2.9739327,-0.07196789,-5.161177,2.6229968,0.41017452,2.8326745,0.038089577,-3.1915793,4.129447,1.5506289,2.770787,0.22381632,-1.9249433,5.0314827,0.5337397663738019,4204.0885479986655,0.23151115,0.016058696,location_E,part1,clip_016.wav
-222.18694,24.649868,1.470633,-247.44301,-191.77957,-18.925833,13.270693,-1.0837823,-35.458275,-4.6634803,1.7682362,9.080215,-0.094773,-8.995123,12.930376,4.6817245,6.009714,-0.12599064,-2.7591763,12.4043255,-3.1515884,5.2153463,0.025483403,-9.341012,3.5847158,1.0796126,5.553736,-0.41957065,-5.8080554,7.8508587,-4.8782687,4.3007097,-0.17672066,-10.360002,0.51997936,2.659972,4.370411,-0.15498397,-2.8841197,8.320115,-0.18166657,4.029479,-0.03886059,-5.161667,4.9581385,-2.4149435,4.3506613,-0.061406814,-8.022167,3.2003493,-5.040674,3.8191848,-0.15205248,-9.900745,-0.25440535,-2.9409306,3.789724,-0.011615171,-7.444025,1.8521945,0.31694046,4.0061584,0.19142058,-4.804111,5.5299697,0.5453065,3.3874028,-0.05207868,-3.5937777,4.870341,-5.029012,3.2777448,0.0016249502,-9.128558,-0.8172498,-3.0928237,3.733048,-0.14637108,-8.033282,1.542277,-3.8394873,2.8961413,0.054364394,-7.5080223,-0.05460322,-1.4595976,3.1681318,-0.066978455,-5.773755,2.5343332,-0.29249123,2.7672358,-0.11004028,-3.8234015,3.2624874,1.2179188,2.8691394,-0.06980576,-2.4554248,4.723377,0.5371140550119808,4202.709112524743,0.23084581,0.025476687,location_E,part1,clip_017.wav
-200.89151,32.03121,0.57382745,-238.73112,-155.9902,-31.001194,17.392006,-0.59578556,-55.93103,-10.612796,3.4241045,6.8736215,0.4763552,-5.013318,11.799112,3.0774395,5.5758486,-0.044362944,-3.9751954,10.200348,-0.40412936,5.345757,0.21826288,-7.0452337,6.5402937,1.0434171,4.70116,0.02974403,-5.0316496,6.655986,-2.318359,4.602687,-0.1304486,-8.50282,3.6623645,2.9715245,3.9647572,-0.20694883,-2.0891972,7.920028,0.7686309,3.7690747,0.14537612,-4.1002693,5.649723,-1.3183657,4.106087,-0.06816665,-6.852662,3.7090392,-5.2093596,3.651969,-0.03338298,-9.885377,-0.6978157,-2.425347,3.8119042,-0.1702152,-7.479617,2.2310667,0.42544943,3.753083,-0.045602042,-4.3107724,5.088065,0.56289196,3.363023,-0.082402244,-3.63241,4.905959,-4.180403,3.384485,-0.050491624,-8.580404,0.20325655,-2.8162272,3.5934494,0.0002219901,-7.4784155,1.6689019,-3.4181454,2.9196165,0.016781611,-7.1451783,0.39510602,-0.66783327,2.9471405,0.13717535,-4.437166,3.0104527,0.037288133,2.6889083,-0.16227509,-3.4927697,3.298635,1.2771562,2.811325,-0.12040308,-2.312859,4.81933,0.5912649136381789,4583.790420042814,0.21618028,0.06285182,location_E,part1,clip_018.wav
-173.15907,29.194328,0.61627305,-206.63458,-130.27087,-28.456942,13.577657,0.24718258,-45.464348,-9.580608,2.9217033,7.4294176,0.25333178,-6.001693,11.991709,2.2002041,5.5040197,0.30711114,-4.437285,9.348463,-1.0016246,4.671393,-0.3710871,-7.0998106,4.8443093,1.1357961,4.6001797,0.079979464,-4.7295303,6.911275,-1.6617914,4.0620604,-0.040284984,-7.02602,3.3996062,3.6928053,3.7306218,-0.004315276,-1.2193059,8.380363,1.8136944,3.7332962,0.041058723,-2.970539,6.592791,-0.7329758,4.4111705,-0.08223774,-6.369063,4.773615,-4.633084,3.6088057,0.06221993,-9.237283,-0.13916966,-2.618277,3.6263251,-0.03692285,-7.2280135,2.1414123,-0.4967776,3.580991,0.026907373,-5.044067,4.3367777,0.26943758,3.1506357,-0.100283414,-3.7446926,4.405319,-4.2289586,3.3170257,-0.11168502,-8.460074,-0.089257956,-2.5304768,3.3470852,-0.18131113,-6.7962723,1.7447913,-2.8971467,2.9772034,0.028728519,-6.704612,1.0650058,-0.6986828,2.9533484,-0.09563338,-4.3912234,3.0833817,-0.15692997,2.5930672,-0.06813959,-3.5443823,3.092914,1.7097216,2.743693,-0.05462453,-1.7255095,5.2532444,0.588726787140575,4549.655212692007,0.22713654,0.04795579,location_E,part1,clip_019.wav
-269.12585,36.28845,1.766886,-301.37772,-219.3204,-19.328949,15.551774,-0.48793995,-41.108162,-0.03943206,-1.8354312,9.458745,-0.5180953,-13.814853,9.514447,4.721471,7.0946913,-0.743088,-5.0521927,12.874882,-3.4504745,5.3528953,-0.11291325,-10.477423,3.528192,0.9168207,5.88555,-0.47845575,-6.7231545,7.9439907,-4.40611,5.0459785,-0.21654265,-11.0777645,2.2442534,3.2333412,4.3976912,-0.23640743,-2.516249,8.859555,1.4915792,5.256713,0.41315216,-4.4439054,8.084315,-1.7510945,4.493353,-0.079447076,-7.679568,3.752115,-5.4351716,4.110793,-0.05645043,-10.891524,-0.14674081,-2.7125206,3.5344281,-0.004095743,-7.105371,1.9672256,0.56149167,4.0616736,0.05107801,-4.485373,5.919579,0.15134594,3.4501734,-0.20363349,-4.487758,4.531976,-4.692181,3.5921564,0.039556228,-9.355458,0.011575091,-2.9723375,3.569304,0.010031004,-7.470543,1.488088,-3.5775547,3.1947489,-0.0054862173,-7.6658125,0.55037636,-0.22047013,3.05196,-0.034404445,-4.3492184,3.6917846,0.40920317,2.9920056,-0.032893315,-3.5788186,4.159977,1.2868974,2.7804885,0.023314586,-2.2462835,4.7309246,0.5136366382087629,4109.090790410187,0.229424,0.013757663,location_E,part1,clip_020.wav
-220.88228,33.25502,-1.5075928,-258.4601,-176.60185,-2.7779198,15.202925,-2.6008265,-14.052878,10.411571,-9.699322,12.207703,0.16084406,-24.452637,1.902693,-2.0714042,6.9758263,-0.14370626,-10.190378,6.769895,-4.1469946,8.924688,-0.38421127,-16.744122,6.061548,-1.381118,6.02955,-0.22511655,-9.4085865,5.7042017,-5.2409325,6.2578397,-0.47433162,-13.347009,2.3034525,-3.2032914,5.3535542,-0.24247499,-9.562815,3.0116787,-0.6425576,5.191243,-0.119821526,-6.83648,6.021282,-0.79809546,4.503744,-0.18535201,-6.2045574,4.8718767,-2.5580826,4.5810857,0.15236238,-8.039732,3.2715468,-2.898537,4.891075,0.49727285,-8.818239,2.8609114,-1.450402,4.756223,0.7184169,-6.846681,4.7048993,-0.62392575,5.332375,0.20215961,-6.9905853,5.1514688,-1.9724923,4.9248695,0.2806447,-7.8972754,3.8251338,-1.1410255,3.9991214,0.16838309,-5.8844805,3.7729883,-1.12804,4.601443,-0.29289377,-7.15817,4.2685547,0.8323536,4.613373,0.005539453,-4.8064013,6.284746,-0.7917495,4.6871448,0.5153123,-6.0837197,4.961436,0.2050208,4.0874257,-0.01144432,-4.7631598,5.116161,0.4098489292132588,3594.6055859945336,0.21676947,0.038718287,location_E,part2,clip_001.wav
-175.30869,22.203173,0.2086061,-201.25433,-145.49623,-10.047905,7.0075927,-0.19371514,-19.32996,-1.0364541,-8.014623,5.0008836,-0.32432967,-14.26405,-2.1967208,-1.590973,5.553588,-0.17966123,-8.538282,5.7886257,1.7415617,4.318604,-0.5758163,-3.6081913,6.8147798,2.4047139,4.232825,0.17724702,-2.7376556,7.8108644,-2.4330957,3.7343132,0.080806814,-7.376774,2.1362987,-3.1236303,5.4512253,0.248916,-9.611104,4.0387964,-0.60169894,4.241789,0.1071992,-6.0471134,4.9114695,1.4985989,4.192425,0.09751134,-3.8436654,7.1074505,-2.9203532,3.2173972,0.05613037,-7.036401,1.460855,-0.37751707,4.1470137,-0.049243208,-5.615087,5.042036,-0.6231755,3.5957274,0.0703416,-5.4023,3.913391,1.204076,3.6689303,-0.12307993,-3.4316185,5.792903,-0.97801185,3.8137066,-0.13653935,-5.8828297,3.8099642,0.4053387,3.3323133,-0.060451824,-3.813294,4.511974,-0.0031872424,3.4413815,-0.09514737,-4.498024,4.424877,1.26216,3.1713996,0.021666216,-2.7172465,5.3321743,-0.65399337,2.9152956,-0.043817975,-4.3983245,3.2613177,1.1021494,2.8407152,0.026850248,-2.5032551,4.7437477,0.4836761182108626,3902.25962695182,0.27438593,0.04680055,location_E,part2,clip_002.wav
-218.44708,12.858294,1.2284938,-232.08083,-202.70575,-9.434599,7.4971943,-0.49704957,-19.410244,0.08388734,-3.3726025,5.380314,-0.17149033,-9.932877,3.6122243,0.70216477,5.082575,-0.002806686,-5.883938,7.4658704,0.1399416,5.719007,-0.49234718,-7.116826,7.0267587,2.7179525,4.7394547,0.59377307,-2.7964332,8.539509,-2.189018,4.976832,-0.38015366,-8.456325,4.043494,-1.4600924,4.1393743,0.06779897,-6.907836,3.6842613,-1.4333887,4.0981016,0.009721041,-6.5950003,3.78718,-0.60259044,3.9578695,0.19536382,-5.5958133,4.30505,-4.373557,4.0021424,-0.09308516,-9.28796,0.7832818,0.63246393,4.4161005,0.18673876,-4.663069,6.505726,-3.8359716,3.864425,-0.08705102,-8.712229,1.1526439,-1.1529156,3.9230855,-0.20468497,-5.810379,3.731031,-0.83457816,4.510069,0.6299608,-6.0555143,4.619295,-1.4460171,3.7726548,-0.2965273,-6.5450563,3.179425,-1.0025867,4.349413,0.677898,-6.1262093,4.6400347,0.7311513,3.5354757,-0.43023267,-3.8327808,4.959403,-0.92121965,3.0858755,0.17001598,-4.64772,3.0759034,1.7012283,3.7282536,0.6050783,-2.7329407,6.383547,0.49339962310303515,3970.1041168348265,0.26684952,0.049096286,location_E,part2,clip_003.wav
-115.1676,21.74288,-0.2399791,-147.35231,-89.47277,-12.868178,7.8294535,-0.023341943,-22.635023,-2.9483058,-6.279899,4.466762,0.014378851,-12.017782,-0.72493947,1.002443,4.106257,-0.22198536,-4.470583,5.993267,0.30036703,4.238336,-0.5010956,-4.7886024,5.378504,2.0457354,4.1509223,-0.2533817,-3.4358153,7.383136,-3.0548904,3.8014019,-0.041679785,-7.9624033,1.7005655,-3.5959644,3.6588697,-0.010794675,-8.320012,1.1246789,-2.2787051,3.3996408,-0.2348315,-6.5601687,2.3198898,-0.013564225,3.4763556,-0.08677282,-4.393172,4.4226327,-2.5248003,3.59891,0.01465376,-7.0357504,2.0282164,0.71199757,3.526497,-0.069035046,-3.779205,5.2379513,-2.7049987,3.3355036,0.076421574,-6.982702,1.6554648,0.28766832,3.2043002,-0.0998062,-4.0223722,4.434993,-0.54042387,3.2388802,-0.18423845,-4.6084948,3.5793595,-0.21745384,3.031529,-0.06729149,-4.070234,3.5368185,-1.4586458,2.8904598,-0.12414017,-5.088273,2.1803598,0.4896222,2.95815,0.06361416,-3.2149808,4.3268127,-0.908976,2.8214595,-0.036489315,-4.504301,2.6529417,0.49046236,2.5965781,-0.023800744,-2.8881097,3.9171066,0.49331850289536744,3967.328380695771,0.30932075,0.08994696,location_E,part2,clip_004.wav
-158.44687,18.83754,0.84641975,-178.9033,-129.62077,-9.363122,6.6771836,-0.56620634,-16.539091,-1.4416225,-6.202726,6.2672596,-0.4183157,-13.796412,1.4772415,0.37766904,4.715334,-0.45814854,-5.04469,5.996087,2.3550994,4.4719734,-0.53312534,-3.0984929,7.6756344,2.6098626,4.5471764,-0.11191756,-3.12369,8.585557,-0.618783,4.3045278,0.13552514,-6.083582,4.662944,-1.8968868,4.0989466,-0.12772293,-7.3091707,3.3056724,-0.8311647,3.9213781,-0.080984995,-5.935519,4.2275567,1.5467216,3.6866875,0.028831089,-3.154995,6.2785215,-1.5388554,3.6217437,-0.19349344,-6.1503854,3.038577,0.50494456,3.5524611,0.052184556,-4.025927,5.141694,-1.8416579,3.6502795,0.10692314,-6.4743853,2.830936,-0.6181137,3.7560673,-0.23517345,-5.592489,4.093392,-0.47375986,3.4629667,-0.36016008,-4.9386516,3.7899704,0.62782663,3.1035686,-0.30514008,-3.1348891,4.373524,-1.7158582,3.3826427,0.20732398,-5.9459295,2.541633,0.93071073,3.2745602,-0.03327873,-3.1480694,4.968279,-0.12049096,3.0824172,-0.033849884,-4.1883783,3.6718726,0.5004318,2.784437,0.12017036,-2.983912,4.1208515,0.48231111471645366,3918.175634125718,0.29831132,0.05619092,location_E,part2,clip_005.wav
-166.37453,20.14159,0.45670247,-189.05016,-139.14659,-3.9843545,7.7507005,-0.39651206,-13.595389,5.619319,-9.5564575,7.0076485,-1.0155585,-17.655687,-1.8169568,0.65927666,7.1642966,0.68605953,-7.250554,9.6299515,-0.021468643,4.71427,-0.2553214,-6.1090155,5.7126646,2.5087805,4.179304,-0.12185401,-2.735686,7.8886957,-0.63196456,4.5202355,0.3398204,-6.269639,5.214493,-2.6391482,4.3401446,-0.113281526,-7.966631,2.7282698,-0.029810887,4.0960712,0.3180214,-5.394702,5.062989,2.372061,4.0689754,0.08788374,-2.7986631,7.683955,-2.104347,3.9396544,-0.11691918,-7.246092,2.8413348,0.8724389,3.8244293,-0.04156033,-4.07211,5.677717,-2.658595,3.7135794,0.04267829,-7.4263897,2.2303886,-0.02043498,4.062989,0.7197957,-4.864287,4.7426786,0.7089205,3.693817,0.49988925,-3.8511648,4.9978743,1.356008,3.2425106,0.15148038,-2.7133286,5.5426044,-1.1680121,3.48159,-0.19299759,-5.6292706,3.184402,0.7639062,3.1483583,0.10295754,-3.4423716,4.65479,-0.0009074902,2.9891365,0.0058714855,-3.7096758,3.8131444,0.9065011,3.0766687,0.15919507,-2.9258614,5.0432897,0.4258405301517572,3645.040153102942,0.26076496,0.027514046,location_E,part2,clip_006.wav
-205.78787,17.418167,0.33236313,-226.88522,-187.52824,-1.8866103,7.7392225,-1.6019485,-9.832488,5.817542,-9.476222,4.646365,-0.13298638,-15.643469,-3.9000058,-1.3450441,5.48737,0.7558121,-7.6811996,4.986183,-0.9075798,4.8690987,-1.049178,-6.49045,4.5761003,2.9437907,3.9154608,-0.2658614,-2.4785879,7.7757273,-1.1758949,4.030085,0.40519837,-6.1139193,3.5265627,-1.9118543,4.500126,-0.8232384,-7.007271,3.4115453,-0.36341044,3.7437463,-0.05315542,-5.308302,4.442786,2.3611796,3.8431067,0.22701553,-2.5470433,7.197695,-1.3213509,3.6546495,-0.13609746,-6.1864433,3.374658,0.69556797,3.622176,-0.032298952,-3.9542904,5.395552,-2.2208948,3.6692657,0.283002,-6.72261,2.7192202,-1.2893163,3.5388162,0.053313036,-5.6644487,3.3079176,-0.20901017,3.2017202,0.16823733,-4.234833,3.9316845,1.4003401,3.077341,-0.19294953,-2.458004,5.354834,-1.6679443,2.9733603,0.024804693,-5.4586763,2.251858,-0.6333591,2.998431,-0.08400665,-4.3423595,3.2486954,0.091784276,2.795612,0.023476662,-3.5390573,3.595508,1.3141505,2.739724,-0.06315076,-2.2586997,4.8008327,0.42545832917332266,3594.595222068531,0.28168344,0.04402804,location_E,part2,clip_007.wav
-150.01546,9.143301,0.07624727,-162.18622,-138.5637,-9.162849,5.556993,-0.66658884,-15.876827,-2.3302078,-6.9914956,5.086253,-0.004178836,-13.337297,-1.1537333,-1.1112756,4.094364,-0.27834478,-6.440455,3.8530996,1.9969016,3.942464,-0.37348914,-3.0765734,6.7763233,5.797745,3.9039927,-0.14895454,0.5702508,10.644616,0.9097419,4.2815585,-0.1580976,-4.6903715,6.367104,-2.1551476,3.8129427,0.15260653,-7.065568,2.787111,-0.74977916,3.7845006,0.019487998,-5.5704794,3.8919375,1.2727948,3.685672,-0.045127623,-3.5329986,5.804454,-0.96249,3.8455477,0.117981285,-5.7926803,4.067473,0.7381661,3.6752534,-0.28215522,-3.8459067,5.120013,-2.3875582,3.1476448,0.16584747,-6.193021,1.7770705,-1.4779532,3.3066313,0.18048547,-5.5577874,2.7022247,-0.70639646,3.6242678,1.2540449,-4.6311665,3.1650167,1.9639246,3.283665,0.32801977,-2.0518136,5.869714,-1.3188373,3.0861485,-0.09382852,-5.2886343,2.5035236,-0.119495615,3.1880093,-0.20307712,-4.266013,4.0351424,-0.6508093,2.9913964,-0.10174043,-4.406657,3.113266,0.5082957,2.853202,-0.22900882,-3.1921825,4.001755,0.4796934280151757,3895.712213179181,0.30459306,0.10960066,location_E,part2,clip_008.wav
-179.6408,15.453694,-0.5431255,-203.8103,-162.22823,-5.633622,7.3358984,-0.07182119,-14.950821,4.4111824,-7.468834,4.381013,-0.023234908,-13.210407,-1.8856834,2.5717523,6.1921544,0.18202673,-4.651002,11.023251,-3.1092045,4.8407807,-0.43519074,-9.848879,2.5152855,3.9673734,4.849567,-0.18374157,-2.1928022,10.03837,-2.1107123,4.383005,-0.0036975113,-7.82528,3.7440672,-1.5738969,4.0250053,-0.2992015,-6.8770638,3.4276953,2.3848016,5.10752,0.76261634,-3.27014,9.273041,0.53946644,5.095758,-0.7077524,-6.168362,6.36678,-0.47862452,3.9219844,-0.10249163,-5.4836936,4.6283665,1.6977302,3.2344446,-0.035323806,-2.3612943,5.849802,-0.98569936,3.6652453,-0.032401826,-5.6366124,3.3839474,0.59374994,3.720623,0.3394757,-3.7708268,5.436106,-0.4736995,3.1878116,-0.1956092,-4.728243,3.5003428,0.18765333,2.878251,0.040581483,-3.5827265,3.7220387,-1.4578903,3.478604,0.23597765,-5.7460074,3.1817055,0.45481136,3.8645341,-0.61141235,-4.847687,4.8496194,0.78944284,3.1585379,0.15146314,-3.0035982,4.6654577,-0.18907537,2.8262737,-0.014945198,-3.7953424,3.246255,0.44324705471246006,3678.9963036595095,0.26929057,0.08633525,location_E,part2,clip_009.wav
-156.72337,12.286729,0.7510546,-170.20387,-138.96153,3.0995247,5.529311,0.51274854,-3.658783,10.129118,-3.8578796,5.989884,-0.71541464,-11.031296,3.2080283,7.916725,4.97974,-0.1317707,1.700299,14.153759,-0.8856326,5.179997,0.07345336,-7.35938,5.928481,2.4411533,4.0192895,-0.2878468,-2.625454,7.3537393,-1.7827661,4.8293104,-0.007529848,-8.037838,4.279583,-1.6178696,3.7675955,-0.13396263,-6.504492,2.9779313,1.5306929,4.372516,-0.055658665,-4.2419853,7.155464,0.5258036,4.148864,0.14841555,-4.7763553,6.0142245,-1.4106146,4.1374035,-0.041558146,-6.6929617,3.6512449,0.58628345,3.8752532,0.027733115,-4.294363,5.754879,-2.016342,3.5374913,0.15058121,-6.4974813,2.3725576,0.7936579,3.3848102,0.24812591,-3.2894216,5.4099092,-1.4040638,3.9240246,-0.86768705,-5.7215166,3.460806,0.089462295,3.2998407,-0.36238584,-3.9823904,4.1370635,-0.5767792,2.9444175,0.18520567,-4.2734885,3.2872753,0.1932943,3.0467367,-0.027792651,-3.804237,4.103526,-1.000163,2.9265761,-0.055740193,-4.7766843,2.7454605,0.05213227,2.7655811,-0.10872163,-3.4648552,3.3642564,0.4068084814297125,3464.1772851035594,0.26585037,0.16140184,location_E,part2,clip_010.wav
-174.94125,22.601873,1.2682004,-197.23775,-142.37521,-0.6587145,5.839563,-0.09622467,-8.21772,7.071272,-3.765438,10.346616,-2.0437,-15.824678,5.335404,1.1267368,5.833416,-0.48604456,-6.7958317,7.7929935,2.8261406,5.792845,-0.73954767,-4.413559,9.729172,3.1319711,4.0725603,-0.17820753,-2.3168483,8.430516,1.9921731,4.5503497,-0.3450793,-3.9336653,7.622999,-0.29781142,4.21643,-0.31896225,-5.7379785,4.94376,0.018879985,3.8539112,-0.052451182,-4.9820795,4.886333,2.3691976,3.8643782,-0.039568778,-2.6407585,7.247947,-1.7554556,4.148226,0.34421742,-6.7037416,3.710277,-1.0917698,3.6939585,0.11422028,-5.486933,3.671704,-1.9696788,3.2623494,0.05135057,-6.208406,2.329822,-0.76658475,3.3898299,0.056979325,-4.919945,3.591223,-1.4807681,3.3225648,-0.3210706,-5.6054573,2.5386648,-0.004845824,3.0866716,-0.2402759,-3.934918,3.8385365,-2.0492358,3.5432446,-0.33537334,-6.621998,2.4591246,-0.20277011,3.1470327,-0.11268167,-4.0423527,3.9461098,-1.9556454,2.8325999,-0.26564077,-5.622579,1.6056166,0.22812179,2.8991215,-0.03628704,-3.240942,4.0139203,0.4483825878594249,3717.0531261364144,0.2914326,0.039588947,location_E,part2,clip_011.wav
-181.33856,23.315067,0.8191597,-206.57753,-149.97246,-10.718451,11.764091,-0.9192498,-26.621302,2.1095254,-1.219619,7.6660376,-0.579089,-11.153189,7.629793,0.35169846,6.420946,-1.1306669,-7.1187634,7.6510363,3.6729364,5.7529197,-0.70472014,-3.4303298,10.401261,2.2447424,4.0650826,-0.032098614,-2.812683,7.1819525,0.7866324,3.9667044,-0.13003802,-4.1174493,5.6917906,0.16605048,3.7753887,0.03124345,-4.80964,5.1031165,-0.35924357,3.9133246,0.17697361,-5.22781,4.777756,0.86057836,3.6686568,0.010243792,-3.9753203,5.491755,-3.0172772,3.7017574,0.23461,-7.690534,1.8656163,-1.8032665,3.3767867,0.076194614,-6.129822,2.7547574,-2.6851454,3.596281,0.123195074,-7.18785,2.0644262,-0.76466066,3.2337184,0.08600791,-4.9358144,3.3154845,-2.032888,2.9626715,-0.03751354,-5.8384614,1.8134183,1.0730398,3.088865,-0.02859287,-2.9291992,5.1098003,-1.0820985,3.083391,-0.021676406,-4.97914,2.806377,0.48324233,2.9013813,-0.10946292,-3.3605304,4.1203694,-1.1343942,3.0398953,-0.06182699,-4.9027424,2.742178,0.70044565,2.8039677,0.019217616,-2.87829,4.369873,0.5265590679912141,4066.278593854314,0.28026828,0.028079776,location_E,part2,clip_012.wav
-191.82289,12.765424,1.3663132,-205.57433,-175.26695,-9.606538,10.57732,-1.4314238,-25.636715,0.41047925,-2.6108181,5.7642717,-0.060231104,-9.473537,4.776601,3.6773963,5.2091737,0.4522726,-2.1003733,9.878052,2.1351993,4.2449946,-0.3920465,-3.5218062,7.4925437,3.5998254,5.174852,-0.51455986,-2.4380774,9.502106,-0.57949543,5.2891583,-0.8478096,-6.398643,5.313689,-1.1649773,4.6272225,0.19311957,-6.9646587,4.748669,-0.9871536,3.5313227,0.08537387,-5.378774,3.331509,1.8310028,3.6872554,0.06153458,-2.7525573,6.4142675,-2.2176473,3.6255238,0.06098319,-6.7580285,2.6223757,-0.95227474,3.8277035,-0.2968252,-5.674165,3.8083577,-3.042702,3.8268054,0.69779295,-7.4937897,1.8936279,-1.249866,3.3929603,-0.06938547,-5.615094,3.2724423,-1.0581874,3.320761,0.057025094,-5.180168,3.2808738,0.075969145,3.3288212,-0.30286026,-4.4743137,4.2136497,-0.9816012,3.1015432,0.04108167,-4.826845,3.0681212,1.2139474,2.90648,-0.096676625,-2.5115054,4.976035,-1.2557869,2.8978755,-0.24369502,-4.8494806,2.4018216,0.9063749,2.8629303,-0.10058166,-2.6039848,4.3369455,0.49295814197284343,3947.371366549656,0.28124464,0.031208498,location_E,part2,clip_013.wav
-115.25576,15.428293,0.29330203,-135.48875,-94.39439,-14.985824,6.3008947,-0.5670432,-24.501286,-7.956937,-7.1504745,4.9951377,-0.009811407,-13.731823,-0.677828,0.12092379,4.1794195,-0.4299837,-5.0781555,5.368657,4.335136,4.1586366,-0.12682927,-0.7371314,9.637959,2.5356917,4.8407764,0.054342147,-3.8016233,8.780356,-2.4702456,3.7617788,-0.18789965,-7.2585154,2.2069364,-3.5886502,4.191966,-0.059041813,-9.082975,1.5290415,-1.4783729,3.6147127,-0.09929991,-6.261177,2.8011043,-0.04451463,3.9563572,0.20677456,-4.9630384,5.161355,-1.6287047,3.0389082,0.10986365,-5.4948907,2.3541632,-0.06528082,3.2898824,-0.09246099,-4.286414,4.0358214,-2.9687731,3.1811748,-0.14774619,-7.227956,0.97362906,0.70424676,3.1886594,-0.014437615,-3.4971414,4.806303,-1.4384841,2.9294734,-0.020156518,-5.2767134,2.3794491,-1.6108834,2.9517105,0.064783596,-5.3365817,2.139462,-2.1729693,3.0046353,-0.058600415,-6.011066,1.5762428,2.0198781,2.7712748,-0.15579164,-1.4301478,5.4822974,-0.17449917,2.6562946,0.027442554,-3.5216823,3.2634165,0.8875753,2.634658,0.002563257,-2.4668727,4.2242975,0.5022042856429713,4046.8525667923454,0.30016884,0.11925694,location_E,part2,clip_014.wav
-123.643745,16.02058,-0.15980506,-145.21208,-103.85706,-27.570213,8.577302,0.100430004,-38.685986,-16.238592,-8.011133,5.1767535,-0.1327477,-14.726521,-1.5054905,1.3870533,5.2720847,-0.19161406,-5.069146,7.83113,3.1167562,4.1982064,0.028313423,-1.9294647,8.622345,-2.9847925,3.8183918,-0.11002637,-7.8550835,1.8883857,-5.324923,4.1310687,0.112694904,-10.739959,0.010052621,-2.9966664,3.703326,-0.19924204,-7.703864,1.6965292,-0.8773041,3.7156835,0.06868635,-5.6835423,3.663204,-1.7922688,4.2382054,-0.08151232,-7.2554207,3.88393,-4.0349317,3.9513469,-0.014426296,-9.140607,0.9579433,-0.102087244,3.6025033,-0.01666217,-4.69851,4.514164,-2.2266357,3.25014,0.05947354,-6.344225,1.9315658,-0.056745514,3.1582897,-0.044953614,-3.966446,3.9785519,-3.1589417,3.0076895,-0.15854183,-7.0614643,0.49527705,-1.3036102,2.8614047,-0.114453785,-4.977977,2.3693545,-2.9831634,3.0151346,0.04058233,-7.0189095,0.8249039,0.2862666,2.798907,-0.04070075,-3.2436433,3.862905,-1.9223742,2.8054717,0.03759749,-5.4341173,1.5326192,0.9541835,2.684701,-0.030914987,-2.5032616,4.281673,0.5492540060902555,4312.469617228089,0.2627635,0.10740045,location_E,part2,clip_015.wav
-120.85062,21.984245,0.3083916,-148.22563,-87.266045,-20.793524,6.79529,0.10682978,-29.355572,-11.68702,-6.2225447,4.826595,-0.07792813,-12.392794,-0.015440941,4.440105,5.1015778,-0.15194684,-1.8565195,10.993558,2.1849034,4.222432,0.016230455,-3.3047457,7.59723,1.4720199,4.646032,-0.09065261,-4.6362796,7.305746,-2.8982477,4.496732,0.021800699,-8.669643,2.8143415,-1.8776842,3.7193298,-0.13352945,-6.6113997,2.670047,-0.9651139,3.7242618,0.26485494,-5.5793757,3.5063438,-2.050807,3.542648,-0.0045908256,-6.6260347,2.6608284,-2.0817933,3.4438236,-0.027336752,-6.616112,2.5572581,1.4439613,3.283597,0.010021365,-2.8278508,5.6732016,-3.4599383,3.3087032,0.051803052,-7.681129,0.8152214,-0.27458027,3.0306504,0.015739478,-4.153172,3.3544807,-1.304453,2.9867783,-0.07883154,-5.1222243,2.5398078,-1.4817172,3.2310696,0.011630775,-5.558238,2.8766444,-2.7815986,2.9508803,0.045422006,-6.4916553,1.0818774,1.487412,3.1322088,0.01611957,-2.3619785,5.429381,-1.0068655,2.9784672,0.03196461,-4.825683,2.7488973,1.1591144,2.7020388,-0.0037287257,-2.3549805,4.6537495,0.5167357228434505,4111.98878995104,0.28319854,0.1011817,location_E,part2,clip_016.wav
-160.89203,24.957071,-0.629545,-199.42877,-131.03305,-30.826353,6.1413584,0.073195,-38.052757,-22.564255,-15.794381,5.268583,-0.12478456,-22.249449,-9.141633,6.232729,5.029017,-0.4906855,-0.6216125,12.300028,0.8950089,4.0957556,-0.16125531,-4.3457685,6.0179157,1.2081524,3.8704672,0.013816611,-3.7907333,6.0312157,-1.1595346,3.5514333,0.09182241,-5.7207203,3.481927,-0.5805901,3.7060897,-0.047472075,-5.5728993,4.1752906,1.9768939,3.720998,0.16670807,-2.6580758,6.6027126,0.32599968,3.2659807,-0.028846066,-3.946601,4.5089207,-0.059812725,3.4138844,-0.06605821,-4.6061883,4.3364105,3.7467387,3.477503,-0.127979,-0.852171,8.09334,-5.2078843,3.6225822,0.25385112,-9.570414,-0.5180096,-0.34671494,3.2405171,-0.0021190697,-4.496376,3.9151287,0.029777046,3.187992,-0.026362482,-3.9759398,4.1646605,-1.7259583,2.850617,-0.06208944,-5.3843617,1.9399402,-2.3450193,3.0298488,-0.14321476,-6.2699776,1.4401828,0.9932632,2.7899427,0.09518464,-2.620112,4.5799856,-0.080006525,2.587749,-0.007203698,-3.5055978,3.2535453,-0.13363434,2.6054952,-0.095436625,-3.5730934,3.131738,0.4807183506389776,4001.968259621698,0.24662176,0.09813126,location_E,part2,clip_017.wav
-165.12476,14.057604,0.80559653,-181.35469,-146.0384,-11.772955,10.885868,-0.7059144,-25.067612,1.3287851,-8.356564,6.307397,0.3368984,-15.503215,-0.12484026,2.2829454,5.870146,-0.65321314,-4.7002764,9.355132,-1.1076633,4.431758,-0.38694042,-6.638955,4.426102,0.26962814,4.154408,0.13105825,-4.773466,5.347641,-1.9235479,4.242932,-0.4184529,-7.0560813,3.2383037,-0.15735357,3.9405813,-0.13281423,-5.210349,4.827841,-0.21993904,3.6755855,0.26995882,-4.777284,4.601691,0.6707729,3.5718446,0.2040943,-3.908833,5.513674,-1.096971,3.5215268,-0.08088594,-5.581379,3.2150488,2.2216318,3.3570948,-0.086190514,-2.13155,6.796619,-2.0376997,3.4303858,0.1544476,-6.084031,2.1053634,-0.22437589,3.2403417,0.02569507,-4.3407106,4.0058184,-0.30343956,3.4462833,-0.09436832,-4.330968,3.8747606,-0.18922941,3.3979876,-0.017742667,-4.5405993,4.110858,-2.2316017,2.8913648,-0.100523,-5.9445148,1.401397,1.095695,2.9293034,-0.05908314,-2.630106,4.877375,-0.9874536,2.7714496,0.20451511,-4.446456,2.6798027,-0.14036049,2.7800815,-0.0052026226,-3.6089165,3.4725273,0.4695300019968051,3838.936018194374,0.28232408,0.061032634,location_E,part2,clip_018.wav
-128.82489,32.31488,0.68711245,-161.65965,-77.02996,-3.3414326,7.179222,-0.2699592,-13.216503,5.3954353,-7.2528625,4.3247213,-0.22351372,-12.922359,-1.9825081,1.7574492,4.210634,-0.3312364,-3.9059029,6.9643135,-0.28072593,4.0891657,-0.14653765,-5.5953846,4.9036436,3.009626,3.8090456,-0.0020557577,-1.7908032,7.88947,-0.4834113,4.1255207,0.20810717,-5.7135963,4.702089,0.31428552,3.6717777,0.12346741,-4.348384,5.245296,0.086248145,3.600627,0.123242825,-4.444215,4.7413416,2.6797378,3.4677722,-0.017866388,-1.6679778,7.199995,-1.8790967,3.1545188,0.0025812946,-5.9809628,2.0910242,1.1860868,3.4022892,-0.18028091,-3.0928016,5.4873414,-2.0631492,3.1379812,-0.017298779,-5.988099,1.7856698,-1.1351937,3.113498,-0.0043959823,-5.064084,2.714373,-0.7347066,3.054537,0.010426194,-4.526461,3.3071084,-0.67110187,2.9370291,-0.13287936,-4.308445,3.0371222,-2.7930477,2.7558732,-0.04474705,-6.469886,0.65686953,0.3020094,2.7112095,-0.029278817,-3.145433,3.7640681,-1.8247998,2.7185612,-0.054292485,-5.347087,1.6772958,-0.12718457,2.676796,-0.13920315,-3.477253,3.3879228,0.4415560103833866,3653.037196379956,0.3097838,0.08934916,location_E,part2,clip_019.wav
-198.47308,27.405403,-0.9457788,-242.75786,-168.70059,-8.345759,5.670904,0.26386026,-15.309943,-1.5669259,-14.870778,9.955509,-0.4708445,-29.560816,-4.2126584,-0.5174909,8.5213,0.59022695,-10.408869,10.394403,-5.9837055,8.049196,-0.6499438,-16.87106,2.9038591,0.4481134,6.137096,-0.5953397,-8.649637,7.530094,-2.3860188,5.5966005,-0.26465517,-9.846224,4.566092,-1.6722348,5.9523144,0.25290784,-9.081371,6.6190786,-1.2742702,5.198827,0.739329,-7.501026,5.473769,1.8399764,4.6285,-0.048288316,-4.083293,7.534669,-0.41407153,5.1232333,0.46864522,-6.9554076,5.8924584,-2.0596337,4.546353,-0.14634588,-7.734955,3.8012376,-1.5077615,4.7592287,0.36396983,-7.0336027,5.065184,-1.8486058,4.712062,-0.13681218,-7.8743052,3.7523518,-3.1910706,4.900557,-1.0172123,-9.354113,2.2145238,-0.7470492,4.101218,-0.110466726,-5.7080326,4.350812,-1.5624126,4.7680407,0.06012671,-7.145369,4.5879536,0.5703176,4.5847726,0.106372535,-5.094274,6.3204126,-0.44627836,4.315197,0.35525796,-5.344901,5.4519687,0.7669166,3.9245052,0.2865558,-3.8634377,5.7265472,0.4137692192492013,3586.787179899264,0.21666072,0.08748665,location_E,part2,clip_020.wav
-226.05493,32.98984,1.3524783,-253.92705,-171.09651,-3.5085876,9.24039,-0.9098613,-13.942698,7.228862,-12.73009,10.671764,-1.2931771,-26.837757,-1.8221256,0.29200792,8.275041,-0.42304426,-9.404293,10.078583,-5.0240555,5.992188,-0.57645744,-12.303661,2.1953657,2.6359363,4.8776903,-0.048045523,-3.3398528,8.831556,-2.0302796,5.961207,-0.2759109,-9.7332735,5.329941,-1.5763489,4.8215857,-0.24227041,-7.611382,4.377649,-1.6250707,5.4884806,0.2321153,-8.692766,5.14779,0.12663577,5.0305276,1.3949427e-05,-6.079779,6.5253525,-2.3476577,4.2598724,-0.082530834,-8.042156,2.9365277,0.32202417,5.536251,-1.0360379,-6.0215683,6.49261,-2.6353076,4.587097,-0.32721165,-8.746208,2.8942204,-1.0664167,4.362765,-0.76004434,-6.4190865,3.958359,-2.8571365,4.152786,-0.6801517,-7.97713,2.0767417,-1.3109918,4.269942,-0.2526332,-6.697411,4.0062127,-1.2600617,4.111755,-0.10016453,-6.708191,3.9962769,0.47600234,3.8001277,-0.19049372,-4.2965527,5.026249,-0.19048904,3.8101459,-0.94193894,-4.337245,3.8878536,-1.1055791,3.587471,0.6668841,-5.4539595,2.866669,0.40267603085063897,3509.8313653882556,0.21510714,0.022610828,location_E,part2,clip_021.wav
-260.54022,21.061043,1.4569892,-280.6082,-229.9555,-12.768622,10.689259,-1.5200038,-25.84909,-2.6723971,-6.6794815,7.7976685,-0.3676701,-15.705513,1.7733436,-1.3370318,6.9271393,0.051886298,-9.604483,7.0563993,-1.6471157,6.466145,-1.1051333,-9.52961,5.402605,2.970603,5.2881336,-0.96982443,-2.9155147,9.116428,0.22059807,4.8320055,-0.11100199,-5.4885855,5.745363,-3.6418664,5.3580985,-0.6651468,-11.008724,2.2774618,1.1918625,5.4895573,0.79988724,-5.120384,7.499212,1.3873262,5.3265076,-0.073040545,-4.946235,7.6619744,-3.0389888,4.3530736,-0.4585673,-8.308515,2.1544273,2.21592,4.103704,0.4577689,-3.0073128,7.266799,-2.222807,3.8390133,-0.09655956,-7.3984184,2.5899234,-0.04407572,3.665292,0.29947174,-4.537986,4.784287,-1.2896227,3.3706684,-0.24177164,-5.4268017,2.9454238,0.90534693,3.3590193,0.09138063,-3.2436037,4.983466,-1.0731494,3.943228,-0.021336628,-6.364353,3.9977157,0.77738017,3.7455466,0.26566288,-3.5643852,5.590453,-0.094242185,3.2986927,0.044284265,-4.2724915,4.136666,-0.34523124,3.122692,0.16600566,-4.2978,3.8293831,0.47986190844648563,3945.186699646318,0.2576093,0.031727463,location_E,part2,clip_022.wav
-254.65938,34.573814,1.0210394,-287.8747,-198.4173,-8.97416,9.23322,-0.8550685,-21.190193,1.2566118,-11.623231,10.456009,-1.5064069,-26.951118,-2.1220653,-1.8252517,8.3097725,-0.22064352,-10.649582,7.340221,-4.138672,8.58197,-1.0771239,-15.740967,4.4696946,-2.926269,7.5293694,-1.2596649,-12.347451,4.757586,-2.0949361,7.1860948,-0.463312,-10.471547,6.205569,-3.5048375,7.4892006,-1.1021886,-12.904804,4.527687,-3.0727139,6.7627106,-0.935332,-12.747264,4.151327,1.8222401,5.626683,0.6455483,-4.527597,9.052931,-3.4583874,4.729243,0.09260423,-9.36901,1.9605937,-0.14927766,5.5937953,-0.16559261,-6.685867,5.9901447,-1.724575,4.4677153,-0.13986413,-7.063497,3.788525,-0.37031904,5.0608664,0.42665774,-5.9057107,6.1650934,-2.2354894,3.874748,-0.3501954,-7.2407956,2.6175385,0.66489154,4.182912,0.13554068,-4.554379,5.9991016,-0.96704954,4.131389,-0.022988645,-5.852523,4.408183,-0.8151185,4.064402,-0.9572241,-5.319437,3.808754,-1.5450699,3.6690295,-0.20472759,-5.991081,2.727013,-0.2662877,3.9027336,-0.044448785,-4.890423,4.1945314,0.4402081669329074,3715.3075113528507,0.23010008,0.04533579,location_E,part2,clip_023.wav
-262.50806,32.035973,0.2229663,-306.2134,-219.2633,-20.119892,12.971262,-0.7217971,-41.618664,-6.0122366,-11.475558,9.06839,-0.57725424,-23.110958,-1.2606428,2.7491703,15.538854,0.64994717,-14.107624,29.443508,-8.232297,13.370849,-0.73825794,-27.227972,6.1486387,0.7028073,7.4648843,-0.51115334,-9.672115,8.969461,-3.0394356,8.021904,-0.9031273,-14.535917,5.9245234,-6.480841,8.811272,-0.9346083,-20.641357,2.6373167,-2.6741354,5.64106,-0.05867932,-9.497899,4.5070963,2.4326556,5.5038075,0.06094547,-4.7276325,9.843945,-4.2382417,6.858627,-0.405359,-13.927771,3.6774416,-0.639906,5.359081,0.06900927,-7.618389,6.1254234,-1.7108192,4.7142553,0.118663274,-7.687646,4.2849054,-0.11265965,4.9868493,0.23702553,-6.3058205,6.475381,0.39788604,6.7204885,0.4132138,-7.240073,10.902676,0.67818916,4.319904,-0.19357255,-4.808243,6.26944,-1.0624893,4.915512,0.07796647,-7.102824,5.6436367,-1.1215076,4.16179,-0.16064605,-6.5041785,4.073833,-2.2258663,4.383275,-0.15985817,-8.232922,3.1167133,0.7079867,4.1172104,-0.30018488,-4.5219116,5.764818,0.45908265525159747,3800.18965064227,0.1636188,0.08100165,location_E,part2,clip_024.wav
-232.48537,26.156454,0.5449142,-266.5376,-205.3641,-11.132904,7.7616577,-0.45891201,-21.901958,-1.7685773,-10.608326,7.6079874,-1.0439352,-22.555983,-2.4543464,3.8488288,8.117944,0.97636163,-4.784104,14.514843,-3.719331,6.9416633,-0.77234393,-13.12051,3.9236782,-1.0966903,6.859658,-0.23438844,-10.959642,7.2851343,-4.2074046,6.0564585,-0.5735982,-12.842201,3.0759501,-2.0381157,4.54156,-0.29524308,-7.38641,3.4602222,-2.7002242,4.7037697,-0.21990742,-9.232159,3.21158,1.9845526,5.794988,0.45658383,-4.953331,9.550272,-2.5191016,5.1382265,-0.52120316,-8.57057,3.9243746,-0.5333949,4.2265573,0.079888426,-6.0119534,4.855996,-1.513562,4.437484,0.22453706,-6.7370267,4.538152,-1.4220121,4.8303437,0.029553961,-7.1683955,4.9515424,-1.2395122,4.4522433,0.46073768,-6.5184584,4.0457907,0.26446855,4.6592555,-0.6256009,-5.3002734,5.764929,-2.2563682,4.0177546,0.04255437,-7.2423697,2.667355,-2.0879207,3.6663048,-0.28439587,-6.9921947,2.501146,-1.6318082,3.872195,-0.22959156,-6.613181,3.0038657,-0.38567415,4.610224,0.90821916,-5.3726025,4.125123,0.4451330995407348,3728.9731193733455,0.22194406,0.046420187,location_E,part2,clip_025.wav
-206.44957,32.73991,0.91309214,-238.52155,-154.2576,-13.772999,7.313462,-0.052916303,-23.03394,-4.678196,-11.570644,10.403999,-0.49733385,-26.522001,-0.5431358,-2.9075851,8.283547,0.019250683,-14.089888,6.1148653,-6.2056284,9.061686,-0.95343786,-19.301788,3.1424508,1.802206,7.1845746,-0.7904263,-8.409347,9.2448435,-1.3123726,6.870828,0.12775135,-9.610478,5.565874,-4.966064,5.8172436,-0.5324672,-12.883597,2.14035,-2.0916903,6.441425,0.5867769,-9.706812,5.2227244,2.4855466,5.117417,0.094313756,-4.055416,8.896602,-6.8210254,5.623184,-0.27136865,-14.3076935,-0.86848307,0.038521446,4.7471914,-0.012650999,-6.2604036,5.808132,-1.973975,4.892621,-0.27838668,-8.399976,4.096226,0.7866281,4.537142,0.112412035,-4.762756,6.6387568,-1.4402416,4.4095297,-0.3986398,-7.1906805,3.855885,-0.05228222,3.7694905,-0.26966888,-4.998557,4.6467834,-2.801567,3.9491768,-0.10634378,-7.910266,2.0199618,-0.9947452,4.6865654,-0.63403946,-7.8211865,4.2489953,-1.5113602,3.7418022,-0.18912664,-6.7485814,2.866905,-0.20138603,3.839154,-0.8608861,-5.039892,4.1060276,0.46131190095846647,3828.5669982718696,0.21400708,0.050959546,location_E,part2,clip_026.wav
-185.29922,27.91007,-0.16098599,-231.51543,-149.64847,-5.086695,10.127638,-0.13267416,-19.253635,8.334936,-8.712811,10.888948,-0.42666736,-22.165054,3.6698873,0.3862214,7.2494245,0.36991808,-7.8344197,10.839254,-8.870689,8.846976,-0.24457009,-21.081133,1.7293266,-3.6448512,8.587414,-0.9317544,-15.839525,5.4963737,-1.8458432,7.2354965,-0.0929371,-10.584274,6.7668567,-2.0283904,6.862898,-0.6987931,-9.843913,5.7150707,-2.0901263,5.392253,-0.027856741,-8.798321,4.9645414,0.93781674,4.9932346,0.0475804,-5.3015475,7.1993823,-5.4662533,5.6080575,-0.19328928,-12.580606,1.6204741,-1.2358965,4.993437,0.16328226,-7.783475,5.0038795,-1.0463914,4.9034767,-0.18301564,-7.262702,4.888217,0.23798467,5.242297,-0.17892386,-6.899123,6.959726,-2.5299811,5.1195073,-0.34988296,-9.203543,3.5856504,0.35284045,4.3205266,-0.2291719,-5.2624073,5.867714,-2.3146067,4.2439394,-0.023052555,-7.972129,2.7593665,-0.4322976,4.4011054,-0.32967728,-6.3037577,4.97364,0.39780927,4.964565,0.21018656,-5.8563366,6.9607897,0.54180646,4.322255,0.23008178,-4.814898,6.1465244,0.41913407298322686,3621.5459289410087,0.18874583,0.07560666,location_E,part2,clip_027.wav
-171.45947,24.596361,-0.017308906,-206.8164,-138.84259,-9.553872,10.504783,-1.1496555,-21.736311,1.5921996,-9.127346,8.798374,-0.43777514,-19.703175,0.31141675,-0.8344869,7.9839077,0.41283414,-10.318845,9.496189,-4.8085237,8.314787,-1.3031385,-16.562544,3.6911697,-2.0082583,7.000115,-0.5417583,-10.585637,5.9993,-1.651272,7.0847144,-0.21267678,-11.14258,7.0194325,-3.7340052,5.8479853,-0.16522825,-11.611046,2.9031007,-3.6754854,5.566208,-0.26958564,-10.961346,3.2079906,1.0329026,5.1166263,0.63462585,-5.0585914,7.1743517,-3.615955,4.766324,-0.12440405,-9.682201,2.498195,-0.22647372,4.3213587,0.081416965,-5.918532,5.168005,-2.0514534,4.6038017,0.21745554,-7.6978655,4.0286903,0.033946645,4.2931027,0.08206985,-5.3506207,5.7189775,-2.4425175,4.0545826,0.055487722,-7.454783,2.668498,-0.8707945,3.9022024,-0.0077885,-5.7844276,4.0111146,-1.9035125,3.6378741,0.25149712,-6.4284344,2.56834,-0.37872517,3.7750347,-0.32689866,-5.2634373,4.271576,-0.63323945,3.5472639,-0.076040454,-5.172303,3.761287,0.100624815,3.4517982,-0.34492743,-4.3903594,4.131285,0.45359144119408945,3787.014290882306,0.2250375,0.07409319,location_E,part2,clip_028.wav
-202.61267,30.726181,0.58068365,-240.97702,-162.72975,-9.48129,14.722415,-1.3874042,-31.091423,4.047607,-4.891071,8.276946,0.23856506,-14.49901,7.36609,-0.36974025,6.249947,-0.19488157,-8.024552,7.4878855,-3.779994,6.6806436,-1.0563055,-11.346998,3.799623,1.6471536,4.8322077,-0.49495813,-4.3918457,7.5122814,-2.5158665,4.4995728,0.041190285,-8.39048,3.1872492,-3.1743174,4.5024347,-0.34417766,-9.175863,2.179637,-1.3252233,3.949117,-0.05837352,-6.3743305,3.6445265,2.5527163,4.496805,0.15864104,-3.0648253,8.214598,-1.7047827,4.4547644,0.06713403,-7.4673023,3.6901522,-0.033110734,4.2580147,-0.35487852,-5.3733225,5.06607,-1.6896493,4.307807,-0.20227534,-6.9328775,3.7202535,-0.93857574,3.893808,-0.017707137,-5.7961593,4.0424595,-1.7817992,3.6534996,0.00041214327,-6.1728773,2.8915882,0.30696845,3.7136874,-0.14573526,-4.449589,4.913536,-1.5504365,3.415891,0.15267515,-5.991471,3.0111852,-0.25914118,3.4197865,-0.06436589,-4.67527,3.8763642,-1.5605032,3.371366,0.052632764,-5.964847,2.609625,0.042646866,3.2483203,0.08521173,-3.952496,4.1589694,0.469146241014377,3865.8505921668943,0.24630967,0.05033069,location_E,part2,clip_029.wav
-230.07854,40.283417,0.7773727,-272.6249,-166.1073,-9.850249,17.036957,-0.60882974,-32.51654,10.201634,-9.663813,9.627786,-0.36943343,-22.16196,1.3520539,1.4481512,9.163195,0.5121296,-9.924832,13.837025,-2.1404397,6.698751,-0.45426372,-11.96647,5.9240246,-1.3602911,7.739169,-1.4477396,-11.84557,5.9661,-3.8177881,6.0362296,-0.6967603,-10.517156,2.9770494,-2.9211218,6.3672266,-0.9777337,-10.924849,4.000299,-2.853062,4.4432983,-0.22322674,-8.891631,2.8635964,-0.12092284,5.3735976,0.24971455,-6.5175295,6.6222153,-4.040928,4.5347753,-0.26669604,-10.041026,1.460702,-0.78499895,5.0178347,-0.6288451,-7.62264,4.801202,-3.1198242,4.3839965,-0.4562897,-8.809004,2.0169172,0.977456,5.2812414,-0.33542076,-5.202568,7.440961,-1.5917107,4.415727,-0.3282212,-7.7813616,3.9693546,-1.0863206,3.6344745,-0.31023875,-5.8661304,3.5855227,-0.43725237,4.1467175,-0.26338646,-5.6617975,4.5582695,0.0021749795,3.669685,-0.43979973,-4.743128,4.2537794,-0.25716045,3.3046741,0.042189885,-4.4407687,4.0747213,1.0803804,3.1984453,0.23882584,-2.713934,5.1080427,0.4414390100838658,3732.5248277705623,0.21120565,0.041094154,location_E,part2,clip_030.wav
-246.88643,30.699873,1.0126836,-287.15308,-199.15694,-14.920318,12.62141,-1.3911161,-30.603489,-1.8703355,-8.448854,6.78741,0.181424,-16.143007,0.91954166,-1.6872534,6.873791,-1.3895081,-9.022175,5.64785,-2.7173884,8.377477,-2.0379815,-12.33614,5.154996,0.4127913,4.8217607,-0.92562133,-5.3668723,5.807852,-1.2233706,5.087299,-0.31472963,-7.8165555,5.169383,0.3970833,4.6792784,-1.1610192,-4.785166,5.6498976,0.54096234,4.2202806,-0.09092862,-4.771202,5.580634,1.3385351,4.4016747,0.45471507,-3.7801762,6.51645,-3.4137595,4.6431108,0.8295479,-8.639947,2.4306095,-0.41724265,4.5519314,-0.74049985,-5.9835663,4.873776,-1.6660231,4.088152,-0.60751873,-6.5183554,3.3936176,-2.1231227,5.223339,-0.68792975,-9.221114,3.6157207,-1.7119126,3.9402134,-0.48110777,-6.131821,2.72804,0.44028145,3.3950477,-0.3543974,-3.6140027,4.7218037,-2.4908473,3.617569,-0.3217435,-6.814372,1.9742825,-0.42946085,3.9873185,-0.69952583,-4.7551823,3.5507483,-0.0741715,3.999152,0.75419277,-4.4848223,4.3643937,0.84289044,3.5551322,0.647595,-3.1943045,4.6999874,0.4833687974241214,3951.978302493318,0.2680527,0.03277023,location_E,part2,clip_031.wav
-237.44922,26.663975,1.8087169,-259.51065,-205.61589,-10.959805,13.372642,-2.0805652,-23.710306,-0.37913853,-5.902923,6.8674707,0.27114487,-12.626734,2.303975,2.6076941,6.3139553,-0.5349282,-5.1204925,10.232096,-0.2780174,5.505352,-0.075236194,-7.529728,6.4974885,2.360765,4.078007,-0.17325117,-2.5822074,7.5198135,-2.722906,3.946429,0.0309511,-7.8302717,2.396442,-0.2380804,4.2459764,0.07108032,-5.6636596,5.0791955,-0.19201028,4.650587,-0.018848224,-5.902817,5.9487586,1.798441,3.5818338,-0.016488511,-2.7253273,6.3668365,-3.859701,3.5339942,0.04609198,-8.493781,0.5762141,0.9209226,3.7780232,0.24920695,-3.7765725,5.7876654,-1.349961,3.384813,-0.0037964196,-5.7925334,2.8869815,0.119797595,3.2713535,0.08873966,-4.161481,4.224735,-1.0781589,3.3152537,0.14192842,-5.3500433,3.1970017,0.39449203,3.2995074,-0.11570788,-3.537227,4.7424836,-1.4277022,3.2865748,-0.24547555,-5.4095335,2.6938372,1.0046661,2.9653506,0.00023129061,-2.8235493,4.8248415,-1.6689645,2.7040355,-0.0695792,-5.2210894,1.9191353,0.94639206,2.6946428,-0.024364939,-2.4809115,4.3921185,0.4732958516373802,3856.5307089521134,0.26948145,0.021750467,location_E,part2,clip_032.wav
-136.03723,13.532902,-0.333446,-155.8805,-118.54787,-12.795548,6.02687,0.0064492533,-20.214151,-5.0189247,-6.446507,5.218374,0.7730715,-12.376165,0.15292901,-3.0329766,4.1911697,0.05984515,-8.18535,2.3595572,1.4385996,3.9585004,-0.11559871,-3.5899837,6.2670803,2.9833944,3.6128533,-0.12394724,-1.750211,7.470634,-1.4933494,4.2639275,-0.21898845,-7.0022783,3.9255857,-4.330121,3.6466641,0.0777297,-8.748142,0.35647762,-2.135441,3.3600838,-0.086777486,-6.560542,2.121378,-0.17553729,3.7265818,0.17372781,-4.8774266,4.7147655,-3.3771572,3.2079003,0.096559174,-7.4538183,0.6407594,0.5968835,3.1851287,-0.0013619169,-3.3423033,4.6363125,-1.9075004,3.1742928,0.05782934,-5.9957066,2.1547356,-0.25831333,3.0404623,0.2085491,-4.1285048,3.461338,-0.8618436,3.0161102,-0.13426661,-4.6411505,2.886158,1.3921157,3.0492759,-0.03913679,-2.6116915,5.3136153,-1.4265002,3.0004056,0.17934608,-5.048412,2.3254828,2.1454864,2.816825,0.057196207,-1.4473646,5.858855,-0.4716113,2.7105622,-0.0035594036,-4.0125966,3.0650442,-0.068463214,2.5650392,-0.13500862,-3.304048,3.185272,0.5165516423722045,4039.6696533030645,0.3067962,0.122925706,location_E,part2,clip_033.wav
-201.67737,19.76268,0.6947144,-227.58716,-175.18909,-14.842154,15.216704,-1.2034551,-37.758896,1.7202754,-4.4533014,7.188589,0.27023867,-13.162185,5.01965,1.6300226,4.7352357,-0.32922295,-4.2696323,7.2238493,-1.2639958,5.051027,-0.18269242,-7.5290785,4.989685,3.0214546,4.5582004,0.016063707,-2.7315094,8.916577,-0.03145335,4.7781177,0.087650895,-6.0952673,6.1431074,-0.559948,4.478975,0.35264447,-6.0764804,5.7857156,-0.84323925,3.6661136,0.30627328,-5.333507,3.6714458,1.4379745,3.640808,-0.05228778,-3.0681581,5.838887,-2.6006024,3.2563493,0.07204137,-6.627664,1.8148098,0.97758,3.420988,-0.14337216,-3.4734771,5.2318068,-1.8696803,3.331281,0.076061726,-6.1192255,2.370473,-0.5595193,3.1640291,0.21606113,-4.4233856,3.4872818,-1.2491717,3.043454,0.14742377,-5.124683,2.7777145,0.9836268,2.7881043,0.1482309,-2.4906178,4.675936,-1.8388426,2.9502637,0.012795844,-5.7408066,1.8861164,-0.13808997,2.8249524,0.030714465,-3.7537086,3.4468436,-0.6530397,3.026202,-0.016697237,-4.622235,3.414181,-1.0618075,2.7945566,-0.068176426,-4.692313,2.6556163,0.5047801184275794,4042.6967894454942,0.27264506,0.011666033,location_E,part2,clip_034.wav
-99.24224,5.826155,0.26847553,-106.25768,-91.96958,19.091501,4.7125244,-0.22801004,12.852531,24.803663,-12.443826,4.309901,-0.23783009,-17.908604,-7.279111,5.9204884,3.8252928,0.12923421,0.8944108,10.741896,-5.9255285,3.582337,0.026486747,-10.453894,-1.4769815,1.9520915,3.3894222,0.02922777,-2.270927,6.26873,-2.564578,3.4159324,-0.24562262,-6.91859,1.6571057,-3.311945,3.470561,0.045350537,-7.8046007,1.0565196,3.666023,3.3083675,0.11217311,-0.43649316,8.078659,-2.6789148,3.4633763,-0.14219765,-7.3044686,1.7162044,3.308542,3.3363488,-0.057799473,-0.8215376,7.5681386,0.83122516,3.1223795,0.12842363,-3.0527892,4.8830285,2.0990129,3.1511056,-0.04012968,-1.9790137,6.071485,1.052639,3.2094932,-0.11778203,-3.2435641,5.2295094,-0.32911295,3.0721102,0.047404148,-4.2641225,3.5831537,1.9746782,2.9225118,-0.15610227,-1.8474575,5.62618,0.22887632,2.727249,-0.030564835,-3.2996159,3.5590873,1.1832298,2.8733692,0.11184575,-2.322954,4.824239,-1.3978072,2.6689723,0.022621978,-4.7179403,2.174208,-0.47257572,2.8391268,0.1930988,-4.1193066,3.1388495,0.3037109375,2809.021584034694,0.19006865,0.17980133,location_F,part1,shopping_mall-barcelona-125-3699-a.wav
-157.83348,7.388582,-7.8876195,-165.14424,-150.72655,47.084415,4.8733053,-0.32471478,40.869392,53.067875,-3.9319172,4.4171004,-0.12403171,-9.976727,1.2457175,1.0885531,4.0611253,0.073136196,-4.290105,6.269181,-12.54348,3.6942296,0.04194849,-17.377842,-7.7582273,-8.872494,3.5281477,-0.046490747,-13.3795185,-4.363474,-9.230851,3.5098608,-0.27556646,-13.815151,-4.864358,-7.2159367,3.6479242,0.0073019085,-11.991083,-2.7156236,4.5129647,3.479015,-0.02537872,0.081383824,8.944937,-5.120765,3.6250143,-0.18996277,-9.833195,-0.6297629,3.2759109,3.5319061,-0.10311246,-1.253382,7.6425166,-1.3686066,3.2291775,0.12725556,-5.312244,2.926413,-5.487131,3.276865,-0.031507675,-9.660126,-1.4218749,0.97046375,3.2455406,-0.12850854,-3.4348,5.1055565,0.6906111,3.1529546,0.05243709,-3.2650297,4.6842914,1.6018255,3.017491,-0.1520824,-2.2616224,5.3627796,-0.17851551,2.7994885,-0.02998077,-3.738549,3.3350706,-2.5766723,2.9848387,0.044831753,-6.3654776,1.2949095,-3.571595,2.7563672,0.009477068,-6.955533,0.02191925,2.3554707,2.7792149,0.16887535,-1.2192371,5.84068,0.14515057158546327,1949.6993602392183,0.04075764,0.20257823,location_F,part1,shopping_mall-barcelona-125-3699-s6.wav
-153.50952,9.90458,0.8145354,-164.35526,-139.9771,7.8656774,6.475295,-0.3044315,-0.67391866,16.073013,-15.877424,4.7254734,-0.1780978,-21.873238,-9.849762,8.410484,4.562314,-0.32124072,3.071642,14.092649,-9.774049,4.7544456,-0.23707332,-15.831305,-3.6904368,-0.12356482,4.0618505,0.11589072,-5.405152,4.8504496,-6.9985766,4.2926917,-0.0881216,-12.492916,-1.6842759,-3.4398847,4.317673,0.040689293,-8.931907,2.0080328,1.1754193,3.5131466,0.022987386,-3.372581,5.7461824,-1.2923298,3.7940578,-0.29664725,-6.315181,3.3567848,2.1068177,3.3823516,-0.015361483,-2.2709131,6.248706,-2.1004999,3.4553733,0.27857962,-6.5070553,2.2005439,0.83940595,3.4434667,-0.08108396,-3.6949677,5.1706843,-0.31012046,3.3478005,0.12861228,-4.619875,3.9998484,-0.34589118,3.3723118,-0.20097357,-4.7574835,3.7289937,-0.9152353,3.200062,0.021803342,-4.8344164,3.3030715,-1.2982508,3.2995198,-0.0762799,-5.499482,2.7200747,0.45934802,2.9741642,-0.12381684,-3.3242085,4.1736298,-1.4950416,2.9778872,0.13414942,-5.1139,2.2468219,1.6018808,2.8874774,-0.042284578,-2.058605,5.1775637,0.34798853085063897,3034.415411194274,0.18709496,0.13649063,location_F,part1,shopping_mall-barcelona-125-3700-a.wav
-140.30835,9.308585,-5.0104146,-149.57541,-130.13593,15.440684,6.5306964,-0.32466075,6.5673027,23.293398,-14.0268755,4.752108,-0.227982,-20.21545,-8.106184,6.412389,4.631985,-0.24553245,0.68583596,12.209873,-3.9477293,4.767462,-0.22373118,-9.888844,2.0532873,-0.4722089,4.1196575,0.09693694,-5.8227787,4.6738214,-5.2681756,4.2837095,-0.102788396,-10.6647,-0.015830025,-4.641628,4.3964214,0.078285,-10.300062,0.70125675,-9.264264,3.6300373,0.0021046137,-13.993937,-4.624567,0.9609681,3.8110456,-0.3208652,-4.1037083,5.714105,0.73708665,3.5050437,0.04557383,-3.8134005,5.056555,-2.4970648,3.5673892,0.23508999,-6.8121014,1.7536395,-4.1330276,3.5129044,-0.07001988,-8.651192,0.3107351,-2.4785204,3.3840659,0.11522186,-6.8752074,1.8893998,0.121421,3.327308,-0.17838465,-4.29503,4.290406,-2.8514721,3.2050412,0.074347466,-6.799725,1.3802738,-3.0523226,3.3717668,-0.07202291,-7.319388,1.055707,2.0626893,2.9458187,-0.07917679,-1.6235781,5.7689514,-4.0034785,2.9908984,0.15973336,-7.838474,0.007750541,1.6882126,2.9227657,0.015059578,-2.0360606,5.453764,0.30491214057507987,2852.2980538619427,0.14714287,0.1818746,location_F,part1,shopping_mall-barcelona-125-3700-s5.wav
-189.18767,7.116304,0.06479914,-198.50119,-179.59444,14.557644,5.7039733,-0.056239005,6.874893,21.714195,-9.834076,5.1564345,0.06042847,-16.33306,-3.1029701,8.172264,4.3219833,0.3827668,2.9069157,13.590538,-4.894898,4.032327,-0.05685163,-10.241878,0.46354523,0.2567146,4.3708744,-0.10738971,-5.26002,5.789792,-3.800615,4.110839,0.41912547,-8.715834,1.7034595,-3.3577037,4.2791443,-0.28862825,-8.442644,1.6914663,2.2846932,3.891481,0.10210665,-2.7416148,7.588752,-4.011521,3.863584,0.21382244,-8.860893,1.0398867,1.0744972,3.9216566,-0.23652025,-3.933675,5.916065,-0.6097083,3.6747046,0.15308502,-5.2407665,4.117625,0.4890564,3.187348,-0.008691349,-3.548963,4.5542984,-1.0650761,3.3620627,-0.17665808,-5.4882145,3.119852,-0.27024117,3.2819843,0.2804716,-4.35281,3.9484503,1.8632824,3.0633054,-0.0013461652,-2.0836687,5.676428,-0.39467606,3.0624118,-0.086011484,-4.3279004,3.4251971,2.373632,3.63428,0.27583003,-1.9660767,7.2459292,0.7094866,2.9107065,0.015998278,-2.9715877,4.4539423,1.1826599,2.8493652,-0.007618326,-2.6761217,4.63206,0.32827164037539935,2977.7928371086527,0.1981696,0.074504204,location_F,part1,shopping_mall-barcelona-125-3701-a.wav
-159.28313,7.2757335,-0.00113669,-168.65678,-150.00052,11.292715,6.825149,-0.24754544,1.5029755,19.433502,-6.9152975,5.375954,0.2516125,-13.811106,-0.22520345,-4.1219835,4.24298,0.2681194,-9.329344,1.3594294,-3.9694562,4.0736575,0.101904966,-9.093237,1.1708035,-0.52794385,4.207091,-0.36250776,-5.8966293,4.42978,-3.177844,3.9792914,0.31414774,-8.026734,2.0519934,-1.0855623,4.2467165,-0.48081386,-6.037202,4.0069556,0.008828483,3.7204547,0.2212377,-4.5219355,4.6646557,-1.201225,3.621331,0.057431694,-5.5375023,3.3903508,-1.3357072,3.6411095,-0.0873403,-5.9274864,3.2992258,0.31987685,3.3017745,0.10913749,-3.8951461,4.5697064,-1.9240667,3.2079372,-0.14922595,-5.992266,2.0680091,-0.4242781,3.48473,0.0041111056,-4.832406,3.9740238,-3.0705154,3.423621,0.016121726,-7.2038817,1.1752965,0.807338,2.993062,-0.036960647,-3.0437655,4.5348215,-2.4225261,3.0845804,-0.07958567,-6.4476547,1.4971805,1.1746567,3.4647317,0.16744912,-3.1296663,5.2502003,1.0190022,2.9028757,-0.037543062,-2.7139945,4.649907,-0.12509952,2.8514671,-0.12091067,-3.758584,3.6492956,0.36600501697284343,3273.9659165608905,0.23838602,0.11828991,location_F,part1,shopping_mall-barcelona-125-3701-c.wav
-138.11853,7.237332,-0.28997672,-147.97136,-128.95282,11.574207,5.6828885,-0.026327292,4.0791993,19.279991,-19.055923,5.2434072,0.03430026,-25.5896,-12.244583,8.450709,4.8681936,-0.02016565,2.2420485,14.393262,-10.553222,4.539434,0.04929812,-16.48235,-4.799735,-1.2754781,3.7969918,-0.094273,-6.0967464,3.541709,-5.677029,4.35274,0.16864218,-10.961475,0.425547,-2.9271476,4.337033,0.07351096,-8.406983,2.8480172,1.3417962,4.29087,0.23222946,-4.0173483,6.694416,-3.7076175,4.249149,0.11688992,-9.414357,1.7338245,0.026202435,3.6503,-0.15121257,-4.74179,4.7143183,-2.5290127,3.4210372,0.13144502,-6.671407,1.696588,1.0018069,3.776461,-0.017300691,-3.796614,5.7000265,-0.53047,3.6551871,-0.17766073,-5.130499,3.9993258,-0.98304224,3.512375,-0.16972782,-5.405096,3.3739839,-0.77333605,3.1021497,-0.086364426,-4.7365694,3.1796021,-1.5589284,3.2595258,0.023139875,-5.848308,2.6765761,0.8325798,3.391303,0.006551435,-3.6305285,5.251255,-1.0878785,3.211214,-0.013278443,-5.0626035,3.1156301,1.6493136,3.4863617,-0.024373958,-2.599146,6.15627,0.3215386631389776,2886.407973697153,0.1550817,0.18024793,location_F,part1,shopping_mall-barcelona-125-3702-a.wav
-129.12892,8.661813,-5.3255825,-138.55383,-119.79868,6.3382907,5.961724,-0.42344263,-1.1555953,14.165616,-12.783973,5.3520083,0.02757205,-19.632118,-5.9313107,7.1416163,5.0268655,-0.06156632,0.7672899,13.385643,-10.460862,4.5929074,0.078918554,-16.429127,-4.60376,-4.006654,3.8646295,-0.1290908,-8.959468,0.9795152,-9.862536,4.419225,0.18777476,-15.42753,-3.8672838,-3.3765628,4.399826,0.07137329,-8.908651,2.357911,-5.9141445,4.3809547,0.24183443,-11.333174,-0.19771129,-4.7479863,4.259005,0.1187546,-10.303376,0.74323726,0.09887854,3.6905222,-0.19023523,-4.6572623,4.8974967,-3.9734733,3.4868984,0.1328283,-8.225452,0.13282353,1.4932384,3.835693,-0.027638951,-3.447008,6.367344,-2.7777326,3.650948,-0.2023822,-7.442478,1.6084392,-1.6144003,3.517205,-0.18010606,-6.096214,2.6606107,-0.93245465,3.141578,-0.106055506,-5.0674934,2.9050107,-3.839792,3.282976,0.026009418,-8.054955,0.32753667,0.9385417,3.448356,4.5299836e-05,-3.6643672,5.325773,-2.2996862,3.2172308,0.044915847,-6.336789,1.8309842,1.2373977,3.5564992,-0.065974705,-3.3168213,5.792152,0.3557542307308307,3124.250272383569,0.17019688,0.17935196,location_F,part1,shopping_mall-barcelona-125-3702-s3.wav
-186.87811,8.609825,-5.0935864,-196.40297,-177.83194,35.57367,5.922615,-0.39492458,27.92999,43.30372,-22.112946,5.296199,0.0066285604,-28.960575,-15.167813,11.608735,5.0188484,-0.051629838,5.238454,17.770685,-22.089153,4.5755606,-0.0028861202,-28.24723,-16.248894,-4.218154,3.7858658,-0.15924819,-9.062733,0.48145652,0.9771049,4.307906,0.2157448,-4.4673543,6.7913465,-0.48667538,4.433212,0.058789518,-6.115373,5.3254423,-4.2384906,4.441454,0.2061396,-9.792141,1.476022,-7.384081,4.316073,0.062602215,-13.165962,-1.9895494,-7.2392073,3.71666,-0.13311498,-11.865427,-2.3548405,1.6452032,3.4816287,0.06809183,-2.5962458,5.675044,-1.194295,3.7855394,-0.072802335,-6.223196,3.453517,-6.530333,3.7413502,-0.16000259,-11.155674,-2.049058,5.4151893,3.5097907,-0.18170162,0.9546579,9.790441,-6.898009,3.1966593,-0.058274426,-11.036266,-2.7916944,0.029452581,3.357625,0.044148438,-4.3261156,4.481392,-1.6907116,3.4249806,0.0063074077,-6.1528063,2.8359616,1.8748429,3.2514932,0.0139586665,-2.2612643,6.140601,-2.4407418,3.5624506,-0.10940184,-6.9725895,2.271306,0.23719236721246006,2242.8447719892856,0.047589295,0.13954195,location_F,part1,shopping_mall-barcelona-125-3702-s4.wav
-151.6881,13.7739315,1.9926214,-165.04182,-136.74821,16.008247,6.831956,-0.4687804,7.4821405,24.668106,-14.527933,5.2639027,-0.11296269,-21.69849,-7.916172,11.629132,6.265841,0.477698,4.1624885,19.887379,-11.212575,4.7447567,-0.065362,-16.955545,-5.172512,3.1669662,4.2387743,-0.24584623,-2.5912156,8.358376,-5.251647,4.2857842,-0.2694426,-10.9045725,0.122217655,-2.5557425,4.2587624,-0.172918,-8.037143,2.8929458,3.3061583,4.223798,-0.12542695,-2.1478033,8.554112,-2.6272447,4.469127,-0.063962564,-8.326361,2.7514043,2.1158028,3.8681064,0.0091403695,-2.8096597,7.1504416,-1.0739741,3.6128001,0.10856549,-5.6230764,3.5761943,2.9544911,3.5861504,0.0527577,-1.5640849,7.544819,1.4924793,3.4618778,0.087365255,-2.7618158,5.8940387,-0.8074633,3.4345322,-0.16286242,-5.14592,3.5544624,0.31816742,3.5244744,0.075946935,-4.219139,4.937831,-0.26806846,3.1562557,0.029682962,-4.4205976,3.6820948,-0.0547971,2.9853923,0.055447306,-3.6686678,3.7044103,-0.8346348,3.1229932,-0.071484864,-4.6834593,3.0998204,1.5741835,3.2030008,0.05795093,-2.4877648,5.7414045,0.32877084165335463,2855.315596497803,0.14874913,0.04878902,location_F,part1,shopping_mall-barcelona-125-3703-a.wav
-155.16096,12.782135,-0.9690611,-167.31209,-141.05246,39.645527,6.9398875,-0.53822154,31.013138,48.140507,-17.243082,5.2542644,-0.1222387,-24.314465,-10.6684,14.464531,6.2977395,0.43172973,6.7686067,22.73941,-22.481092,4.7785387,-0.10377414,-28.585314,-16.413366,-0.0022594898,4.2187085,-0.24820033,-5.9615808,5.108533,1.7344637,4.437916,-0.29703853,-4.0115337,7.160385,-0.2307038,4.371185,-0.10439977,-5.9171457,5.0452147,-2.1195426,4.263644,-0.1091426,-7.5995007,3.3347182,-6.2451973,4.551399,-0.082739,-12.151005,-0.5875771,-4.810941,3.9090505,0.06303592,-9.862912,0.04919243,3.0550277,3.5816257,0.09439371,-1.277147,7.818381,0.85652924,3.6878788,0.024436496,-3.7654624,5.687398,-4.229046,3.5107687,0.18032914,-8.643485,0.38692093,5.5951166,3.4941368,-0.17313187,1.0672721,9.970507,-5.5425377,3.5505443,0.09081923,-10.166094,-1.006361,1.4312507,3.1828544,0.085410215,-2.8850877,5.2948427,-1.8313144,3.0478764,0.03506311,-5.69095,2.0580099,2.2542253,3.1333616,-0.08010886,-1.731962,6.2402515,-1.9278936,3.2565236,0.08329225,-5.8976436,2.079226,0.23588976387779553,2219.517035027016,0.046315666,0.07259737,location_F,part1,shopping_mall-barcelona-125-3703-s4.wav
-107.61946,7.9505997,0.5770328,-116.81315,-97.64055,12.034352,6.8272176,-0.34420964,3.5343828,20.200474,-14.332218,5.4681005,0.4065492,-20.913795,-7.30506,7.7864733,4.7479243,0.051573843,1.6766771,14.004618,-7.5505323,3.8637247,0.19680499,-12.623467,-2.4394836,1.132903,3.8904228,-0.2148703,-3.9550772,5.9953423,-4.025687,3.7825384,-0.11209441,-8.8994875,0.6568273,-0.9509853,3.6898468,-0.10711989,-5.639067,3.8404756,1.6990702,3.8246431,0.13351054,-3.207031,6.4456687,-2.1155598,3.5716696,0.09654349,-6.8101873,2.4134772,1.9503895,3.3107858,-0.12237081,-2.5317261,6.0826387,1.2320061,3.3518593,-0.106345125,-3.119191,5.498575,2.1180577,3.2173147,0.10277331,-1.880825,6.3617306,0.20571616,3.334833,-0.0020154614,-4.07807,4.542757,2.0495348,2.9870586,-0.004898998,-1.8146687,5.878177,0.32651144,3.0755806,-0.13376643,-3.6161084,4.189128,-0.00027758116,3.2121015,-0.061422218,-4.097951,4.150222,1.8021276,3.03462,0.19665223,-1.9377108,5.8156767,-2.1373944,3.1059768,-0.024965022,-6.166859,1.8751556,0.7639659,2.877036,-0.035723995,-2.8837276,4.469426,0.3359109799321086,2949.8121247592994,0.19204767,0.13368751,location_F,part1,shopping_mall-barcelona-125-3704-a.wav
-156.22322,10.123158,-6.8600254,-166.4409,-146.13972,39.540764,6.830325,-0.2919097,30.592957,47.947186,-6.2127237,5.5336657,0.46880457,-13.102632,1.1313112,2.8019354,4.874695,0.008312389,-3.5538545,9.126107,-14.869853,3.9383576,0.18818204,-19.947945,-9.662693,-10.006228,4.0299606,-0.1608943,-14.955541,-4.997916,-11.1926565,3.857019,-0.100271076,-15.952175,-6.3281746,-5.351511,3.8442597,-0.15871416,-10.355289,-0.50638354,2.4264748,4.065582,0.11470395,-2.780174,7.176449,-5.235542,3.64645,0.16509089,-9.944124,-0.656732,1.4787245,3.4394023,-0.16257386,-2.86733,5.9369516,-1.3999463,3.48767,-0.21404164,-5.846777,2.9284606,-5.848393,3.2863197,0.13925618,-9.93136,-1.5036039,-0.0673258,3.4017174,-0.015716767,-4.4041853,4.1616864,2.4035106,2.9561014,0.069161005,-1.4246669,6.2267356,-0.58412564,3.151634,-0.058315028,-4.87519,3.4852693,-1.0009015,3.2079473,0.0022327732,-5.0964365,3.1609287,-2.0611289,3.079105,0.10134151,-5.961524,1.9858,-4.5974674,3.1422827,-0.011156145,-8.772903,-0.7670034,3.0932732,3.007207,-0.0062936805,-0.819603,6.930094,0.17449736671325877,2138.2172558697084,0.055646904,0.20887479,location_F,part1,shopping_mall-barcelona-125-3704-s6.wav
-134.84291,9.125025,0.3000339,-146.2344,-123.91461,9.926677,5.823572,0.22899978,2.8281102,17.723486,-18.193666,5.1566486,0.10326422,-24.787012,-11.4956665,8.305435,5.3673444,-0.4339794,1.0967313,14.693293,-8.98767,4.518602,-0.058174152,-14.56405,-3.2102976,-1.0642985,4.176936,0.025679087,-6.3775187,4.2854557,-6.3051615,3.9341013,-0.16519077,-11.444439,-1.3879533,-2.530468,3.8438787,-0.18345402,-7.6217723,2.0993402,1.2237866,3.659917,-0.049660392,-3.4020743,5.670437,-1.9950852,4.0455766,-0.05929993,-7.0547647,3.1915183,1.0046606,3.6698928,-0.09593512,-3.7069912,5.615752,-2.3727753,3.526383,-0.052681357,-6.899221,2.2738943,1.4595746,3.5210624,-0.018026792,-3.0505495,5.996475,-0.47762007,3.4838266,0.0682628,-5.0026455,4.298718,0.3074319,3.1252396,-0.16970167,-3.6572044,4.187148,-2.0655358,3.2678616,-0.0335147,-6.28109,2.1608305,-2.3051012,3.0514662,-0.09511203,-6.234869,1.5516562,0.15872487,3.2487628,-0.12310039,-4.1799717,4.2429175,-1.433403,3.0019317,0.00981426,-5.2903476,2.4008737,1.5040475,3.0987475,0.2757157,-2.43358,5.6103745,0.3313276881988818,2946.0579566824026,0.17296189,0.14667404,location_F,part1,shopping_mall-barcelona-125-3705-a.wav
-122.94534,7.4262633,-0.17603154,-133.07904,-113.74698,9.149351,5.1772785,0.05673012,2.7544606,15.868582,-17.359161,4.6111736,-0.22266658,-22.82421,-11.423743,9.281018,4.66185,0.050839238,3.1004143,15.16461,-11.428169,4.04134,-0.15965411,-16.632298,-6.4602404,-2.3422024,4.2051353,-0.17938638,-7.930804,3.203859,-6.7128253,4.0689793,0.20871088,-11.8069725,-1.1254731,-2.2967765,3.8182929,0.20580412,-7.239568,2.5674818,0.2802953,3.9156547,-0.12324557,-4.7083373,5.316616,-3.7651186,3.8627439,0.10352223,-8.556747,1.0184271,0.48884964,3.9275322,0.3913639,-4.3212857,5.347136,-2.280187,3.4100914,-0.035062063,-6.940877,1.807417,1.2487583,3.7745547,-0.14677976,-3.416503,5.6990795,0.47754112,3.561823,0.14778996,-4.0586023,5.231387,-0.22547643,3.687862,-0.016101843,-5.0762873,4.504863,-0.7890078,3.5030992,0.24071859,-5.179822,3.9689035,-2.2218041,3.332563,0.0011584305,-6.5400815,1.9674957,1.493025,3.426664,0.16854574,-2.9140732,5.882417,-1.6158668,3.062185,0.22745785,-5.58278,2.4555273,1.3565538,3.2241132,0.18850708,-2.7394254,5.495493,0.33878294728434505,2965.3792692995253,0.16511947,0.14449197,location_F,part1,shopping_mall-barcelona-125-3706-a.wav
-138.221,7.0285606,-0.10764439,-147.50732,-129.06226,11.251205,4.8767514,0.08461465,4.9824495,17.591114,-13.868913,4.5253987,-0.16436002,-19.86459,-8.06768,-2.5547106,4.3499207,0.086065374,-8.149036,3.2119079,-9.782739,4.126004,0.024431488,-15.144215,-4.414053,-4.0616713,4.2170234,-0.18440834,-9.5053835,1.08042,-6.819858,3.8868866,-0.015789874,-11.837334,-1.7528483,-1.2756164,3.790109,-0.06859243,-6.090292,3.5845976,-1.4658662,3.6718938,0.020735146,-6.2235174,3.3595629,-2.0545871,3.653163,0.10110738,-6.7650466,2.7809944,-2.0896385,3.8075736,0.22922188,-6.776053,2.5741975,-0.47739762,3.9072015,0.19255069,-5.523538,4.5982428,-1.8611006,3.8663151,0.10910517,-6.697507,2.9945433,1.3227171,3.5642858,0.11729736,-3.3022103,5.860931,-2.129881,3.5493345,0.1215159,-6.512571,2.374333,-0.178982,3.4726765,0.06015146,-4.474456,4.0250635,-2.0491333,3.3177536,-0.072217524,-6.3627334,2.1255286,1.1464263,3.2108567,-0.06747695,-2.8741412,5.249981,-2.1473362,2.9387321,0.018100508,-6.014999,1.6802818,0.056063384,3.2028759,0.30006638,-3.9786196,4.1961517,0.32616875499201275,3045.49032450129,0.20144539,0.17328714,location_F,part1,shopping_mall-barcelona-125-3706-c.wav
-143.5054,13.134672,1.3245381,-158.47025,-130.14429,9.780048,7.9727,-1.0391763,0.41914493,18.285961,-17.17765,6.2657137,-0.18986158,-25.447731,-9.382509,8.519786,4.9246173,0.13899364,2.5536864,14.7407,-11.251819,4.5413837,-0.15856257,-17.173264,-5.7541513,3.4157288,4.06286,-0.12852979,-1.7100811,8.50425,-3.0446823,4.913884,0.10545531,-9.144902,3.1148803,-1.6277438,4.205345,-0.2581139,-7.201748,3.7292254,2.5922923,3.911561,0.10944751,-2.1803088,7.642062,-3.5056813,3.7234528,-0.013369645,-8.268991,1.1872648,0.79934984,3.8003516,0.13110228,-3.8279395,5.779581,-1.6794496,3.6779532,-0.022425804,-6.4604287,3.204555,1.9470679,3.717172,0.11379777,-2.8072958,6.910284,1.0653666,3.6067934,-0.06643557,-3.5438154,5.6598997,0.50519705,3.328342,0.059370805,-3.6247802,4.7197227,-0.2105709,3.404436,-0.05804125,-4.603146,4.2270355,-0.48093337,3.2022824,-0.030375153,-4.415097,3.7263005,0.46771327,3.0728245,-0.006094237,-3.5226526,4.2313104,-1.4131039,3.3100948,-0.2837273,-5.4563317,2.5415447,1.7382934,2.959891,-0.02758219,-2.06815,5.634321,0.34683724790335463,2991.3624133114618,0.16655812,0.07059614,location_F,part1,shopping_mall-barcelona-125-3707-a.wav
-139.73857,10.119123,0.9764784,-150.79353,-125.53931,11.6019745,6.3698373,-0.5454655,3.5018878,19.284391,-12.698077,5.198118,-0.0933682,-19.707962,-6.111638,6.36489,5.2910886,0.8371147,0.12916887,11.987167,-8.892705,4.8560143,-0.48584354,-14.838331,-3.0481343,2.516348,3.9713743,0.04781465,-2.3549805,7.695647,-4.8029003,3.9350839,0.03725932,-9.762076,0.23737359,-1.794122,4.229801,-0.070666485,-7.137338,3.769797,1.6461214,4.2352858,0.034701068,-3.6757476,6.8606725,-3.925394,3.6203265,0.11492263,-8.372475,0.74137807,1.4155755,3.9441037,-0.21937813,-3.6779225,6.428913,-3.766748,3.7268426,0.13728121,-8.461762,1.0145044,1.6499844,3.8672938,0.13168958,-3.2191546,6.580965,-1.3509939,3.5357025,-0.0026033756,-5.943349,2.9753537,-1.5944219,3.2662375,-0.07219893,-5.747963,2.568615,-0.5469657,3.5246866,0.09846563,-5.09386,4.1071033,-1.3252251,3.4858224,0.19295001,-5.6657596,3.2938087,0.20755877,3.3931558,0.42710394,-3.8551471,4.542671,-0.11177381,3.0897057,-0.08848656,-4.2940645,3.7278316,0.40297142,2.9606407,0.119718686,-3.3089502,4.2046275,0.34174695487220447,3035.0337235204292,0.19008268,0.102939494,location_F,part1,shopping_mall-barcelona-125-3708-a.wav
-151.70598,10.245981,2.3257034,-161.9891,-140.64983,13.076756,7.0669184,-0.4295943,3.9488857,22.003168,-16.488773,5.7918935,-0.12537926,-24.441544,-9.4964,7.390663,5.099783,0.22526824,1.1035184,14.243081,-9.526248,4.616833,0.22670975,-15.447635,-3.6322446,2.3907409,3.7317874,-0.19233133,-2.4580839,7.070347,-5.582712,4.0194774,0.09462929,-10.593126,-0.23210514,-1.5818042,4.1961813,-0.009744671,-6.9355245,3.8174493,1.988743,4.1701226,0.21143313,-3.177846,7.5595684,-4.4949875,3.7984102,-0.052224576,-9.169792,0.45893252,0.16640382,4.1036963,-0.45413196,-4.677942,5.174946,-3.2559316,3.662936,-0.014938665,-7.8510833,1.479239,1.9079543,3.7338235,-0.09337944,-3.0527635,7.0843725,0.5823531,3.5108366,-0.020004574,-3.8216062,5.0853043,-0.5357302,3.4240754,-0.13523713,-4.8248224,3.647042,0.16125779,3.4345,0.10601577,-4.227626,4.7194347,-1.6414264,2.9182327,0.09148775,-5.2922306,2.0405557,0.7068453,3.4679856,0.039426766,-3.757387,5.1498766,-0.6033048,3.231087,0.10810189,-4.8090444,3.4896493,0.97967744,3.0242975,0.049380466,-2.8847747,4.77873,0.32685047673722045,2924.6173523858274,0.16729131,0.042115543,location_F,part1,shopping_mall-barcelona-125-3709-a.wav
-173.0974,11.59637,-1.225263,-183.25154,-161.45271,5.051897,7.10824,-0.40301046,-4.1056976,14.204615,-34.200397,5.844122,-0.152961,-42.2136,-27.083414,6.587984,5.2387757,0.26395246,0.0076836348,13.594933,-6.346838,4.9207196,0.24444532,-12.510403,-0.09993932,1.0179012,3.9821494,-0.25407046,-4.084452,5.821948,-3.3347785,4.2542605,0.11440975,-8.67107,2.2832851,-12.639067,4.3015766,0.022018917,-17.988495,-6.766927,-2.6749501,4.3798704,0.23576486,-8.248469,3.0371175,-11.306518,3.959506,-0.044381335,-16.200165,-6.291354,-1.1687301,4.2177806,-0.36707607,-6.215382,4.1275015,-8.34933,3.818773,0.020502625,-13.2598295,-3.2738883,1.7134001,3.9363844,-0.03481331,-3.309511,7.086056,-0.22879978,3.6169834,-0.011181326,-4.788433,4.5124846,-1.3301367,3.494868,-0.08007979,-5.757592,3.2468288,-0.085822046,3.522895,0.13547033,-4.7051344,4.5636954,-3.0023773,3.0062127,0.026815355,-6.8042464,0.8880079,-1.4244471,3.4663854,0.036289334,-5.9607882,2.9174495,-2.2890682,3.1615255,0.07565241,-6.295498,1.8223001,0.5378442,3.0747619,0.056012705,-3.3058124,4.4195633,0.3123954797324281,2843.823673703169,0.09361998,0.047919292,location_F,part1,shopping_mall-barcelona-125-3709-s2.wav
-169.32748,11.58821,-1.1823964,-179.45389,-157.82617,7.5915356,7.11675,-0.42211807,-1.4985499,16.67285,-10.272248,5.803433,-0.13379028,-18.146328,-3.2819436,6.1214204,5.2104006,0.24734138,-0.52471995,13.029743,-9.525003,4.8062534,0.21557336,-15.637968,-3.3604321,-0.60165614,3.9603631,-0.25829405,-5.6516724,4.178601,-9.90794,4.2202077,0.10136316,-15.267549,-4.264538,-2.0795348,4.2630496,0.020680234,-7.4886093,3.7785518,-5.4623256,4.271232,0.22248276,-10.9512005,0.23954391,-5.6208715,3.9152136,-0.06184297,-10.524596,-0.7665844,0.23142025,4.1534696,-0.34672087,-4.6738205,5.427703,-4.7266746,3.7606392,0.025434403,-9.549587,0.34636718,2.3239431,3.9644513,-0.048035547,-3.0705888,7.6487665,-1.7196466,3.6343608,0.006646424,-6.346762,2.9051003,-1.2682376,3.4904919,-0.11837981,-5.7242413,3.213497,-0.0634311,3.4965212,0.10938045,-4.572561,4.6020055,-4.02337,2.95088,0.05364931,-7.7699747,-0.24262929,0.80094206,3.3973618,0.015711391,-3.5775397,5.129574,-1.8448741,3.1666803,0.08529405,-5.9659967,2.3034034,0.5745698,3.036872,0.056708265,-3.199873,4.438065,0.36708453973642174,3182.8865915152883,0.17818612,0.031421386,location_F,part1,shopping_mall-barcelona-125-3709-s3.wav
-149.96326,10.897852,-1.6366948,-159.61366,-139.23042,36.6578,7.024822,-0.4312285,27.722054,45.515198,-19.5267,5.8072786,-0.12530924,-27.376165,-12.381117,10.243802,5.2552466,0.25156912,3.4360948,17.256199,-20.942348,4.7473006,0.18717147,-27.104113,-14.766361,-1.1024998,4.0152664,-0.26397547,-6.3080053,3.734857,1.2874643,4.200466,0.09089898,-3.9197264,6.8235273,0.62068677,4.316793,-0.001330275,-4.990474,6.4316177,-3.831846,4.3546195,0.19614471,-9.438718,1.9948297,-8.161989,3.958375,-0.018770842,-13.258171,-3.104948,-7.03449,4.0978537,-0.3572415,-11.866713,-1.7700073,0.72203356,3.7387688,-0.0040211943,-4.1420484,5.744709,-0.371733,3.9304705,-0.04406425,-5.690057,4.8568883,-5.434219,3.6206527,-0.041101642,-10.153589,-0.8087623,5.6529183,3.5138237,-0.095726535,1.1829783,10.178173,-6.144119,3.5373793,0.04082998,-10.844404,-1.5326959,-0.046353992,3.0121074,0.07034532,-3.8752189,3.8432488,-1.2721921,3.426737,-0.0022555257,-5.8409023,3.0624485,1.9461756,3.2409103,0.09651443,-2.1568954,6.0503426,-2.9073534,3.020058,0.08375026,-6.644994,0.81659317,0.22937830720846644,2247.9540412436463,0.052641407,0.053522993,location_F,part1,shopping_mall-barcelona-125-3709-s4.wav
-125.56103,7.381324,0.25663057,-134.36766,-115.94843,7.5297594,5.966285,0.20884497,0.17001796,14.78388,-17.807981,4.4940434,-0.09360818,-23.709435,-11.877003,12.797985,4.789545,-0.25274652,6.5803533,18.840576,-9.363108,4.065248,-0.35168213,-14.290148,-4.2954016,0.010243773,4.1276464,0.13272873,-5.2631736,5.597375,-6.3984365,3.8940532,-0.005060224,-11.31875,-1.272136,-2.2084289,3.656666,0.11089479,-6.7146087,2.7281861,0.68127185,3.4638884,0.20946848,-3.664235,5.3533735,-2.817711,4.0029593,-0.15310408,-7.804801,2.0653138,0.22509624,3.5869696,0.07877059,-4.0715823,4.8618965,-3.2557871,3.601092,0.19548994,-7.895533,1.3466853,0.6841546,3.4729133,0.17335807,-3.6922202,5.2645655,-0.7415081,3.460009,-0.012004472,-5.3941145,3.769443,-0.09112916,3.379807,0.051454358,-4.40945,4.3242245,-0.5004146,3.3247602,0.06399957,-4.7133284,3.8155386,-2.0094643,3.374421,0.047282033,-6.081234,2.278999,0.6210801,3.230997,-0.17404768,-3.1785011,4.6239195,-0.6598329,3.0889785,-0.10903943,-4.691801,3.3313801,0.9058864,3.0662553,-0.049158465,-2.9741669,4.8797646,0.3472272489017572,2985.837076931137,0.15674758,0.1718193,location_F,part1,shopping_mall-barcelona-125-3710-a.wav
-137.80121,6.8362374,-0.37872434,-146.4907,-129.79163,12.968653,5.051329,0.026134415,6.602064,19.5461,-16.971596,4.187877,-0.012276638,-22.571331,-11.592838,9.60129,4.5796638,-0.046928164,3.7359457,15.3498335,-8.446387,4.00359,-0.015231523,-13.69964,-3.288021,0.72147626,4.033219,-0.0704816,-4.437013,5.9453897,-5.617246,3.8702612,0.038922284,-10.450481,-0.6563876,-2.926386,3.859264,-0.0022523876,-7.9932594,1.9650334,1.9163935,3.7287765,0.28847608,-2.8390312,6.6344213,-3.748371,3.6533906,-0.07334022,-8.137869,0.88982415,0.020582292,3.7566636,-0.13566364,-4.766437,4.867484,-3.4416754,3.5178797,0.03736985,-8.060329,1.0457325,0.27577162,3.553971,0.07808529,-4.2542286,4.9088464,-0.4281699,3.4187253,0.0584907,-4.847607,4.051869,-0.27202392,3.2856817,0.08084023,-4.562287,3.9651284,-2.1344457,3.2906482,-0.092662014,-6.2926717,2.0975404,-2.4914708,3.3645902,0.062022112,-6.9144483,1.7743708,0.12271815,3.222605,-0.0009217289,-4.0804973,4.2472467,-0.96952766,2.953753,0.22159946,-4.7139854,2.8274343,2.115089,2.851014,0.01024546,-1.5888338,5.858938,0.3256367936301917,2889.924994135588,0.16820215,0.15566872,location_F,part1,shopping_mall-barcelona-125-3711-a.wav
-136.806,8.945235,-8.487347,-145.45512,-128.48816,4.9729233,5.0773597,0.04357566,-1.380167,11.692909,-34.597454,4.353166,-0.049678363,-40.05191,-29.000095,8.82536,4.690625,-0.12669055,2.6915946,14.834215,-4.9605656,4.087899,-0.03254955,-10.2936325,0.19751334,-0.29898202,4.121443,-0.053781062,-5.63664,5.0155497,-3.1556895,3.961088,0.029793715,-8.003677,2.0483794,-13.860375,3.8960965,-0.004764256,-19.056026,-8.835145,-2.9405808,3.8110404,0.21771327,-7.5740366,1.7762501,-10.44134,3.7241073,-0.089954026,-15.042007,-5.5864925,-1.3918508,3.8206308,-0.13884753,-6.4246473,3.525876,-8.295627,3.5583858,-0.002896934,-12.803656,-3.8715496,0.06308314,3.61672,0.08401771,-4.572347,4.740757,-1.0842822,3.4109085,0.025727086,-5.584196,3.2644165,-0.9970788,3.368766,0.036445286,-5.2996645,3.3841732,-2.3122013,3.2985973,-0.07543512,-6.5808325,1.8464894,-3.833344,3.3790357,0.010273273,-8.0923815,0.46393973,-2.19184,3.2183192,0.025327336,-6.2672224,1.8308434,-2.9096463,2.9052608,0.17888613,-6.4594803,0.74769866,1.6588557,2.8733761,-0.035692725,-2.064121,5.4311447,0.3106201951876997,2814.7258275284175,0.090640135,0.19620073,location_F,part1,shopping_mall-barcelona-125-3711-s2.wav
-142.26595,9.255667,0.47380185,-153.47215,-129.85004,13.009337,5.2608304,-0.1427963,6.273362,19.463009,-12.893883,5.908267,-0.32721972,-20.393814,-5.4939,7.475403,5.3101487,-0.07829091,0.7878091,14.216527,-9.271764,4.6035533,-0.16351165,-15.090078,-3.6144657,2.4036794,4.897901,-0.30737472,-3.817502,8.476917,-5.1630077,4.5778875,-0.0013956809,-10.891193,0.58225,-2.8380988,3.8787873,-0.04578453,-7.802903,2.1920767,2.1616266,3.9716158,0.017795218,-2.818004,7.1556234,-3.4597492,4.1049867,-0.03336018,-8.754265,1.808661,0.83049506,4.1364617,0.12578127,-4.444468,5.864215,-2.6292982,3.7345877,-0.10335314,-7.646556,1.932712,3.3746867,3.965412,0.17068447,-1.6125621,8.360294,2.213275,3.8165746,0.20105362,-2.792461,7.043479,-0.15829928,3.5218153,0.03734665,-4.561001,4.465193,-0.43519312,3.4586916,-0.034484055,-4.7982,3.6790261,-1.496371,3.1549013,0.0565873,-5.5099063,2.3452363,0.4174872,3.0129402,-0.13666956,-3.467428,4.213492,-0.24612398,3.1514232,-0.12778538,-4.0672193,3.7333884,1.3024253,3.0986595,0.034420505,-2.777233,5.449906,0.33188616962859424,2962.1909002639895,0.1782834,0.13708599,location_F,part1,shopping_mall-barcelona-125-3712-a.wav
-147.21179,7.751616,0.23790865,-157.15778,-137.097,11.348032,5.269733,-0.3749446,4.621644,17.569035,-9.6539345,5.548816,-0.20333515,-16.69384,-2.6952777,-6.0241117,4.9875703,-0.12691484,-12.531671,0.2192839,-7.951925,4.339793,-0.2099684,-13.24301,-2.5370293,-0.23507798,4.640633,-0.44498488,-6.418479,5.5331583,-5.652073,4.2297726,0.0037404643,-11.150438,-0.17189068,-2.3741395,3.9306316,-0.05845808,-7.512946,2.394963,-0.18134786,4.249865,0.019768462,-5.6701684,5.067485,-1.4243759,4.0980105,-0.020904597,-6.762161,3.753293,-1.5183206,3.8989277,0.0010709879,-6.3106766,3.5128078,-0.766278,3.7458372,-0.07430232,-5.8149366,3.9404967,-1.1200398,3.830605,-0.06895834,-6.1659627,3.5844994,2.9627345,3.7778444,-0.037612792,-1.8949846,7.8625164,-3.357088,3.3556297,0.041559838,-7.6179724,1.2740562,-0.4554568,3.424497,0.08802682,-4.8297753,4.0109663,-2.236974,3.293211,0.023204554,-6.399744,1.9542718,0.09750755,3.2140567,-0.08592833,-4.176057,4.0679293,-0.041884765,2.901689,0.02071484,-3.6864438,3.5404716,0.4125773,3.2228959,-0.11258245,-3.5355086,4.5582066,0.3435893195886581,3161.610164737774,0.21768534,0.1545051,location_F,part1,shopping_mall-barcelona-125-3712-c.wav
-134.05661,8.491175,1.3174558,-143.3383,-124.781685,16.379631,5.8243146,0.04636381,8.714976,23.765041,-12.604846,5.290601,-0.32147306,-19.275623,-5.9550858,8.132153,4.8423095,0.17976269,1.9839501,14.228966,-5.9572535,4.9785295,-0.6234023,-11.770868,-0.0537076,1.0875739,4.290392,-0.4190849,-4.2137957,6.4923334,-3.3031266,3.6729147,-0.23601031,-7.911561,1.2636267,-4.203417,4.2650027,-0.20854336,-9.497934,0.9841825,2.6145144,3.9722905,0.0018058878,-2.7896707,7.5975013,-2.546819,3.7930825,0.43969032,-7.127348,2.0789917,1.9095563,3.5488644,0.07879786,-2.664098,6.3864517,-0.541544,3.3993447,0.11671175,-5.028316,3.7438629,1.9966033,3.453114,0.121641636,-2.4059346,6.429882,0.3752523,3.152186,0.05697329,-3.6735506,4.343153,-0.4681385,3.0952847,0.06594492,-4.5521803,3.3643296,1.0493579,3.0759337,-0.10337491,-3.0545363,4.821076,0.47894093,3.186041,-0.19657277,-3.5634885,4.4075184,1.129274,3.061061,-0.15755405,-2.9527268,4.9480095,-1.2896618,3.1269512,0.0046793814,-5.318568,2.7019658,0.788158,3.1413817,0.16470397,-3.246894,5.0381384,0.3138306834065495,2873.3722805139705,0.18108472,0.089689136,location_F,part1,shopping_mall-barcelona-125-3713-a.wav
-130.62143,7.731277,0.33335242,-140.0769,-121.1018,11.155627,6.1486864,-0.3120378,2.5096595,18.322718,-20.003162,5.081326,0.036055803,-26.778614,-13.650101,6.819225,4.7277293,0.10409175,0.9755907,13.154723,-10.103054,4.202458,-0.23450142,-15.433488,-4.835114,0.24939679,4.187514,0.015264966,-5.2660027,5.32679,-5.189983,3.9513967,0.008566316,-10.03807,-0.109678574,-2.1560214,4.762342,0.27213705,-7.8682594,4.3633547,2.2472174,4.069553,0.019207213,-2.886675,7.5483756,-3.7467058,4.826736,-0.35913426,-9.979313,1.7440991,-0.5508281,4.27764,-0.23912394,-6.2655096,4.859092,-2.4808106,4.024697,0.2292908,-7.5436106,2.4650075,0.9767135,3.6880627,0.13345735,-3.697317,5.7387323,-0.35376152,3.57432,-0.03762706,-4.789477,4.256901,-0.92504734,3.5538948,-0.058959357,-5.5434127,3.809463,-1.3235554,3.5678627,0.19381353,-5.8597546,2.9723637,-2.7344213,3.7175813,0.0072797085,-7.7318044,2.0503776,0.7995864,3.682765,0.031707793,-4.0608754,5.322521,-0.7607661,3.3025508,0.15374546,-4.8761344,3.5981488,2.3820481,3.4601748,0.25007254,-1.7593145,7.0605865,0.31972281849041534,2894.6301992094245,0.14869346,0.16945812,location_F,part1,shopping_mall-barcelona-125-3714-a.wav
-112.25791,9.303406,0.093072064,-124.51429,-100.29657,12.214771,6.4235506,-0.11283294,4.6683474,20.792862,-13.392337,5.28383,-0.051503047,-20.26746,-6.5787168,11.379948,5.3571115,0.039533325,4.471668,18.320374,-8.981652,4.6998076,0.17876513,-14.769354,-2.6080065,3.7898993,4.3769855,0.06357685,-1.92663,9.430401,-2.0970707,4.0650835,0.1654815,-7.3114114,3.3020809,-0.6541479,3.8104928,0.098650515,-5.3219028,4.3176756,3.5445633,3.948838,-0.12560709,-1.2636251,8.669073,-2.7425835,3.7665355,0.090895,-7.446606,2.2214997,1.5729417,4.1910195,0.15063201,-3.576966,7.0990133,-1.554677,3.7510266,-0.041358422,-6.4576764,2.9554863,3.1469731,3.7124891,-0.0003055784,-1.5458019,8.030052,1.7406553,3.5237303,-0.21317534,-2.613431,6.249452,-1.0004542,3.3247378,-0.028587388,-5.3319054,3.4054334,-0.6414691,3.6151195,-0.19740717,-5.5071745,3.9863393,-1.8318493,3.2179353,-0.059440672,-6.08965,2.0528896,0.18543069,3.0608041,0.034327734,-3.7020452,3.9699707,-0.08517607,2.9299307,-0.09725747,-3.9610493,3.556007,1.5849354,3.4066496,0.16823697,-2.6875114,5.844391,0.34160811451677314,2966.576609770431,0.16928895,0.12900433,location_F,part1,shopping_mall-barcelona-125-3715-a.wav
-126.1312,10.672985,-3.318794,-138.66449,-114.26256,20.175781,6.4700427,-0.07634535,12.3331585,28.83969,-11.299012,5.331121,-0.062391758,-18.202047,-4.0929995,9.372867,5.434309,0.050024703,2.4212966,16.718815,-2.8466733,4.734826,0.2083939,-8.783026,3.4175296,3.449428,4.410401,0.0071514254,-2.4038515,9.51992,-0.3172934,4.133938,0.13854757,-5.668606,5.311166,-1.7806944,3.9277341,0.08257118,-6.7184024,3.2602215,-6.6737,4.036037,-0.2033348,-11.691146,-1.568536,-0.13445875,3.7900105,0.07762085,-4.8732457,4.8554053,0.24425934,4.270082,0.14222822,-4.9871264,6.04342,-1.6246349,3.8746958,-0.011438616,-6.5382695,2.9631464,-1.5736072,3.8013334,0.019418368,-6.2902985,3.4122012,-0.2597328,3.5093355,-0.23612782,-4.7675185,4.0806117,-0.18652655,3.4165924,-0.0909884,-4.4794016,4.2714205,-2.4844072,3.6722198,-0.27715632,-7.2092686,2.1357775,-3.2079482,3.3385394,-0.07206323,-7.6615024,0.8781757,2.3835793,3.0970542,0.040545885,-1.5503376,6.2764115,-2.194166,3.0264893,-0.12403084,-6.283071,1.609175,2.0528262,3.4066997,0.17118171,-2.2804365,6.2928643,0.2887114991014377,2761.3487409193167,0.13538471,0.13582957,location_F,part1,shopping_mall-barcelona-125-3715-s5.wav
-104.95776,8.029836,0.52221,-114.890076,-94.729065,15.128768,6.3724494,-0.26447457,6.13822,23.012695,-14.9872055,4.354165,-0.2260379,-20.559502,-9.557121,9.929147,4.1228404,-0.1270871,4.521394,15.263649,-9.111836,3.7072198,-0.09899578,-14.025735,-4.4986553,2.7791896,3.7670743,-0.044636417,-2.2895393,7.438086,-3.3140204,3.6752465,0.10460498,-7.8866196,1.45175,-1.2131425,3.8023522,-0.13338262,-6.256427,3.5931044,2.1686578,3.567004,-0.08030931,-2.4084234,6.6983275,-2.4889627,3.6793058,0.019873852,-7.0715504,1.999648,2.3886607,3.6058037,-0.015911665,-2.0510597,6.9667745,1.9305569,3.2716026,-0.06119227,-2.2704742,6.1192923,1.9773581,3.371516,-0.13624094,-2.4634562,6.0920315,0.00672368,3.15896,0.1714662,-3.780548,3.9964705,1.0917636,2.8834333,0.11012937,-2.5607193,4.756717,0.3025982,2.92116,-0.13289057,-3.450097,4.0287642,-0.5071615,3.035844,-0.02891889,-4.441305,3.3605394,2.3434393,3.0055954,0.02001594,-1.3635852,6.1492615,-1.5311577,2.7419486,-0.05826173,-5.2825165,1.8576229,0.23820502,2.8044484,-0.1517721,-3.2866793,3.8000505,0.32883012180511184,2838.7800712496596,0.16800775,0.16467553,location_F,part1,shopping_mall-barcelona-125-3716-a.wav
-125.75576,9.137495,0.34092942,-137.12451,-113.710785,27.406149,7.2708025,-0.4643705,16.99043,35.972603,-18.147099,4.752303,-0.0035050747,-24.428772,-12.1932,-3.6037586,4.350939,0.05827212,-8.823105,1.6758353,-8.884704,3.7336643,-0.04517455,-13.721079,-4.171365,-1.2232655,4.009946,-0.09746544,-6.363898,3.7982154,-7.90922,3.786725,0.0077235033,-12.737349,-3.0951984,0.16656509,3.8194618,-0.09421941,-4.7940927,4.9889083,-3.8867602,3.6203134,-0.13648874,-8.9157,0.62918425,-0.85034865,3.5252745,-0.23363008,-5.5686903,3.4461339,-2.3392365,3.7488396,-0.12257175,-7.0399847,2.4915905,0.80759656,3.3455224,0.09889701,-3.6372514,5.1601067,-2.078362,3.402322,-0.08159414,-6.4769516,2.2882142,-2.0732808,3.3056831,0.07532743,-6.258786,2.2207665,-2.013341,3.139657,-0.06520103,-6.012159,1.8612478,-1.6858437,3.1278238,-0.106409036,-5.599365,2.259976,-2.5368245,3.0244975,-0.11150982,-6.621624,1.2195513,1.054527,3.1413796,0.0036540015,-3.0456774,5.1660404,-2.8806558,2.6749318,0.102470435,-6.1784143,0.67429256,-1.1561966,2.7484317,-0.05981564,-4.8431664,2.4260826,0.24143557807507987,2476.471671714854,0.11646307,0.14689755,location_F,part1,shopping_mall-barcelona-125-3716-b.wav
-135.16963,11.293082,1.1392194,-147.90207,-120.45153,12.932427,5.918985,-0.18745975,5.12638,20.063318,-14.983536,6.400048,-0.12701023,-22.92575,-6.8093357,11.331068,5.7199287,-0.0760756,3.9498496,18.743979,-9.947091,4.928761,-0.31525514,-16.18521,-3.9612696,4.524721,4.43678,-0.5325167,-1.1458191,9.945337,-3.3241057,4.3253427,-0.07190041,-8.942484,1.9465277,-1.6442459,4.869439,-0.13862091,-7.912162,4.167213,4.020449,4.323979,0.17781267,-1.3384886,9.654388,-3.5075407,4.184446,0.08665967,-8.982784,1.8897389,1.129425,4.1410236,0.08119037,-4.05923,6.6169806,-1.2065259,3.4911263,-0.05473575,-5.8383937,3.3260617,2.8971696,3.7529116,0.047032617,-1.8319741,7.891528,1.4240345,3.6179886,0.04961906,-3.09584,6.097998,-1.0921395,3.4079452,-0.14857979,-5.286523,3.3099232,-0.5127317,3.782769,0.23020077,-5.1023107,4.259983,-0.7826651,3.4694414,0.21186297,-5.031675,3.7591739,0.60957754,3.4342883,0.20850879,-3.8446374,4.8833904,-0.13581127,3.2847893,0.17541112,-4.3884373,3.8508725,1.7569399,3.24813,0.13751668,-2.289274,6.026273,0.3401448307707668,2930.8064963230568,0.15353751,0.114766106,location_F,part1,shopping_mall-barcelona-125-3717-a.wav
-131.93279,6.71643,0.27801627,-140.29037,-123.320625,18.009304,6.323796,-0.161783,9.331225,25.671692,-11.93583,5.007457,-0.12038369,-18.466473,-5.540303,6.723505,4.595854,0.13030499,0.92549247,12.481371,-5.734337,3.999798,-0.032783862,-10.904036,-0.72687674,0.86065865,3.8278122,0.0640453,-3.9329572,5.7283163,-4.035988,4.0430207,-0.3038496,-9.164984,1.1308179,-3.1581874,3.905474,-0.23844224,-8.329875,1.7507894,4.3130784,3.5508285,-0.292551,-0.5402503,8.870452,-1.8804199,3.8085542,0.1386839,-6.770808,3.0712616,3.382582,3.271606,0.06499237,-0.7915968,7.5057597,-0.28955513,3.419742,0.016518075,-4.552058,4.0270314,2.3031952,3.0842772,-0.034688108,-1.5074877,6.3314686,1.4026849,3.2603421,0.23647194,-2.653579,5.468625,-0.5398192,2.9252024,-0.12151985,-4.349434,3.215323,1.1612494,3.0535917,0.15375471,-2.67525,4.916118,-0.43608376,2.972932,-0.095756985,-4.3484654,3.4069715,0.61255884,3.0208983,-0.12768382,-3.213519,4.276408,-0.7081285,2.6679554,-0.04878747,-4.090209,2.7604427,0.27096498,2.7665935,-0.03617742,-3.3136322,3.9272618,0.3110445162739617,2843.3784854494525,0.19187671,0.11612149,location_F,part1,shopping_mall-barcelona-125-3718-a.wav
-143.23917,6.951782,-0.07526311,-151.8563,-133.90213,18.792269,5.395401,-0.38372213,11.45158,25.473846,-14.499873,4.567791,-0.026596015,-20.286293,-8.654226,6.3083262,4.4137235,0.11596041,0.7146642,11.958198,-5.940338,3.846692,0.1735722,-10.876661,-1.2466342,0.5213127,4.1668634,0.085566856,-4.6189346,5.713748,-4.0047474,4.3205233,-0.6411906,-9.536167,0.9936271,-4.989452,3.7845883,0.06708625,-9.688525,-0.260046,3.9256873,3.6701508,-0.019189315,-0.89042807,8.7731,-1.8399147,3.9758618,0.5303863,-6.2237873,3.183474,3.3770857,3.4684489,-0.05237748,-0.977034,7.8352356,0.13569768,3.233535,0.007966648,-3.8692136,4.428452,1.8477176,3.4156268,0.09329908,-2.5812654,6.2548413,1.1041949,3.3064609,0.03952297,-3.4007552,5.421731,-0.5775835,3.0432916,0.10838361,-4.477107,3.2877426,1.2962118,3.108646,-0.36715862,-2.5830271,5.1507807,-0.2556609,3.093984,-0.20964813,-4.3187237,3.5027838,0.7664254,2.9805439,0.16773014,-3.033123,4.5064526,-1.5683419,2.9018164,-0.06505974,-5.4999614,2.1214597,0.47516978,2.9002342,0.001500958,-3.2903585,4.2027435,0.2997953274760383,2784.491211764942,0.17392477,0.16563211,location_F,part1,shopping_mall-barcelona-125-3719-a.wav
-168.94942,9.003875,-8.113438,-177.31688,-159.33453,35.364624,5.4945216,-0.31137007,27.712547,41.89481,-17.6931,4.5438023,-0.015898144,-23.666744,-11.940222,-9.900582,4.551529,0.08304043,-15.731384,-3.8378,0.3023775,3.9917939,0.19116588,-4.781039,5.373624,-1.9690664,4.240565,0.09504003,-7.19141,3.7086444,-11.424183,4.4525266,-0.6041058,-17.314243,-6.192364,-5.0326257,3.881062,0.16683435,-9.889811,-0.23087065,-0.5165914,3.7662992,0.031437166,-5.2971916,4.422155,-12.752201,4.134823,0.58787495,-17.598827,-7.7850475,4.2497816,3.5307035,-0.14208455,-0.22552454,8.690348,-2.965094,3.3234427,0.010772003,-7.2776527,1.3211442,-0.9915024,3.557035,0.111925,-5.527195,3.6109376,-2.734598,3.3650906,-0.0026416762,-7.151134,1.5145336,-5.31399,3.103442,0.10470984,-9.2544775,-1.3297709,-4.2768345,3.3012202,-0.2917822,-8.590675,-0.12007058,-0.14057061,3.2433965,-0.2888213,-4.2144737,3.741394,1.1735071,3.1213346,0.13397638,-2.65773,5.1698375,-6.754007,3.010885,-0.040074587,-10.619406,-2.8471606,0.62223214,2.9907825,0.032723416,-3.2835388,4.492976,0.21150378144968052,2333.3689789652176,0.070150785,0.1627679,location_F,part1,shopping_mall-barcelona-125-3719-s1.wav
-111.614555,7.442909,0.5059016,-119.752106,-101.53824,17.887207,5.432752,-0.4393558,11.167191,24.430935,-13.290639,4.7266645,-0.09060369,-19.258825,-7.4249835,6.721939,4.2623158,0.1768548,1.5228113,11.927101,-7.899063,4.100149,-0.05679557,-13.103069,-2.7691677,-0.453717,3.8483577,-0.07348732,-5.2148113,4.4873247,-2.8190591,3.789946,-0.008730994,-7.774277,2.0600672,-3.520054,3.961511,-0.062398776,-8.421585,1.5942262,4.4629188,3.5591393,-0.12589231,-0.11314988,8.840444,-1.2052156,3.350347,-0.14155573,-5.600614,3.0231705,2.7369287,3.3122022,0.08352939,-1.4798344,6.855928,0.20981435,3.3134038,0.06573493,-3.8444178,4.619379,1.7016395,3.2851675,-0.08493148,-2.609209,5.664558,0.6320411,3.0710738,-0.007138283,-3.1872807,4.6140203,0.36285192,3.0184846,-0.1352624,-3.7648797,4.0066547,1.7518736,2.8982098,0.13551857,-1.9401397,5.4553676,0.36760792,2.917264,-0.048563447,-3.4065742,4.1460934,1.6195102,2.9903271,0.0036139842,-2.1889539,5.4310684,-1.2203809,2.8112016,-0.03747465,-4.8226037,2.4923878,0.24170718,2.616897,0.12256856,-3.1086736,3.6648867,0.30543006190095845,2828.1238885879498,0.18953112,0.10786712,location_F,part1,shopping_mall-barcelona-125-3720-a.wav
-149.81076,9.770924,-7.928888,-158.10469,-139.8754,34.62607,5.610384,-0.32824376,27.48483,41.539146,-16.51839,4.8096585,-0.12883517,-22.729908,-10.483686,-9.707289,4.440466,0.18221278,-15.319313,-4.141362,-1.3650305,4.190782,-0.07419582,-6.766128,3.8515449,-2.9714153,3.9814441,0.0006103307,-7.760474,1.9358761,-10.230982,3.8776658,0.13403934,-14.982348,-5.2438693,-3.4933112,4.077179,-0.06538783,-8.600698,1.6511719,-0.10677125,3.7198732,-0.16226217,-5.0552964,4.4175844,-11.981649,3.4242072,-0.073282056,-16.48013,-7.661547,3.830598,3.449564,0.15413104,-0.54037154,8.137178,-2.732964,3.4140391,0.06285604,-7.173627,1.659452,-1.2196536,3.4225175,-0.0023266322,-5.579832,3.052288,-2.9415298,3.1323977,0.03255191,-6.9102387,1.135582,-4.1520257,3.0838902,-0.009726917,-8.149927,-0.2925315,-3.6596148,3.1228518,0.12875122,-7.5166745,0.26249748,0.9041149,2.9601212,-0.044226706,-2.8557768,4.759722,2.1110668,3.028673,-0.089725085,-1.9703124,5.953306,-6.271894,2.9851823,0.0072193793,-10.066397,-2.3838913,0.60942286,2.7548048,0.07535827,-2.9351866,4.131212,0.21422910842651757,2378.3048710694043,0.08037393,0.17541835,location_F,part1,shopping_mall-barcelona-125-3720-s1.wav
-118.355095,8.177785,-0.17290704,-129.45937,-107.54891,12.611309,6.9810967,-0.0073314584,3.3567038,21.482296,-16.480175,5.6659465,-0.066076174,-23.67326,-9.154409,8.266614,5.320492,-0.33079663,1.4900444,14.883238,-11.488898,4.520296,0.048612405,-17.17688,-5.9338274,3.6702018,3.9451873,0.15387696,-1.2961028,8.905731,-6.338892,4.217157,0.23616439,-11.630556,-0.75095636,-2.8058844,4.1833754,-0.00042287336,-8.282707,2.5953212,2.066573,4.077992,0.1264667,-2.9305933,7.359853,-4.114196,4.1446214,0.13025424,-9.458466,1.4315654,0.21473034,3.914193,0.32931012,-4.5982175,4.9638987,-3.164235,4.157304,0.15532377,-8.349636,1.9691365,1.1528963,3.967772,-0.017925138,-3.9658034,6.387847,-0.495521,3.9645314,-0.1402917,-5.3805285,4.6607738,-0.30797645,3.5339434,0.1291995,-4.758646,4.3180904,-0.0189398,3.577538,0.19263712,-4.456803,5.0588903,-1.4175863,3.495733,0.03493419,-5.9305553,3.065405,1.0262586,3.454526,0.11150178,-3.2586505,5.4243937,-0.43908444,3.6758447,-0.029170126,-5.1996784,3.965398,0.9586116,3.306525,0.0319116,-3.3311672,5.1381044,0.33825878594249204,2935.2625751306637,0.15850383,0.16856642,location_F,part1,shopping_mall-barcelona-125-3721-a.wav
-230.40195,18.840322,1.1098766,-250.34837,-201.97125,17.917582,9.157872,-0.5486208,5.083002,27.851665,-9.682855,6.335033,-0.3857045,-17.59785,-2.048851,10.83212,6.520575,-0.45727843,2.4348133,18.528275,-12.502759,5.339628,-0.2738959,-19.37612,-6.085349,8.501069,5.126975,0.3867892,2.274656,15.216338,-4.688617,5.224869,0.039498862,-11.084674,1.6102221,-2.1991632,4.582637,-0.7624125,-8.0585575,3.2368028,-2.3420725,5.0033765,-0.6497423,-8.156284,3.6319203,-0.49141794,4.7817073,0.22907476,-6.327247,5.6309457,1.7130563,4.198113,0.41959026,-3.411933,7.013051,-0.26197442,4.3250284,-0.201916,-5.6583767,5.116649,-0.21359985,3.878539,-0.058516584,-5.0540133,4.834655,-0.40617716,4.32243,-0.2508059,-5.6197596,4.904212,-1.0750378,4.142079,-0.14998044,-6.1817327,3.9654229,1.468577,4.0057745,0.94112843,-3.2013288,6.3048944,-0.71094,3.8686416,0.043459784,-5.621324,3.918337,2.4575527,3.7767951,0.52618366,-1.9848849,7.136838,-1.2745105,3.780426,-0.71021885,-5.7539825,3.106622,1.2152854,3.5442905,-0.24573267,-3.0438848,5.338707,0.3283278005191693,2850.294714076765,0.13469845,0.0766396,location_G,part1,shopping_mall-helsinki-128-3807-a.wav
-197.10312,20.400673,0.968674,-219.16707,-162.86853,29.596474,13.992954,-1.279935,9.965559,42.85565,-15.755736,6.848913,-0.11474219,-24.58559,-7.6682377,-0.35258317,6.1957273,-0.21052828,-8.962138,6.910593,-6.262977,5.1956377,-0.047398157,-13.066308,0.1158334,0.27865213,5.151007,0.188888,-6.261346,6.702647,-6.0393224,4.9092536,-0.034688305,-12.080299,0.41117567,-6.7066116,5.0354843,-0.48229766,-13.066666,-0.6589533,-1.0733683,5.125438,-0.33013254,-7.3019123,5.396087,-0.96938473,4.4870543,0.06331884,-6.579942,4.642725,-2.453158,3.9518485,0.09881346,-7.5284605,2.550875,-2.5687418,4.4251432,-0.26962724,-8.169315,2.611503,-2.8965483,4.014481,-0.24364918,-7.9080095,2.0552654,-2.1052175,4.079931,0.19695659,-7.150129,3.3420806,-4.856949,4.277244,-0.3965045,-10.3931675,0.24944845,0.20160049,3.8257217,0.49716285,-4.4031897,5.0187054,-3.238215,3.3364108,-0.08048595,-7.428631,1.0859314,-0.18483232,4.014474,0.45253953,-4.880913,4.8986654,-2.1911757,3.6774526,-0.43567207,-6.6515307,2.3366153,-0.30420777,3.4571643,-0.06355451,-4.4103627,4.045973,0.23907685203674123,2457.573781476281,0.10631655,0.09388661,location_G,part1,shopping_mall-helsinki-128-3807-b.wav
-139.0831,9.975819,0.28028336,-151.43297,-126.66624,16.376884,7.71758,0.056337677,7.2489243,26.439142,-10.012493,5.1319637,-0.18667334,-16.365078,-3.3388262,9.502708,4.8918023,-0.48736894,3.3429732,15.407434,-11.411009,4.905583,-0.117090605,-17.951157,-5.3060393,6.0371776,5.1479807,-0.27249813,-0.8620045,12.765311,-3.7884846,4.0113463,0.10945474,-8.865112,1.2090486,-0.23653923,3.6237597,-0.086031936,-4.933335,4.34963,0.22354919,3.9676065,0.12564716,-4.491547,5.5159597,1.5679574,3.998799,0.21167515,-3.6063845,6.6461763,2.9306536,3.7839966,0.0044951257,-1.8389575,7.8756857,0.6586791,3.3957798,0.04952191,-3.7402296,4.8256636,-0.70377254,3.829432,-0.10838366,-5.45932,4.20858,-2.315873,3.5102105,-0.1957838,-6.78259,1.8508602,1.6481297,3.2460628,0.13133517,-2.4403248,5.9298086,2.321735,3.2174525,-0.04870856,-1.6570511,6.5856056,0.9735355,3.0346265,-0.16501112,-2.9397511,4.828143,1.2667257,2.9949617,0.012028487,-2.6086693,5.008657,-0.3872753,2.8522277,0.005049699,-3.875443,3.318429,0.132252,2.9711857,-0.025353648,-3.786941,3.9939795,0.3264495557108626,2894.54146821535,0.17765237,0.11705525,location_G,part1,shopping_mall-helsinki-128-3808-a.wav
-141.87547,10.247614,-1.5258516,-153.90141,-129.56868,31.315653,7.7458773,0.032836013,21.84151,41.513664,-15.225147,5.329254,-0.12562226,-21.750881,-8.342554,7.6960793,5.1416245,-0.590316,0.9235925,13.800874,-12.31852,5.0644965,-0.082687475,-19.213217,-5.98805,14.13643,5.1947155,-0.24443012,7.307838,20.85027,-5.454564,4.2823544,0.1344639,-10.887887,-0.29309273,-9.768593,3.7915752,-0.073052526,-14.646456,-4.979993,-5.3805103,4.0635633,0.08401257,-10.49264,-0.17991543,3.834655,4.0452676,0.22834955,-1.1859058,9.219908,-2.7535372,3.8366737,-0.07575854,-7.532728,2.1390357,-3.2804146,3.5326788,0.04632246,-7.9483037,0.9688824,2.0478506,3.9406452,-0.10774606,-3.0186338,7.13964,-7.3856263,3.5329616,-0.20247373,-11.776089,-2.9272552,-1.6557382,3.1811314,0.16259104,-5.6193056,2.462081,2.3017445,3.2697942,-0.027818356,-1.7856688,6.603816,-0.02690594,3.1793966,-0.19182134,-4.153837,3.913119,-0.3812254,3.0564034,-0.1016488,-4.2650294,3.442015,-1.5621493,2.919855,-0.09199759,-5.4047027,1.9923077,-1.4236374,3.0068097,-0.06876245,-5.2864356,2.4108667,0.24807339506789136,2424.7164361689,0.079633035,0.12991072,location_G,part1,shopping_mall-helsinki-128-3808-s5.wav
-184.06865,12.932485,0.7466523,-198.33548,-164.99382,21.419498,8.0073395,-0.58448213,11.478077,30.91109,-10.3029585,6.075157,-0.6162671,-18.173635,-3.1712153,12.768674,5.431469,-0.013687018,5.7524896,19.59745,-13.803572,4.5950947,-0.12966879,-19.418669,-8.04649,5.1328945,4.71984,0.0544821,-0.803813,11.236064,-5.8381977,4.8549123,-0.12748912,-11.956992,0.5451763,-2.4501724,4.8167334,-0.5392161,-8.56204,3.2002094,-1.9149705,4.747647,-0.30307105,-7.7793083,3.8850646,-1.2104198,4.127202,-0.124273,-6.5829945,3.9385307,1.7263483,4.110202,-0.10365235,-3.438983,7.1338186,-1.020064,3.9150944,-0.19850995,-5.965542,3.9194655,1.6582925,3.7873323,0.12576474,-3.08075,6.4166613,0.83758354,3.7640803,0.3902927,-3.8591347,5.6329327,0.12399362,3.4780536,0.13740009,-4.207659,4.425143,0.86114186,3.617313,0.15894319,-3.6072862,5.5184584,0.14503376,3.4437408,-0.059975307,-4.3271766,4.508238,1.539602,3.2083912,-0.09270144,-2.604316,5.5136423,-0.7544032,3.0166903,-0.011998996,-4.5630364,3.0580642,0.68076015,2.8609166,-0.023813989,-3.0163229,4.303182,0.2945381140175719,2721.803665917474,0.1357668,0.05403598,location_G,part1,shopping_mall-helsinki-128-3809-a.wav
-193.48618,13.281784,-1.7532481,-207.1708,-176.19711,22.918785,8.076145,-0.6070954,12.6737,32.350227,-10.244927,6.159618,-0.5224419,-18.099375,-2.9086347,15.679726,5.5553436,-0.0050816187,8.261653,22.712738,-11.971257,4.6103735,-0.20043315,-17.770283,-6.2892056,7.712204,4.790067,0.010627392,1.524409,13.847828,-11.974418,5.001764,-0.14576493,-18.095045,-5.485175,-9.8874,4.866942,-0.59374636,-16.009518,-4.174996,-5.745263,4.862218,-0.33274963,-11.937706,-0.037768245,-2.1746173,4.181343,-0.03488119,-7.5578766,3.0180497,-1.9698467,4.1660323,-0.07673023,-7.1753225,3.2994263,-0.8091036,3.9175818,-0.18184224,-6.0026045,4.14764,-1.0451425,3.8203042,0.11651614,-5.777793,3.7732973,-2.0282564,3.8748176,0.3548258,-6.612898,2.8849661,-2.8594878,3.460754,0.07938251,-7.3822775,1.285142,-0.35064283,3.5726767,0.16637422,-4.843972,4.32724,-0.71988165,3.4669604,-0.09273076,-5.1409883,3.6906226,1.636569,3.1968558,-0.07512755,-2.3278925,5.6228075,-2.324209,3.060338,-0.06601547,-6.149743,1.5313689,-0.5481245,2.972105,-0.011359099,-4.360378,2.9399467,0.27993023662140576,2645.4789104289653,0.09524435,0.047641583,location_G,part1,shopping_mall-helsinki-128-3809-s4.wav
-146.7753,10.85618,0.6326315,-159.36473,-132.0718,14.656455,7.4900756,-0.6955974,4.4079485,23.10558,-10.555891,5.109888,-0.022040252,-17.1148,-4.0111213,10.764438,4.8270726,-0.20340165,4.165093,16.837635,-12.169021,4.2986,-0.09125767,-17.60709,-6.787237,4.227149,4.3199763,0.19353563,-1.2335612,9.789043,-3.4543896,4.443187,-0.19703864,-9.180709,1.6196015,-2.235832,3.8078575,-0.42585334,-6.892165,2.3943229,0.03037246,3.8293536,0.27445585,-4.9172077,5.096863,-3.2313623,3.8342624,0.35158548,-8.059719,1.512403,1.4853486,3.8520038,-0.14669445,-3.325325,6.4485135,-1.6552286,3.7550647,-0.106781326,-6.3788366,3.015278,-0.7481371,3.6816883,0.09302725,-5.292351,4.1932564,-0.4796344,3.2536337,-0.05206076,-4.6199694,3.76762,-0.15677334,3.563973,0.36648282,-4.3712196,4.1840806,1.5510132,3.2304518,0.28881034,-2.3767605,5.634137,-0.32106483,3.023959,0.12458917,-4.1398897,3.5122118,0.8201143,3.0047858,0.087058865,-2.8301568,4.681905,-0.022158032,3.0966208,-0.1412167,-3.9782956,3.8091936,0.92925483,3.3844838,-0.3934872,-3.139147,5.0855837,0.3379639451876997,2934.2030984982343,0.17716163,0.10303561,location_G,part1,shopping_mall-helsinki-128-3810-a.wav
-170.67567,11.698795,0.9135828,-183.2115,-154.54997,24.121216,7.9482846,-0.48905247,13.599986,33.716816,-19.480223,5.186506,-0.06272689,-26.303028,-12.739639,2.3414433,4.643487,-0.16007493,-3.6791682,8.109646,-8.5309105,4.506347,0.1256529,-14.016048,-2.6974256,-1.364887,4.27327,0.16884065,-6.7734756,3.9937725,-5.101597,4.1199694,-0.120723076,-10.044579,-0.14566684,-4.101433,3.8576052,-0.2693276,-9.313476,0.7049699,-3.2562742,3.5790224,0.06272157,-7.662261,1.2066426,-1.5155438,3.6935892,0.005640865,-6.108749,3.187703,-4.3764734,3.4699984,0.15537821,-8.658939,0.3503005,-1.8401896,3.7290857,-0.3777265,-6.428968,2.8443315,-3.4146795,3.4282188,-0.11960533,-7.7933702,1.037451,-2.6948638,3.3843622,0.03956361,-7.01301,1.6128755,-2.0522728,3.5884044,0.46996865,-6.4636602,2.0225925,-0.7481024,3.2414062,0.31066874,-4.737046,3.2445765,-1.9931479,3.4471712,0.3937383,-6.317683,2.1443262,-1.7533066,3.0967524,0.036555007,-5.533661,2.1563745,-1.0040338,2.9808733,-0.17423522,-4.9091964,2.8086267,-0.31332958,3.2038033,-0.041922443,-4.3470173,3.8015473,0.2543414911142173,2553.633961629709,0.13218117,0.09584132,location_G,part1,shopping_mall-helsinki-128-3810-b.wav
-158.56984,11.475985,-2.0337324,-170.83517,-144.98212,10.879985,7.5428047,-0.55151516,0.57139456,19.637268,-33.289143,5.2074594,-0.0017103412,-40.208736,-26.68028,7.386586,4.8561225,-0.13553001,0.91114664,13.557751,0.54962885,4.33641,-0.040424917,-4.8573856,6.002859,-7.1720843,4.4707355,0.16136585,-13.008154,-1.4846632,1.5987971,4.547996,-0.152018,-4.1919165,6.9936914,-18.566988,3.9494686,-0.39032516,-23.558723,-13.625811,-5.22833,3.8749983,0.25730857,-10.216599,-0.13357252,-8.100984,3.8980563,0.35822806,-13.017174,-3.2768335,-3.4825509,3.928121,-0.10096186,-8.341082,1.4257593,-1.9863259,3.795858,-0.03607618,-6.779448,2.728368,-4.919573,3.7182598,0.031479303,-9.695929,0.023479462,2.1848493,3.2825434,-0.13163415,-2.1876173,6.26046,-5.788803,3.708182,0.2972195,-10.24613,-1.5324016,2.920997,3.3648357,0.31373647,-1.035488,7.2195826,-3.5989578,3.0456603,0.13875921,-7.3788176,0.32063192,-2.7046137,3.0491366,0.1270026,-6.292927,1.2518435,-0.5542811,3.1043344,-0.12811545,-4.5812783,3.3671536,-1.2119489,3.3823123,-0.29408947,-5.351548,3.0325575,0.29290322983226835,2737.871941969805,0.087002546,0.14529058,location_G,part1,shopping_mall-helsinki-128-3810-s2.wav
-179.91226,11.758398,-1.5467957,-192.68236,-165.60342,30.029888,7.59699,-0.6425023,19.732296,38.64421,-15.481828,5.171639,0.009573852,-22.250698,-8.900316,9.358683,4.921333,-0.17441413,2.9145494,15.494268,-12.694203,4.361655,-0.07665051,-18.288342,-7.1563354,12.401485,4.45282,0.17178328,6.6758633,18.07517,-5.0122313,4.526567,-0.12580596,-10.830873,0.3469646,-11.416047,3.9406786,-0.37495393,-16.431559,-6.6543756,-5.15673,3.8981385,0.25556487,-10.089371,0.061924458,-0.72207636,3.8418562,0.31108347,-5.5924635,4.033019,-4.038229,3.9149709,-0.097253,-8.893104,0.8527744,-5.422608,3.8139315,-0.07773711,-10.076455,-0.66500604,2.186552,3.7346456,0.046820853,-2.5176466,7.1213775,-5.417278,3.297828,-0.0876896,-9.868519,-1.1050434,-3.1157105,3.7050626,0.34247258,-7.6071243,1.1845601,1.6391659,3.326788,0.2991004,-2.4080424,5.840598,-1.2121882,3.0842514,0.13611488,-5.061866,2.6434073,-0.58697367,3.0219755,0.100026146,-4.2179575,3.139253,-1.0160327,3.05503,-0.14704487,-4.995704,2.831425,-0.29213202,3.441354,-0.37635672,-4.2979145,3.943646,0.2559124151357827,2447.272135870997,0.08132358,0.108524665,location_G,part1,shopping_mall-helsinki-128-3810-s5.wav
-183.74635,13.25445,1.1183054,-198.63933,-169.15907,18.342949,7.1132684,-0.22789437,8.498318,27.254887,-12.521007,7.3834987,-0.73365825,-21.275826,-4.0774817,9.470631,5.4804325,-0.06889407,2.391343,16.301456,-10.355348,4.39522,-0.06356933,-15.596806,-4.6379366,4.9822803,4.283477,-0.1657609,-0.07432902,10.092764,-6.1156235,4.109959,0.024010936,-11.274084,-0.83792454,-0.8627496,3.897987,0.1351962,-5.5783224,3.9917736,-4.9029946,4.463942,0.09607012,-10.671457,0.6340923,-1.352155,3.9759457,0.32599178,-6.3134193,3.6301985,-0.121449836,3.962523,0.06284532,-5.1919117,4.903942,-1.846875,3.8088326,-0.087302044,-6.725419,2.8974717,-2.785007,3.5293055,0.14512095,-7.42157,1.7424877,-1.0722136,3.2446735,0.049637858,-5.075551,3.295629,-0.3621562,3.2186852,-0.044715878,-4.219454,3.7366164,1.7448316,3.2166352,-0.26210475,-2.1601677,5.620964,0.5051629,3.0848994,-0.10965891,-3.287377,4.4882565,1.0042773,3.1352062,0.3223666,-2.8893447,5.1826105,0.4152294,3.290048,0.21474598,-3.6114495,4.6039743,1.7363254,2.9332857,0.19316092,-1.9921671,5.557415,0.31461848542332266,2789.1294436423473,0.15582542,0.086246036,location_G,part1,shopping_mall-helsinki-128-3811-a.wav
-115.445114,6.9968476,0.15401958,-124.64878,-107.11088,8.046047,6.238602,-0.39015794,0.04198116,15.762587,-15.430839,4.5373807,0.053378697,-21.081854,-9.496983,11.107371,4.423565,-0.043703813,5.282297,16.797459,-10.995594,4.207242,-0.1556527,-16.435677,-5.76052,6.086832,3.8973668,0.21596968,1.0652398,10.973572,-4.4033394,3.618227,-0.026638582,-8.9144535,0.064599305,-1.174606,3.6279345,0.0013590232,-6.030831,3.3898242,-0.36677757,3.6572297,-0.0406877,-5.087612,4.2407804,-2.6862285,3.5198174,0.024742069,-7.2085447,1.9550524,0.45990878,3.487988,0.009409161,-3.7837467,5.0532446,-0.5306331,3.6658874,-0.052212656,-5.1258383,4.095499,-1.7091627,3.5169117,0.111494586,-6.09673,2.8947477,-1.5374483,3.811226,-0.13998023,-6.3049164,3.4224346,0.9917509,3.425773,0.12781109,-3.2790112,5.5202675,0.18670747,3.0027246,-0.079448685,-3.6583176,4.0936747,0.6703985,2.9474704,0.037248135,-3.0780556,4.352454,-1.2520019,3.0342813,0.0055339057,-4.99963,2.5280612,-0.3277403,2.8896856,0.008685088,-4.0633216,3.3510869,0.87686485,2.9991367,0.052128717,-2.8710637,4.549965,0.36349029053514376,3034.55714228687,0.16815135,0.11912556,location_G,part1,shopping_mall-helsinki-128-3812-a.wav
-122.5539,8.053085,0.5635742,-131.61444,-112.724945,20.043808,6.882535,-0.3923253,11.50417,28.492546,-13.391614,5.0539923,-0.3090973,-19.89325,-7.4320345,12.062636,4.5235996,-0.04423097,6.376398,17.68812,-10.330776,3.689861,-0.14049673,-15.02352,-5.7653427,7.845797,3.9687932,0.049911406,2.8395548,13.028887,-3.1171122,3.9033146,-0.012429574,-7.844105,1.8062747,0.5203146,3.891008,0.077120624,-4.636048,5.42401,-1.2812803,3.6551883,0.022681762,-6.0867553,3.4243789,1.2618763,3.527979,-0.12349946,-3.30746,5.703518,1.4161793,3.6300895,0.04017817,-3.1668627,6.041053,0.44422156,3.6001258,0.0011691138,-4.3034644,5.084933,0.47830418,3.1613855,0.21047789,-3.4310868,4.6118536,-0.46932644,3.128064,0.029430598,-4.4817734,3.5080776,0.80618906,3.1801882,-0.08532307,-3.3456469,4.9147534,1.1804447,3.1140652,0.10817641,-2.6891587,5.2483363,0.9251041,3.1489625,0.06710066,-2.8823638,4.893375,1.7777755,2.8083906,0.12037675,-1.718209,5.314925,-0.39832062,2.8695474,0.12030934,-4.0407047,3.3300986,0.37145865,2.6995153,-0.025239345,-3.3228478,3.8361335,0.31015843400559107,2733.533859825089,0.15397558,0.08914942,location_G,part1,shopping_mall-helsinki-128-3813-a.wav
-145.64537,8.546991,0.68526,-155.62595,-134.22064,25.419905,7.376947,-0.5514632,14.792573,34.16848,-21.678251,5.682462,0.06331269,-28.847546,-14.077623,2.5716033,4.707755,0.0685084,-3.3638115,8.502006,-8.380789,4.134144,0.0578421,-13.8981495,-3.1374674,2.7027855,4.1403823,0.069767,-2.6826289,7.861572,-5.0415,4.0937657,0.231367,-9.944182,-0.06827054,-3.5281806,3.947084,-0.040335592,-8.630158,1.3808556,-4.3824553,3.7083814,0.093069196,-9.193014,0.48482966,1.3036968,3.477338,0.16415058,-3.0984325,6.0992317,-2.8545077,3.653747,0.08731525,-7.4946384,1.8789561,-1.0606245,3.7031686,0.03882995,-5.618349,3.7998114,-1.5671928,3.3477545,0.115940206,-5.9008083,2.8048544,-4.010628,3.3348744,0.068414144,-8.303716,0.48242366,-2.1091354,3.1756792,-0.0048616943,-6.048644,1.7877766,-2.0563471,3.0110366,-0.008849334,-5.800341,1.9336803,-1.9660654,2.98635,-0.03025483,-5.7899146,1.838489,-1.502293,3.0167472,-0.027685044,-5.271453,2.2797456,-1.7845622,2.9351928,-0.09498629,-5.5130553,1.867336,-1.2607751,2.7078187,0.035031952,-4.7212906,2.3189,0.25043212110623003,2497.801256008601,0.12387443,0.096541874,location_G,part1,shopping_mall-helsinki-128-3813-b.wav
-141.47945,9.259491,-5.8569493,-149.89717,-131.92114,28.62928,6.973884,-0.4016995,19.788128,37.310516,-8.700015,5.122995,-0.34255373,-15.515842,-2.386551,1.6202557,4.5524125,-0.025183646,-3.9936001,7.3227115,-13.210615,3.666679,-0.1786998,-17.723495,-8.552889,7.1439996,4.085019,0.032009225,2.1092439,12.6303005,-10.565404,3.9612043,-0.039470967,-15.5506115,-5.459418,2.0751035,3.9858913,0.06274841,-3.0138626,7.2474413,-15.036893,3.8193166,0.02118661,-19.990175,-10.037313,4.3898096,3.6525223,-0.12878466,-0.42815435,8.933203,-0.53882223,3.6519618,0.07615083,-5.2622547,4.1265965,-0.056247205,3.5543807,-0.0024909624,-4.6156654,4.460375,-1.2308327,3.2306347,0.21206546,-5.428416,2.7986817,-6.2021847,3.1406953,0.05939444,-10.349491,-2.1130452,2.7612066,3.166299,-0.11560053,-1.2380602,6.7439475,-0.5338731,3.1602056,0.08750181,-4.509339,3.4090457,-1.1249379,3.189988,0.1516059,-5.1077495,2.704773,1.2226024,2.876205,0.19311582,-2.449057,4.90633,-3.096327,2.9425719,0.10953778,-6.875065,0.63624,0.8627441,2.787792,-0.007732074,-2.796192,4.552486,0.29640855880591055,2671.921289355244,0.09313732,0.13063341,location_G,part1,shopping_mall-helsinki-128-3813-s3.wav
-150.58794,9.351586,-5.0099587,-159.43619,-140.76907,35.07412,6.9637623,-0.398561,26.23024,43.791473,-18.492086,5.1414585,-0.34652913,-25.047434,-12.178825,10.28561,4.5508604,-0.041568592,4.82512,15.995768,-11.167254,3.7158902,-0.15423143,-15.74581,-6.616767,15.873711,4.088598,0.0026881902,11.0126,21.464565,-4.9450564,3.9515488,-0.02800355,-9.903715,0.1981821,-8.963656,3.8859193,0.055851378,-14.121559,-3.9163089,-6.662368,3.784205,0.05937708,-11.617768,-1.6446302,3.617832,3.6359143,-0.08461847,-1.2107086,8.147321,-4.3725915,3.6669924,0.0664203,-8.946835,0.36548692,-3.4168956,3.5843396,0.02467888,-8.048662,1.1712682,3.2674632,3.227216,0.18543568,-0.90182245,7.411535,-5.4748464,3.1239917,0.05736475,-9.534931,-1.2616988,-2.3458269,3.2012796,-0.15913448,-6.457357,1.6812731,1.0985192,3.1362512,0.07645236,-2.777233,5.0126266,-0.059531488,3.198126,0.18252341,-3.8862348,3.7810495,0.19690046,2.8560362,0.19555433,-3.4369326,3.9100823,-1.5924386,2.9301405,0.103476696,-5.267641,2.2117648,-1.0091934,2.7693713,0.004980689,-4.56437,2.6637921,0.23564640325479233,2294.4724370489457,0.06473914,0.12448747,location_G,part1,shopping_mall-helsinki-128-3813-s5.wav
-163.33539,8.975148,0.3675404,-173.862,-150.44955,33.535282,5.925708,-0.40434211,26.37449,40.88472,-21.966137,6.32969,-0.15106459,-30.01891,-14.043283,11.650824,5.6304207,-0.302191,4.9974327,18.790407,-12.709951,4.7468066,0.22308855,-18.648972,-7.042963,5.3836274,4.0717354,0.19362603,0.30926928,10.852533,-1.7806798,4.2231116,0.14739312,-6.9941573,3.5681825,-1.883869,3.9805813,-0.102871895,-7.1298785,3.0726357,-1.103518,4.0913105,-0.11601085,-6.905594,3.9830723,-1.2144781,3.82225,0.2824921,-6.0548534,3.9135938,3.6205819,4.0063434,0.1404616,-1.3469486,8.739574,1.1630272,3.7644613,-0.03021177,-3.7275362,5.949404,-0.7288582,4.1187863,0.2641454,-5.4812374,4.2875366,-0.28909206,3.586424,0.17302164,-4.715074,4.2237453,-0.27288535,3.4271576,0.16608413,-4.643673,3.8629625,0.032320462,3.2669172,0.06619024,-3.9520383,4.1042905,-0.045450613,3.4790716,0.025252473,-4.4842577,4.167038,0.63462913,3.1916285,-0.13614309,-3.4840732,4.574949,-1.9153332,3.061756,0.1305155,-5.6810455,2.0855207,0.673768,3.202504,-0.066831715,-3.46989,4.626916,0.24405482478035143,2302.4437748984287,0.08028063,0.15936911,location_G,part1,shopping_mall-helsinki-128-3814-a.wav
-202.69118,9.9912615,-2.9939785,-213.1614,-190.35184,52.777447,6.002599,-0.51945966,45.506897,60.04589,-32.689205,6.428519,-0.0752872,-40.531525,-24.299244,10.667997,6.012669,-0.3473414,3.5921597,18.453463,-6.7451634,4.94282,-0.013620755,-12.707465,-0.88435715,16.526485,4.1882954,0.19389611,11.267662,22.11166,-0.555819,4.21516,0.11554461,-6.0775976,4.692883,-11.925102,4.146015,-0.1163299,-17.333054,-6.666316,-0.12682015,4.321329,-0.15092355,-5.7259164,5.3687916,-2.5810823,3.9021614,0.17942168,-7.5320253,2.6359894,-4.0864234,4.052679,0.1107426,-9.1215,1.2410196,-0.31124973,3.8152213,-0.033583775,-5.341776,4.555372,-4.6109257,4.267354,0.22980215,-9.882031,0.8179573,-6.7356987,3.808724,0.21533822,-11.615744,-2.0238483,-0.29023698,3.5725257,-0.027838182,-4.8729625,3.8437183,-4.0827513,3.3006861,0.17963767,-8.178137,0.2575131,3.1606164,3.5153167,0.02838776,-1.5116168,7.8583364,-1.1627803,3.299751,-0.10823628,-5.409969,2.9131036,-7.468509,3.1438463,0.011489147,-11.337088,-3.3486776,1.2798889,3.150298,0.018506281,-2.8670413,5.13994,0.1880194813298722,1818.0930398948374,0.015606703,0.13133012,location_G,part1,shopping_mall-helsinki-128-3814-s1.wav
-125.58239,7.028437,0.80192536,-133.70856,-117.18537,16.458155,5.428125,-0.25950435,9.237083,23.13278,-17.307806,4.2769527,-0.21761686,-22.996433,-11.863365,7.4516797,4.1233826,0.033229485,2.2763102,12.840261,-11.125496,4.2974133,-0.096945964,-16.559643,-5.812443,6.000071,3.9109478,-0.035227623,1.0347202,11.009814,-4.319497,3.4797504,-0.016139112,-8.823544,0.13473475,-1.2723289,3.5177352,0.03982993,-5.829127,3.3072793,0.68722975,3.6085014,-0.01200231,-3.9836655,5.205529,-2.1977599,3.4602113,-0.045110878,-6.5587015,2.3131175,2.8370292,3.4743812,-0.051707175,-1.5357879,7.3560824,-0.9662848,3.5511236,-0.030230438,-5.26531,3.2250755,1.239556,3.4199946,-0.12521496,-3.3603783,5.5176105,-1.5379739,3.2219098,0.09461283,-5.6701465,2.5858903,0.51078653,3.4701347,0.025145797,-4.074751,4.967861,0.057804774,3.2480068,-0.118481286,-4.0684814,4.069826,0.22519271,3.1266837,-0.046848945,-3.9343977,4.1556773,1.1708324,3.0515761,0.088058464,-2.8692732,5.1314793,0.4823402,3.3237207,-0.11174404,-3.8306208,4.471378,0.61707574,2.9942906,0.06773791,-3.2053845,4.5695314,0.3167338508386581,2820.9238358386456,0.16775714,0.15288126,location_G,part1,shopping_mall-helsinki-128-3815-a.wav
-130.11687,7.7810664,0.4425511,-139.6002,-120.12115,1.3680292,5.577051,-0.13951266,-5.9396796,8.35873,-12.868566,4.459707,-0.13381888,-18.506622,-7.4058175,8.443343,4.864919,-0.14201151,1.9377596,14.665535,-10.090209,3.862849,-0.06917733,-14.791237,-5.183728,5.7403703,4.082887,0.12593487,0.6004087,11.2843895,-4.098808,3.8337336,-0.07715698,-8.948341,0.8344707,-2.3913305,3.6081078,-0.024117598,-7.088125,2.3681567,-0.5934077,3.5837662,-0.025127098,-5.267826,3.9479504,-1.6318321,3.4430141,-0.04426288,-6.156289,2.6985776,0.7728741,3.6667805,-0.034451988,-4.05352,5.4842186,-1.3289826,3.3416667,0.14129321,-5.588202,2.726893,-0.8966783,3.2565956,0.0031575502,-5.130603,3.331508,-2.5717978,3.3754895,0.002569458,-6.889748,1.7198025,0.6261445,3.1164052,0.04986828,-3.4092016,4.684268,1.1497486,3.0602396,-0.062290635,-2.6842244,4.8051906,0.31573954,3.186616,0.11142821,-3.3718624,4.3391895,-1.4284863,2.9323897,0.024500856,-5.20945,2.274515,-1.177158,2.6142535,-0.04160645,-4.5319686,2.1807098,0.6955997,2.6310265,-0.016957236,-2.7290473,4.060002,0.3912802016773163,3269.4432609188107,0.21683572,0.13574933,location_G,part1,shopping_mall-helsinki-128-3816-a.wav
-148.24002,9.133196,-0.44517803,-159.77779,-137.55025,24.29871,7.1495337,-0.10841431,15.370171,33.5531,-12.692289,5.8125453,0.061960354,-19.767887,-5.2411795,9.955049,6.662584,-0.31585944,1.1932445,18.041637,-13.168472,4.719924,0.29154885,-18.8488,-7.0035725,2.704291,4.6871367,-0.19231623,-3.8995667,8.422891,-3.9604585,4.15123,0.07116728,-9.35252,1.4214969,-0.6443444,4.458398,0.13544077,-6.2920027,5.21594,1.6662363,4.5281672,0.0636918,-4.021614,7.5891924,1.2506963,3.6183507,-0.06395655,-3.3060482,6.0561247,4.3807864,3.9068086,-0.11612406,-0.879778,9.326759,0.72508824,3.5352912,-0.040560484,-3.931653,5.1958447,-1.0445975,4.1157513,-0.0994283,-6.3400846,4.099021,-2.479621,3.5770512,-0.09854218,-7.182228,1.9780545,2.8979535,3.5407937,-0.070042826,-1.73496,7.3802295,1.8169988,3.0739658,0.029813413,-2.2972078,5.7125435,0.4970951,3.2759335,-0.029098073,-3.56249,4.5901,1.7365144,3.5363846,0.14635266,-2.706943,6.216333,0.46591723,3.411817,0.010194501,-3.7539103,4.494544,-0.29628354,2.81674,-0.01204735,-3.8153691,3.402414,0.28096763927715657,2630.052851013549,0.12707308,0.09344158,location_G,part1,shopping_mall-helsinki-128-3817-a.wav
-178.09608,9.189612,0.0115517145,-188.77138,-166.19756,34.96574,7.6833787,-0.29784063,24.278355,44.35338,-18.962318,7.2706404,0.20585951,-27.89619,-9.438625,7.1032248,8.251225,-0.24720262,-3.4216735,17.606459,-11.079815,5.950226,0.45553756,-18.303408,-2.8076377,-3.5625398,5.4030395,-0.15653054,-10.597666,3.29911,-2.0463784,4.9097576,0.12632467,-8.247595,4.2644067,-2.8655283,4.9867806,-0.19371563,-9.340593,3.1265426,5.183843,5.008191,0.16321467,-1.0343448,11.890891,0.76473427,3.9742014,0.085162066,-4.23762,5.896591,4.199626,4.0465937,-0.022353504,-1.0446022,9.625383,-0.39827538,3.6266398,0.08359796,-4.8326697,4.2574816,-3.2664227,4.874153,0.24634711,-9.284134,3.1827164,-3.4729564,4.250535,0.0730901,-8.951904,2.1731534,-0.10954851,3.8073196,0.041295584,-4.600528,4.7469363,0.1932051,3.5439262,-0.05913563,-4.573462,4.7658772,-3.4865847,3.774582,-0.038726695,-8.336577,1.3306773,-0.47372344,3.8908892,0.2246972,-5.248577,4.5503182,-1.5420195,3.5279708,0.073962644,-6.0075083,2.930142,-0.8293833,3.363839,0.070741296,-5.1391945,3.5446541,0.224000973442492,2288.390386567073,0.06951395,0.17565623,location_G,part1,shopping_mall-helsinki-128-3818-a.wav
-155.15964,9.499321,0.058978293,-167.05522,-143.431,30.458742,8.047226,-0.31666046,19.661451,40.268257,-16.129839,7.7862787,0.11648638,-25.915655,-5.993335,-5.942991,8.196627,-0.19731379,-16.738665,4.075284,-2.9089031,6.2304444,0.4077358,-10.116177,6.142764,-6.902054,5.6735735,-0.19465564,-14.501184,0.2553602,-2.1491828,5.3704963,0.19016933,-8.927809,4.9016914,-1.2321041,4.765116,-0.32163554,-7.8850555,4.551873,3.656972,5.1980214,0.19674473,-2.881879,10.490942,3.2047074,4.07216,0.1926039,-1.8971843,8.200911,1.0150523,4.442554,-0.20536436,-4.8476906,6.6078806,0.5122584,3.8216653,0.13437931,-4.2936463,5.261953,-4.299999,4.89091,0.21217853,-10.489541,1.9862185,-3.2204878,4.646205,0.24572583,-8.971191,2.7852387,-2.3974621,3.7083626,-0.0057119327,-7.0153527,2.1875422,0.5467302,3.5234451,0.15616612,-3.8203115,5.03508,-4.6127067,3.7058237,0.06883144,-9.2330265,0.071211934,-1.8761644,3.9726295,0.29678115,-6.743664,3.658821,-0.7511541,3.836812,-0.03451526,-5.500236,3.9637113,-1.6929761,3.455285,0.17026336,-6.0519867,2.9016414,0.23767752845447285,2537.475815459806,0.08648862,0.1739735,location_G,part1,shopping_mall-helsinki-128-3818-c.wav
-250.86472,9.0030365,-2.8130286,-260.5917,-239.76486,79.23431,7.696177,-0.27898437,68.661156,88.6998,-17.90555,7.3218627,0.22455588,-26.975655,-8.018358,-8.791753,8.392501,-0.20623428,-19.717373,2.0556605,-21.454609,6.109163,0.42047158,-28.782007,-12.734602,-10.200858,5.494195,-0.12574358,-17.287891,-3.0666285,-7.3795443,4.9848604,0.17905873,-13.624195,-0.9496027,-5.206783,5.1529827,-0.21845245,-11.764056,1.3963223,4.312236,5.053718,0.24312416,-2.0940976,11.238275,-1.2820419,3.986901,0.056860093,-6.270646,3.7636008,0.3566844,4.0752215,-0.042513236,-4.9998026,5.7483473,0.04678438,3.6213274,0.05232693,-4.3306236,4.5192485,-3.888507,5.000022,0.29476297,-9.988971,3.0249398,-10.300035,4.2287326,0.048058663,-15.774791,-4.850026,3.380519,3.9732027,0.05417429,-1.429735,8.369567,-1.7276853,3.5913045,0.020850165,-6.3542137,2.7919428,-6.3272343,3.8507686,-0.08117854,-11.149685,-1.6255295,-0.9773591,4.134306,0.20055795,-5.998288,4.460538,-2.7214985,3.5757353,0.03957312,-7.270134,1.7957174,-0.90425813,3.4489684,0.06965022,-5.332385,3.442776,0.0967108875798722,1188.224125877694,0.0030774802,0.15061533,location_G,part1,shopping_mall-helsinki-128-3818-s6.wav
-117.90049,10.494479,1.4905254,-128.08409,-103.1392,19.51537,7.4517374,-0.93075573,8.878349,27.59273,-14.179364,5.1553836,-0.15969662,-21.187935,-7.968336,10.194097,4.0061345,0.066538304,5.080141,15.26491,-8.701474,3.8241491,-0.085875206,-13.5813875,-3.9010947,3.7826715,4.143911,-0.123035535,-1.3931656,9.031766,-4.956953,3.5682807,-0.21162993,-9.621973,-0.54554546,-2.1274323,3.5502856,0.028961474,-6.6077313,2.276249,-0.1158529,3.4501173,0.065692015,-4.5637083,4.378582,-1.5859716,3.511931,0.27471158,-5.8470726,2.8802783,0.7248723,3.6170468,-0.25701377,-4.0924225,5.2884774,-1.3192164,3.5564337,0.019762043,-5.855275,3.0111146,-0.604176,3.0789561,0.07908763,-4.5783587,3.3183718,-1.6918782,3.3623521,-0.067333736,-6.0262723,2.5970125,-0.7293124,3.1331966,-0.09989012,-4.6626077,3.3590653,0.5635632,2.9719574,-0.119843885,-3.2067661,4.38678,-0.3544872,3.0766268,0.29391387,-4.1336913,3.558067,0.48903686,2.7205067,0.039726235,-2.9605598,3.9302297,-0.5539891,2.6219869,0.059868637,-3.9385576,3.0019655,0.9730488,2.7356298,-0.1289475,-2.4571915,4.445752,0.3024925743809904,2741.2886120776493,0.16507167,0.09810309,location_G,part1,shopping_mall-helsinki-128-3819-a.wav
-116.5916,11.605287,-0.6462078,-131.79652,-103.66248,18.89965,7.9935894,-0.5313293,8.038376,28.358166,-19.301687,7.4479537,0.3343791,-28.23117,-9.023397,11.084735,6.480285,-0.2509853,2.6246777,18.896187,-6.021534,5.652643,0.15917493,-13.067003,1.188997,2.0791597,5.260621,-0.20604031,-4.7330513,8.718813,-2.1457922,4.484494,0.13642716,-7.9496984,3.7378528,-1.4605283,4.025253,0.08198059,-6.3831706,3.8412645,2.3423371,4.089695,-0.006044556,-3.16136,7.6049423,-1.2388775,4.5468445,0.057883598,-7.066668,4.5323286,2.207958,4.2108264,-0.019102467,-3.189327,7.7508397,0.045698382,4.0177546,0.101926416,-5.024338,5.188587,-2.5530841,4.3335347,0.23760758,-8.1087265,2.744229,-0.99567944,3.6688645,0.0037152707,-5.665344,3.6104445,1.8998348,3.473923,-0.19774716,-2.7435997,6.141426,-1.1532762,3.5639122,0.15898903,-5.817149,3.416831,2.8305836,3.6854985,0.095635004,-1.8582695,7.616976,-0.5906247,3.6780205,-0.038375095,-5.3333945,4.000018,-1.2850362,3.1061635,-0.1366848,-5.4320493,2.4623003,1.8868484,3.0723972,-0.047976807,-2.0437598,5.8867483,0.3074799071485623,2720.282355644202,0.13466233,0.1711674,location_G,part1,shopping_mall-helsinki-128-3820-a.wav
-133.57202,9.529035,-0.029775022,-146.17212,-122.036026,25.289625,9.612477,-1.0016295,12.670013,35.75644,-13.258243,7.0369167,0.56667745,-21.626892,-3.9979434,10.161313,5.406004,0.020995168,3.2797418,17.362282,-9.778973,4.9014115,0.14574583,-16.142218,-3.28845,6.6985083,5.4521074,-0.59820276,0.057727933,12.893176,-4.446215,4.644384,-0.059770018,-10.078517,1.4138148,-2.2651143,4.883886,0.46988246,-8.021349,4.3160257,-4.859167,4.4833145,0.0021186494,-10.596592,1.102592,-1.1698477,4.461978,-0.018997507,-6.6713176,4.610375,3.5708535,4.662328,0.17033044,-2.221057,9.770685,-2.410827,3.9476066,0.077191465,-7.228258,2.6247282,-2.3131597,3.6241403,-0.22569656,-7.2707615,2.2452707,-1.3822132,3.680972,0.17274548,-5.8110037,3.5328038,-1.8330835,3.7533512,-0.003531649,-6.4280443,2.943871,2.2360585,3.4743505,0.02041499,-2.2675061,6.5986233,1.3786323,3.427514,-0.14298368,-2.929497,5.636098,-0.06259999,3.114762,-0.10449812,-4.2977505,3.8663244,-1.8961445,3.011898,0.06260662,-5.7709217,1.9973866,0.72176623,2.8966877,-0.04108028,-3.1372304,4.6973543,0.2819332817492013,2627.1081780626228,0.11875985,0.10168518,location_G,part1,shopping_mall-helsinki-128-3821-a.wav
-171.21362,11.086806,-4.0950627,-183.71327,-159.41278,21.725224,9.829332,-1.0522339,8.942394,32.430897,-35.843132,7.2006125,0.54276305,-44.58348,-26.108398,6.977565,5.5517745,-0.04036642,0.22970352,14.4135475,3.2169573,5.005898,0.11903129,-3.1625986,9.759144,-4.7360044,5.5559654,-0.65652084,-11.480513,1.66036,0.9658969,4.764004,-0.06066561,-5.1162167,7.067453,-18.589846,4.928289,0.46363607,-24.2733,-11.88139,-9.977694,4.541705,-0.06439125,-15.700647,-4.1036654,-5.817498,4.5184846,0.053324424,-11.714607,-0.05715525,-1.2506664,4.739311,0.14222172,-7.3041835,5.120104,-2.450101,3.9515288,0.13976173,-7.54037,2.7382774,-6.155024,3.6547189,-0.17903894,-11.006529,-1.5638855,1.2715542,3.5658035,0.17219576,-3.3369703,6.023846,-7.28556,3.786513,0.02989728,-11.922333,-2.4312007,3.4170434,3.5507474,0.050341517,-1.0228026,8.03154,-1.6725364,3.5517666,-0.0919688,-6.20402,2.8784916,-3.6844323,3.1859484,-0.14389901,-7.6636434,0.2820626,-2.2130527,3.0264697,0.08841654,-5.97138,1.728706,-1.5264345,2.9706724,-0.10606991,-5.4037943,2.296936,0.25127296325878595,2441.1075563888794,0.053933553,0.16110662,location_G,part1,shopping_mall-helsinki-128-3821-s2.wav
-180.3219,10.865922,0.68394536,-194.17998,-167.29549,-0.42155147,7.279388,-0.28250915,-10.141853,8.58017,-15.484955,5.1694627,-0.9481143,-21.51699,-9.405636,10.972307,4.270872,0.16982543,5.72052,16.429462,-8.882648,3.8601208,0.07961483,-13.702593,-3.9759898,4.523168,4.0944104,0.058436308,-0.5684159,9.765171,-4.0363345,3.5043335,0.21825035,-8.4738655,0.2691406,-1.3025693,3.6519713,-0.10787426,-5.884328,3.1613808,0.3162658,3.3941095,0.13947095,-3.9653032,4.926721,-3.6898463,3.336059,0.03919594,-7.9333396,0.5017702,1.200855,3.5707593,-0.0782103,-3.3613977,5.8296247,-0.7238321,3.4861248,0.12800321,-5.117399,3.5276248,-1.1274687,3.3447778,-0.095379904,-5.329882,3.0388775,-2.055743,3.3950834,-0.011604659,-6.1830807,2.436695,0.22144002,3.2352192,0.016077287,-3.883473,4.2900105,0.16609327,3.0540628,0.084714256,-3.8084965,4.305297,-0.6299566,3.2402961,0.1355002,-4.667282,3.460653,-0.23094791,2.9878802,0.11168285,-4.0114207,3.53374,-0.2835774,3.0077524,0.11677018,-4.095109,3.5477712,1.4033204,2.8855484,0.08288041,-2.2841644,5.057646,0.3891429962060703,3244.8000826504763,0.20142147,0.06294075,location_G,part1,shopping_mall-helsinki-128-3822-a.wav
-177.28929,12.910171,1.764005,-191.19446,-162.42455,19.010138,7.100998,-0.48507816,10.133155,27.519249,-11.213792,6.0769863,-0.06088192,-18.860754,-3.4035141,10.015756,5.7242913,-0.29388452,2.3471298,17.027668,-13.465462,4.8563566,-0.38997075,-20.060556,-7.5395613,7.8329444,4.6005154,-0.10253004,2.1503947,13.346061,-2.9933925,5.0690064,0.552709,-8.922477,2.7479084,-0.0601735,4.2231903,0.24708623,-5.267579,5.570794,-1.4711934,3.9171917,0.1259198,-6.228976,3.4088125,-0.9019696,3.8706791,0.3698858,-5.4445953,4.1086893,1.2107714,4.3646636,-0.4362064,-3.8952272,6.4628496,-0.45352334,4.2568917,-0.3917056,-5.7967134,4.775179,1.4310766,4.0894146,0.8920355,-2.9505982,6.046704,1.3410106,4.5535483,0.8185423,-3.73778,7.2615733,0.42686158,3.5181031,-0.03888678,-4.122446,4.8929725,-0.44817406,3.7543895,0.17207214,-5.1087446,4.0880594,-0.88544124,3.8918452,-0.063906826,-5.240943,4.00803,1.2633245,3.0770168,0.02785401,-2.6844687,5.2554693,-0.024263944,3.279544,0.17013249,-3.8444033,4.2083116,1.1338371,3.1458793,0.14782079,-2.8877044,5.13217,0.30960931259984026,2802.816104077232,0.14937983,0.02881406,location_G,part1,shopping_mall-helsinki-128-3823-a.wav
-225.91199,13.773533,-0.51452166,-239.19823,-210.35962,63.257866,7.294299,-0.5676528,53.883854,71.695175,-10.717504,6.083048,-0.045405995,-18.349747,-3.0817509,-6.3848815,5.812374,-0.22471198,-14.284521,0.73116,-24.426157,4.9477305,-0.3084513,-30.992321,-18.54808,1.3932683,4.7330437,-0.08688471,-4.4832134,7.0237575,-9.137215,5.105949,0.5293562,-14.943171,-3.259487,-3.1227705,4.3233495,0.16917461,-8.560341,2.4337566,-2.551357,3.9631228,0.12880997,-7.494565,2.5382416,-3.576042,3.8647819,0.2757469,-8.185866,1.3448735,-3.01173,4.36531,-0.4008759,-8.360027,2.2842464,-0.5238408,4.11858,-0.3662453,-5.6428833,4.671206,0.94993234,4.175885,0.8926197,-3.8216016,5.446576,-6.8232255,4.3024926,0.63511145,-11.696573,-1.2851275,3.7504692,3.60502,0.011079481,-0.7618811,8.252395,-2.8521726,3.7350986,0.041680742,-7.6852813,1.6981385,-3.652326,3.9255686,-0.11357716,-8.043014,1.0978041,0.17654587,3.0384004,0.047975916,-3.7392242,4.136141,-0.9596346,3.4330003,0.16882029,-5.000532,3.465332,0.58214915,3.1446903,0.13883117,-3.4829707,4.463648,0.11570237619808307,1522.7167220665847,0.013624397,0.062135033,location_G,part1,shopping_mall-helsinki-128-3823-s6.wav
-143.77641,9.381258,0.23755181,-155.97208,-131.72142,21.47917,6.580861,-1.1680228,13.930996,28.648626,-14.820526,5.351554,-0.40571028,-21.849531,-8.49077,9.334045,5.690309,0.21118216,2.4766874,16.128471,-9.200694,4.0708547,-0.08307017,-14.584912,-3.9548235,4.796661,4.1224446,0.16839398,-0.31093588,10.164959,-3.334043,3.966021,0.07379895,-8.249441,1.5369849,-0.73027515,3.6139653,-0.060661066,-5.2159915,3.9171321,0.108224325,3.739768,-0.104508094,-4.410255,4.7626734,-1.1281831,3.649664,-0.10604113,-5.7464643,3.2769334,2.6664069,3.7653563,0.28624237,-1.9613054,7.480753,-0.80011064,3.6708472,0.013546075,-5.629548,3.7979553,0.78476536,3.7064743,0.2499742,-3.7872455,5.494776,-1.4313269,3.3011231,-0.027782759,-5.521492,2.7960587,-0.0060212007,3.3969474,-0.05619395,-4.481473,4.228341,1.1679056,3.0791445,-0.018154666,-2.9038627,5.213602,1.220683,2.9852746,0.20439151,-2.5343678,5.138319,0.6201439,3.2251914,0.17493604,-3.397077,4.8037434,0.38365394,3.161779,0.12737772,-3.640401,4.5249634,0.43451312,2.8576007,-0.1264291,-3.199061,3.9967294,0.2900577825479233,2682.850568564701,0.15699798,0.11670537,location_G,part1,shopping_mall-helsinki-128-3824-a.wav
-125.19647,7.8609695,-0.0010412527,-135.61922,-115.8755,23.068314,5.883034,-0.734186,15.738389,30.042479,-13.619266,5.402305,0.19625823,-20.169825,-7.1870728,11.205347,4.909329,-0.22291808,4.5413656,17.16513,-7.9577823,4.0458155,-0.032891173,-13.008599,-2.5865026,5.476078,3.6755946,-0.1408388,0.79184633,10.16539,-3.6464887,3.9468617,-0.16388133,-8.869554,1.4361902,1.3896062,3.7551174,-0.041408595,-3.721376,6.01209,-0.06093031,3.7582803,-0.11991039,-4.9129086,4.7540064,-1.9512404,3.8112376,0.10585612,-6.5938435,2.777915,1.4574553,3.6044948,-0.17567971,-3.1540065,5.8999596,-1.3636507,3.3617282,-0.08777914,-5.6402855,2.9293587,1.06257,3.2737515,-0.050216634,-3.2972803,5.150685,-1.6062196,3.0531998,0.02761514,-5.6052914,2.291859,0.6793773,3.0691338,0.020369986,-3.2613149,4.4003477,0.89966756,3.125607,0.08240656,-3.2374372,5.0001616,1.3423425,2.8108697,-0.006851993,-2.2798371,5.046803,0.53336275,2.8248475,-0.12280027,-3.2256503,3.9923916,-0.24412712,2.865535,-0.08826908,-3.7974944,3.3159034,0.79351777,2.6001463,0.017365724,-2.5347672,3.9758782,0.2930763902755591,2654.877079546038,0.155445,0.116562635,location_G,part1,shopping_mall-helsinki-128-3825-a.wav
-177.13464,8.193082,3.1234832,-185.84349,-168.06824,33.336617,5.9361687,-0.2816604,25.811886,40.585655,-19.109003,5.4199076,-0.011476061,-25.887302,-12.470861,11.21677,5.415083,0.048315663,4.2264185,18.07191,-11.976186,5.4638186,-0.20775534,-19.300186,-5.067774,3.6772847,3.8318357,-0.043751102,-0.90615815,8.691186,-0.9235448,4.2997646,0.14563149,-6.3842535,4.4832,-1.9519598,3.5240366,0.04846299,-6.3414288,2.6322775,-0.45624962,3.7414203,0.07778313,-5.1428213,4.4004564,-1.5866274,3.789277,0.06796798,-6.2622185,3.2461412,3.0208035,3.6857936,0.010720583,-1.7626042,7.6985974,-0.44546965,3.505446,0.06169614,-4.9530525,4.2865887,-1.2624156,3.3904116,-0.011434546,-5.5918684,3.1124039,-0.9827793,3.7024195,-0.16130462,-5.906297,3.7075431,-1.0590092,3.3545825,0.10416271,-5.388131,3.2686763,-0.5395532,3.178216,0.13181995,-4.4974194,3.6347227,0.6683647,3.1424603,0.111280985,-3.2569685,4.686182,0.44338766,3.0102096,-0.16320863,-3.68996,4.2734637,-2.0164983,2.8037276,0.05329026,-5.5205746,1.5362139,0.42796135,2.8642437,-0.082774244,-3.194849,4.164057,0.2428895017971246,2323.7950441115227,0.09455233,0.023100402,location_G,part1,shopping_mall-helsinki-128-3826-a.wav
-202.78745,8.999098,-6.395004,-210.1109,-195.17632,29.636024,6.0453525,-0.31859377,21.924276,36.889923,-42.118675,5.6253614,-0.044662524,-49.22081,-34.533455,7.917563,5.5887456,0.05048802,0.8626479,15.178816,0.6286282,5.603225,-0.174233,-6.767961,7.6578593,-7.8853793,3.9268894,-0.073229685,-12.990388,-2.7535775,4.1819396,4.305929,0.08918329,-1.2526749,9.750494,-18.306072,3.5674872,0.030551238,-22.906479,-13.681132,-5.605098,3.757364,0.19341809,-10.381546,-0.76836824,-6.512442,3.75929,0.071474254,-11.131067,-1.4042134,-2.0188634,3.802072,-0.012460392,-6.636425,2.9812813,-0.6626385,3.543397,-0.0037795869,-5.0745764,3.958167,-5.4701853,3.4440908,-0.014021719,-9.805001,-1.0750316,1.7355725,3.6978772,-0.19111072,-2.9441402,6.364944,-6.875193,3.419747,0.048566684,-11.439908,-2.5939803,0.67416507,3.2474635,0.11607197,-3.5217268,4.680557,-2.7802148,3.2025514,0.0075204074,-7.0175548,1.2792103,-3.1959448,3.0564318,-0.12517685,-7.138069,0.6438885,-2.5285609,2.8245358,0.009186403,-6.284843,0.9695241,-1.9323763,2.8934817,-0.17412938,-5.702381,1.776363,0.23887405151757188,2242.7170094527996,0.039848518,0.03075016,location_G,part1,shopping_mall-helsinki-128-3826-s2.wav
-157.17166,8.376339,0.9965373,-166.87025,-148.28679,10.936465,5.339175,-0.1033769,3.9101455,17.53444,-16.109392,5.0624027,-0.21436204,-22.131351,-10.199992,11.579651,4.8963575,0.23141812,5.3529296,17.723076,-11.0561695,4.548741,-0.485663,-16.675804,-5.336486,6.0575256,4.124528,0.038819827,0.85935235,11.438053,-3.1965804,3.703845,-0.13326035,-7.9636536,1.5525546,-0.9160929,3.6142828,0.024469536,-5.562193,3.526813,-1.1671873,3.6101677,0.04204381,-5.7212434,3.477938,-2.6745355,3.3174558,0.08441138,-6.8752136,1.6394496,0.64123946,3.689853,0.09469924,-4.04095,5.6116467,0.9804033,3.7252107,0.04970456,-3.6114016,5.6710033,-2.3218198,3.6516652,0.17973948,-6.9661994,2.3378825,-0.90375215,4.011149,-0.37741822,-5.533285,3.844769,-0.81891465,3.7095692,-0.10160173,-5.622198,3.822538,-0.2699012,3.1923237,0.16120431,-4.1491127,3.803832,1.0817425,3.412333,-0.036319226,-3.278632,5.447605,0.03450365,3.3969662,-0.0108043095,-4.2323976,4.364354,0.0029464706,3.084724,-0.027519269,-3.9478629,4.10163,0.59549934,3.0212717,-0.19473055,-3.1970909,4.3915224,0.3474550094848243,2934.0975968515004,0.15311341,0.09421031,location_G,part1,shopping_mall-helsinki-128-3827-a.wav
-174.26878,13.874974,1.8538547,-189.2806,-157.36963,21.388842,6.509981,-0.13263774,12.672495,29.491322,-8.003455,5.15857,-0.3679332,-14.252305,-1.8577719,11.947199,5.7801795,0.2544344,4.582467,18.958904,-12.968286,5.2621126,-0.26660892,-20.131226,-6.722989,7.1849194,4.2780046,-0.20097472,1.8147805,12.407595,-3.61361,4.3826504,0.06658497,-9.261642,2.0674393,0.64336115,4.115052,0.26210007,-4.5508714,6.1073503,0.46602574,4.1570644,0.16703154,-4.707794,5.5436015,-1.1886855,3.5904837,0.02118051,-5.794381,3.4758754,1.2308581,4.453809,-0.25178605,-4.5278726,6.839354,-2.4763703,3.8138487,0.07636293,-7.495061,2.0127614,1.5319908,4.0177765,0.18375766,-3.4587512,6.954326,1.320285,3.956537,0.05604298,-3.64294,6.525671,1.021573,3.8767748,0.32917133,-3.7530465,6.021409,1.210057,3.4163122,0.12142121,-3.2018228,5.6483364,-0.24188982,3.2680283,0.15605299,-4.47404,4.069625,0.82798773,3.456983,-0.1993283,-3.6985157,5.026465,-0.28440517,3.0377254,0.029706804,-4.082575,3.665263,0.7961066,2.9759405,-0.26574478,-2.881042,4.4245133,0.3131396016373802,2762.023119118468,0.14849646,0.04357279,location_G,part1,shopping_mall-helsinki-128-3828-a.wav
-147.81538,12.133875,-0.3101706,-160.60709,-134.51535,22.777817,6.644055,-0.20840925,14.231922,31.127127,-7.843917,5.319633,-0.25071597,-14.189306,-1.3016315,14.965533,5.9634776,0.32433033,7.5446587,22.395016,-11.152855,5.2964168,-0.22864096,-18.189411,-4.666975,9.709885,4.433727,-0.24432358,4.2360797,15.027124,-10.008348,4.4745307,0.089816704,-15.796279,-4.2947683,-6.860134,4.060426,0.14573778,-11.782526,-1.7096158,-3.4497461,4.262138,0.23957215,-8.69796,1.8805046,-2.1727924,3.5991826,-0.009143864,-6.837525,2.388284,-2.3905797,4.503173,-0.2436998,-8.193392,3.2454534,-2.2636914,3.9427993,0.23280154,-7.1595173,2.4064207,-1.2398918,3.9456599,0.14547843,-6.2653427,3.90589,-1.6035765,4.069002,0.13981694,-6.5875463,3.5987897,-1.9691819,3.8962798,0.2461097,-6.7288194,3.119752,0.047939867,3.3518472,0.12639357,-4.3727174,4.2932057,-1.0595617,3.3523283,0.15430708,-5.2109222,3.5041163,0.93668926,3.584277,-0.31858912,-3.7960608,5.3365297,-1.9065973,3.1572762,0.0126291085,-5.840598,2.1315105,-0.502975,2.954738,-0.11989987,-4.2207923,3.2435014,0.3035892571884984,2704.3569946905973,0.107673965,0.07423069,location_G,part1,shopping_mall-helsinki-128-3828-s4.wav
-146.39389,9.902482,1.1106939,-157.1019,-133.59602,18.875372,6.279079,0.089108564,10.873272,26.821117,-11.740567,4.047025,0.20102312,-16.928102,-6.5470905,11.382816,3.8606362,-0.27793333,6.3320074,16.226208,-11.444516,4.1760745,-0.37261817,-16.68107,-6.127017,3.5303338,3.9700959,-0.26372123,-1.1781123,8.564756,-1.74404,3.4001286,-0.011067601,-6.074401,2.7342713,0.71521276,3.2947032,-0.06526759,-3.5029564,5.0248423,-0.4028972,3.3722188,0.022272177,-4.6794744,3.952651,-1.3164521,3.3698528,-0.004875405,-5.622298,2.8914397,0.6283418,3.3528423,0.25074443,-3.575203,5.1050534,-0.6136132,3.1254997,-0.014045918,-4.454023,3.4179976,0.07566679,3.1124425,-0.020709395,-3.9502244,4.1113563,-1.0012052,3.0710175,-0.043938857,-4.7772813,3.0998085,0.30037957,3.081376,-0.048595935,-3.5607052,4.281417,0.9573174,2.9359756,0.12819918,-2.6565573,4.7136583,-0.24639942,2.871532,0.09285543,-3.7153482,3.6393611,1.1787883,2.6966817,-0.03591584,-2.2443907,4.7150183,0.7732822,2.5961907,0.058180425,-2.5832605,4.2070503,1.6715906,2.5660148,-0.09884644,-1.6256301,4.990441,0.3118791184105431,2774.9421435782656,0.1773819,0.106464036,location_G,part1,shopping_mall-helsinki-128-3829-a.wav
-140.8931,9.5203705,0.7199396,-151.74068,-128.06682,25.121153,5.672013,-0.09467807,18.082241,32.393463,-16.20796,4.9925947,-0.40258968,-22.53196,-9.923762,10.320401,4.7631536,0.15278804,4.4740415,15.957902,-10.562723,3.7546883,-0.02417108,-15.208352,-5.7085404,6.4350305,3.5855834,0.10222802,1.6598501,10.941411,-3.7512848,3.9299374,0.13670394,-8.800226,1.3843879,0.13904963,4.1405334,0.02326908,-4.959749,5.7668557,1.6850033,3.9214277,-0.20248897,-3.517371,6.3595476,-3.0170043,4.008925,-0.21768919,-8.138945,1.9332387,1.1771487,3.7441218,-0.09598291,-3.6314378,5.8818326,-0.96738625,4.2186146,-0.12989947,-6.1872616,4.4173255,2.3331397,3.5215695,0.28082266,-2.0669374,6.8395786,-0.58705807,3.2481258,0.052723415,-4.613263,3.5477881,1.4351856,3.5578494,0.20816645,-3.0155926,6.168441,1.129807,3.0155904,0.0032502061,-2.6458662,5.074357,0.36998445,3.1274478,0.1695021,-3.6413286,4.531928,0.10753398,3.258243,-0.15252888,-3.8517518,4.224596,-0.66988933,2.9718258,0.001048834,-4.5177827,3.0088212,0.12892333,2.9998202,-0.025194852,-3.8184032,4.093565,0.2806743585263578,2578.6279924245923,0.13616839,0.109384924,location_G,part1,shopping_mall-helsinki-128-3830-a.wav
-155.82193,15.255234,0.7347782,-172.23367,-131.87935,26.120825,7.5844903,-0.7420143,17.597546,34.40281,-11.800793,5.88539,-0.0036601264,-19.266842,-4.904461,10.954185,4.6297603,-0.33288345,5.4282093,16.432869,-10.645159,4.305776,-0.009162114,-16.143398,-5.1281085,4.9237356,3.7350423,-0.21312636,-0.0112121105,9.5585785,-2.9806025,4.5653033,-0.6208003,-8.273123,2.0751252,-1.162927,4.136496,-0.271391,-6.3577394,3.8270519,-1.7122213,4.908768,-0.33511245,-8.813498,4.004843,-1.4771671,3.9651625,-0.25525442,-6.7382927,3.4225674,1.9478737,3.647614,0.08401309,-2.6825538,6.7582297,-1.2103783,3.6739051,-0.13496168,-5.864834,3.4341478,-0.14913297,3.5417328,-0.04842913,-4.8839917,4.3570805,-0.4036773,3.3478367,-0.14705707,-4.7053695,3.632433,0.005100978,3.4714336,-0.27451807,-4.3370237,4.229398,1.4934055,2.91029,0.0062974864,-2.0252461,5.454651,0.25206798,3.1539352,0.0755906,-3.8024118,4.34074,0.5526323,3.1871116,-0.2958776,-3.4380133,4.551447,-1.264339,3.110111,-0.059840627,-5.2861924,2.5758893,0.72339356,2.9463377,0.22732608,-2.8102598,4.2665234,0.279757076178115,2602.03189989487,0.13627742,0.123043135,location_G,part1,shopping_mall-helsinki-128-3831-a.wav
-118.4621,7.6040635,0.106620334,-128.69922,-109.19572,20.47726,6.615636,-0.07220587,11.925585,29.130339,-12.419255,5.7235436,0.8220378,-18.885311,-5.032707,12.863604,5.4583297,0.15665284,6.270296,20.120861,-11.341601,4.2852545,0.3172493,-16.64573,-5.9012785,3.2628822,4.5490036,0.063797295,-2.3463535,9.119839,-2.4546435,4.0259376,-0.04924945,-7.6845355,2.8024654,-2.3672874,4.1426673,-0.29860032,-7.704652,2.62738,-1.1121993,3.9407196,-0.013042956,-6.0409136,3.9581733,-0.7409526,3.7248008,0.27564436,-5.3582563,4.1306067,2.3960936,3.6996272,0.07421394,-2.4360127,7.267845,-1.7082881,3.9391773,0.26837322,-6.389723,3.4140615,-3.3439813,3.661146,-0.13864993,-7.996694,1.1642216,0.43978637,3.3258188,-0.010154702,-3.9658961,4.6352468,-2.853578,3.4910493,-0.31396005,-7.393445,1.3283017,1.6432585,3.0840473,0.011825672,-2.3292067,5.6695437,0.4707979,3.2531981,-0.0022054408,-3.7711341,4.6959305,2.2088344,3.4662938,0.07289546,-2.0604508,6.526198,2.341234,2.8427658,0.13719904,-1.2275895,5.9814105,1.2338235,3.3585796,0.10407449,-3.0256383,5.4513307,0.30670770517172524,2720.5416075274575,0.13290857,0.19373491,location_G,part1,shopping_mall-helsinki-128-3832-a.wav
-139.22862,7.719378,-0.37905383,-150.25986,-130.13416,29.341658,7.694102,-0.084715225,19.065788,39.99842,-18.324446,6.1960506,0.6941748,-25.460394,-10.51148,0.9005222,5.336925,0.010520149,-5.6447196,7.7967234,-5.3791795,4.449077,0.15552652,-10.9736185,0.20468831,-3.360797,4.5234737,0.16058935,-8.987118,2.4721537,-3.308846,4.217223,0.13885617,-8.72433,2.1250916,-5.3328934,4.043495,-0.6942199,-10.423917,-0.54509145,-2.6438227,3.6906722,-0.08262796,-7.4224167,2.0852947,0.29492146,3.844771,0.12639025,-4.46203,5.013085,-2.553726,3.6517677,0.011003873,-7.3237705,2.2508266,-0.8686811,3.9809985,0.1782027,-5.837202,4.323083,-5.475288,3.5669777,0.00042898118,-10.157034,-0.84686446,-2.3561525,3.28274,-0.036522187,-6.4536867,1.8944246,-4.6047826,3.3951244,-0.05103493,-8.835782,-0.21458912,-1.0374074,3.1890588,-0.015674677,-5.0226493,3.022037,-0.7484553,3.233509,0.22195563,-4.80899,3.3523846,-1.469259,3.4515927,-0.043546572,-6.020073,3.052369,2.2351737,3.0266285,0.03157714,-1.5704932,6.0430923,-0.19386604,3.1666243,0.15952043,-4.16125,3.7494454,0.23779452875399362,2438.1776366429685,0.10633712,0.20445986,location_G,part1,shopping_mall-helsinki-128-3832-b.wav
-128.75957,7.241287,1.3014201,-136.34752,-121.23766,25.497637,4.673888,-0.06501574,19.282377,31.461786,-12.114171,4.354053,0.15521257,-17.6906,-6.4976215,11.449896,4.0249457,0.0074140565,6.2735105,16.533821,-12.164964,4.027079,0.0066640982,-17.437187,-6.8681545,6.359012,4.3718743,0.1946908,0.83186173,12.09629,-3.3321905,3.6607583,0.00088081154,-7.8351107,1.3462725,-5.004069,3.7933204,0.1115172,-9.8115015,-0.08520383,2.3357322,4.589603,0.08251289,-3.5522704,8.50293,-4.391713,3.8534853,0.3021169,-9.092449,0.6487279,2.9141014,3.7041297,0.05661732,-2.1577554,7.6639833,-1.2463284,3.7122538,-0.21879566,-6.081359,3.4353476,-2.5031536,3.8096483,-0.09122819,-7.4279075,2.4945164,0.4542293,3.6934273,0.074274234,-4.3517704,5.412677,-1.3658427,3.532532,0.118751965,-5.8208466,3.239533,0.82280713,3.3932874,0.15800348,-3.3322225,5.215548,1.1397233,3.3345404,0.4364027,-2.9586115,5.3793306,1.2439706,3.8263211,0.2644538,-3.542927,6.175664,0.20040974,2.8829894,0.046469472,-3.431944,4.084152,0.12328096,2.9671469,0.14133972,-3.635796,3.9225664,0.2999918879792332,2614.088102115642,0.11189211,0.15397893,location_G,part1,shopping_mall-helsinki-128-3833-a.wav
-167.8174,11.446558,0.6449085,-180.58202,-148.21034,20.622381,6.2133555,-0.7383106,12.293829,27.529076,-20.45149,7.42092,-0.9404501,-32.458046,-12.494389,12.377052,4.7586493,-0.23737879,6.3650107,17.944933,-7.920975,5.789673,-0.06238282,-14.314077,-0.985031,5.2399087,4.102164,-0.01485014,-0.19087744,10.720123,-2.956819,4.24064,-0.035816584,-8.362021,2.2920923,0.57627773,3.9445837,0.2294818,-4.3405647,5.4895487,0.54767144,3.6917775,-0.15718201,-4.2221336,5.285514,-1.6342388,4.62447,0.03700054,-7.0585375,3.8499494,1.1782563,4.225929,0.3183578,-3.8498445,6.5092516,-1.4436392,4.2224317,-0.13214613,-6.798008,3.937795,2.0238621,3.9124007,0.067296214,-2.7240217,7.0914183,-1.5995094,3.1793458,-0.011769514,-5.541683,2.6026778,0.9190441,3.6978176,-0.123595916,-3.9342728,5.478921,0.5473206,3.42956,0.007432506,-3.918145,5.0227995,-0.37181282,4.183329,0.35846,-5.2343283,4.758232,0.2195778,4.275422,0.23317613,-5.049463,5.570382,-0.24179381,3.557444,0.44594777,-4.565894,4.158184,0.4899963,3.5711586,0.025448931,-3.732194,4.8841953,0.29056790385383385,2619.7313503946643,0.12339283,0.12289151,location_G,part1,shopping_mall-helsinki-128-3834-a.wav
-112.14348,8.143672,0.24790178,-121.88239,-101.64913,5.364191,6.770152,-0.014097311,-3.4267342,13.620625,-16.293118,4.062073,-0.12087754,-21.764824,-11.283893,10.836404,4.221925,-0.16774113,5.29703,16.201054,-10.943853,4.0321517,0.016166544,-15.9674,-5.7913876,5.881678,3.8276165,0.08238148,1.0885508,10.605907,-3.2216508,3.4834304,-0.099135175,-7.6317806,1.0567856,-1.3340117,3.573992,0.14988658,-5.779032,3.191946,-1.0846661,3.4869285,0.09086864,-5.523632,3.514629,-3.183048,3.4815657,-0.093323335,-7.5505724,1.348535,0.5354405,3.3735728,0.014828311,-3.7992,4.806768,0.40250582,3.526464,0.14754342,-4.1703644,4.9152656,-0.9058755,3.2495265,0.047358915,-4.9336696,3.3496845,-1.7653751,3.6122599,0.061153278,-6.2032204,2.7841063,0.83181864,3.2367752,0.19031236,-3.3139265,5.0295873,-0.067943916,2.8911333,-0.1204489,-3.8094096,3.5347483,0.75161576,2.9758646,-0.10780856,-3.1887574,4.5307465,-0.2547785,2.8522255,0.059193615,-3.8408844,3.4133654,-0.04172586,2.7962313,-0.03250864,-3.5848212,3.5301464,1.0679541,2.8276203,-0.12536049,-2.6528473,4.5550504,0.3669425793730032,3080.9505745927054,0.18280394,0.11309445,location_G,part1,shopping_mall-helsinki-128-3835-a.wav
-121.602325,5.7064524,-0.041244574,-128.72508,-114.55051,18.041264,4.509773,-0.15426819,12.320572,23.757515,-16.951744,4.0799165,-0.13648392,-22.442877,-11.742215,9.624733,3.9869628,-0.07159187,4.5430207,14.75598,-9.174181,3.8039608,-0.09339578,-14.075966,-4.5231724,7.138468,3.8124275,0.027644496,2.258936,12.09164,-3.9018965,3.3892705,-0.0023211772,-8.105756,0.36412036,-1.5619622,3.3102036,-0.14504369,-5.7233005,2.6602526,-1.2371726,3.351495,-0.07415821,-5.6349144,3.0158975,-0.75974524,3.140572,0.019680245,-4.5820704,3.300239,0.8400502,3.2435741,-0.012196798,-3.1543603,4.976487,0.22034793,3.2801588,0.04704172,-3.8671246,4.4105535,-1.6197039,3.1698277,-0.050049026,-5.6803136,2.360218,-1.1225929,3.1482904,-0.06636412,-5.1171846,2.9234076,-0.59364855,2.8962104,0.04982637,-4.159287,3.2784967,0.9973288,2.90359,0.023430139,-2.5921738,4.7527957,0.028112344,2.7712338,0.12525998,-3.4092722,3.6741154,-0.31939155,2.7101367,-0.02877205,-3.730136,3.0650072,-0.3457916,2.6565316,0.1166601,-3.79275,3.0764484,0.8092807,2.739264,-0.027357506,-2.6062295,4.3092947,0.31189939846246006,2738.665695657565,0.15703098,0.16699195,location_G,part1,shopping_mall-helsinki-128-3836-a.wav
-130.6267,6.2035446,0.28686258,-138.11365,-122.47692,30.057537,5.22023,-0.59501386,23.338776,36.124535,-21.617586,5.7957945,0.10819574,-28.791662,-14.922452,11.369104,4.745921,-0.3825103,5.437664,17.136833,-11.497635,3.6750073,0.1181936,-16.093437,-6.8073015,4.306976,3.6448011,-0.0039784582,-0.5008426,9.173754,-1.1122377,3.6445117,0.002304902,-5.779948,3.588575,0.39423516,3.547443,-0.09788156,-4.342435,4.8595953,-0.7368852,3.3785925,0.019830322,-5.15,3.5185533,-1.3286942,3.5804946,-0.09094693,-5.822981,3.26862,4.0310607,3.422386,0.1371201,-0.18596497,8.287655,1.2275395,3.3656213,0.124071024,-3.2410946,5.582651,-0.21294935,3.332187,0.0026383335,-4.357665,4.221352,0.30406964,3.106738,-0.07002225,-3.675938,4.448294,0.44847998,3.0842323,0.07090681,-3.4805756,4.273385,-0.021988388,3.295209,-0.009550694,-4.1990075,4.1368713,-0.043696772,2.9548488,-0.010775591,-3.8175995,3.7217555,1.3398045,2.8597553,0.027739398,-2.476129,5.045137,-2.0873692,3.0288389,0.16055952,-5.984294,1.7920142,1.7344114,2.7260652,-0.05049917,-1.6917852,5.157644,0.25932570387380194,2380.128178229987,0.095617265,0.135223,location_G,part1,shopping_mall-helsinki-128-3837-a.wav
-135.5941,5.7448115,0.29392737,-142.49481,-128.10217,17.262316,4.7007136,-0.3039368,11.471216,23.21009,-13.944405,4.1152387,-0.22344679,-19.025759,-8.973649,12.669217,4.5410194,-0.29833564,6.7426853,18.386402,-12.542559,4.018279,-0.2822998,-17.736938,-7.7711945,4.463721,3.5299473,0.1948473,0.11603999,8.965658,-1.9880943,3.5834968,0.019491337,-6.4243526,2.6258855,0.3812187,3.5976694,0.04916269,-4.1051693,4.8946943,-0.45663965,3.2833416,0.042873662,-4.666465,3.7979496,-1.0577594,3.3872268,0.08917364,-5.227743,3.6670089,0.5787383,3.2069266,0.028133348,-3.5226161,4.753368,-0.84771305,3.108878,0.04086421,-4.901387,3.008595,-1.04562,3.2879012,-0.059074987,-5.2033777,3.1600213,-1.8466071,3.0228646,0.029686714,-5.71443,2.0758855,-0.92242134,3.1813197,-0.24870922,-4.903881,3.0474367,0.6016911,3.0625942,0.10950751,-3.3445837,4.571182,-0.1539699,3.0584614,0.11706253,-3.8394465,3.7751896,1.4150803,2.8651161,0.18134113,-2.131108,5.031077,0.5077352,2.9430244,0.5740879,-3.142017,3.8774612,1.5839062,2.5833182,-0.034540456,-1.6044408,4.7995925,0.32158858326677314,2791.3486207926017,0.16238162,0.14336622,location_G,part1,shopping_mall-helsinki-128-3838-a.wav
-127.67219,8.075844,0.5329693,-137.41508,-117.464516,15.978888,5.2789054,-1.2991328,10.06918,21.755299,-14.22681,4.7254796,0.37043187,-19.241882,-9.059432,13.304883,4.546051,0.10518933,7.654285,19.154974,-10.685955,4.467447,-0.58307874,-15.768066,-5.6932526,5.5405126,3.809178,0.41641945,1.126925,10.138329,-2.5470922,3.5013092,-0.078966,-6.973174,1.9885567,0.42219225,3.459595,0.0858959,-3.803228,4.7981834,0.08594555,3.409876,0.009320015,-4.234663,4.467978,-1.2121125,3.1801057,0.15892377,-5.227026,3.0372639,0.79801786,3.4056334,0.029440232,-3.7342305,5.0586405,-1.06875,3.3630009,-0.027424887,-5.2073545,3.1474426,-0.9388341,3.1134706,-0.16133079,-5.0887985,3.0458257,-1.2228866,2.9806912,0.09427049,-4.9126024,2.6190424,0.020168994,3.0344894,0.041909445,-3.9081979,4.061447,1.2768372,2.8966134,-0.05194046,-2.4668899,4.9313293,0.02177603,2.818771,0.07150672,-3.6420865,3.8264453,1.3617667,2.7462795,0.014672087,-2.1248677,4.95714,-0.07082104,2.6270716,-0.07737512,-3.3976867,3.253396,1.5521227,2.6506526,-0.037975118,-1.8642397,4.8682175,0.33034020567092653,2832.1656267190365,0.17002116,0.116573274,location_G,part1,shopping_mall-helsinki-128-3839-a.wav
